Cena;Powierzchnia;Liczba pokoi;Rynek;Piętro;Liczba pięter;Rok budowy;Rodzaj zabudowy_apartamentowiec;Rodzaj zabudowy_blok;Rodzaj zabudowy_dom wolnostojący;Rodzaj zabudowy_kamienica;Rodzaj zabudowy_szeregowiec;Ogrzewanie_elektryczne;Ogrzewanie_gazowe;Ogrzewanie_inne;Ogrzewanie_kotłownia;Ogrzewanie_miejskie;Ogrzewanie_piece kaflowe;Stan wykończenia_do remontu;Stan wykończenia_do wykończenia;Forma własności_pełna własność;Forma własności_spółdzielcze wł z KW;Forma własności_spółdzielcze własnościowe;API_Google_Distance
489000.0;69.63;4;1;0;4;2023;1;0;0;0;0;0;0;0;0;1;0;0;1;1;0;0;14.8
542000.0;70.1;4;0;2;4;1986;0;1;0;0;0;0;0;0;0;1;0;0;0;0;1;0;27.1
270000.0;48.0;3;0;1;4;1980;0;1;0;0;0;0;0;0;0;1;0;1;0;0;1;0;22.2
367000.0;45.98;2;1;0;2;2023;1;0;0;0;0;0;1;0;0;0;0;0;1;1;0;0;36.9
285000.0;34.38;2;1;0;2;2023;1;0;0;0;0;0;1;0;0;0;0;0;1;1;0;0;36.9
549480.0;61.74;3;0;2;17;2020;1;0;0;0;0;0;0;0;0;1;0;0;1;1;0;0;26.8
353255.6;50.42;3;1;3;7;2022;1;0;0;0;0;0;0;0;0;1;0;0;1;1;0;0;5.6
270965.76;37.76;2;1;3;7;2022;1;0;0;0;0;0;0;0;0;1;0;0;1;1;0;0;5.6
269000.0;48.0;3;0;0;4;1978;0;1;0;0;0;0;0;0;0;1;0;0;0;1;0;0;21.5
346849.44;48.99;3;1;3;7;2022;1;0;0;0;0;0;0;0;0;1;0;0;1;1;0;0;5.6
391039.0;56.58;4;1;3;7;2022;1;0;0;0;0;0;0;0;0;1;0;0;1;1;0;0;5.6
339203.04;47.91;3;1;3;7;2022;1;0;0;0;0;0;0;0;0;1;0;0;1;1;0;0;5.6
179000.0;46.61;3;0;0;2;1964;0;0;0;1;0;0;0;1;0;0;0;1;0;1;0;0;22.1
350860.65;50.42;3;1;2;7;2022;1;0;0;0;0;0;0;0;0;1;0;0;1;1;0;0;5.6
389586.45;56.76;4;1;2;7;2022;1;0;0;0;0;0;0;0;0;1;0;0;1;1;0;0;5.6
340841.0;48.47;3;1;2;7;2022;1;0;0;0;0;0;0;0;0;1;0;0;1;1;0;0;5.6
247804.0;33.2;1;1;2;7;2022;1;0;0;0;0;0;0;0;0;1;0;0;1;1;0;0;5.6
343471.0;50.39;3;1;1;7;2022;1;0;0;0;0;0;0;0;0;1;0;0;1;1;0;0;5.6
327988.0;50.39;3;1;1;7;2022;1;0;0;0;0;0;0;0;0;1;0;0;1;1;0;0;5.6
419000.0;64.0;4;0;4;4;1980;0;1;0;0;0;0;0;0;0;1;0;0;0;1;0;0;1.2
270000.0;48.4;2;0;3;3;1985;0;1;0;0;0;0;0;0;0;1;0;0;0;0;0;1;4.8
199000.0;38.0;1;0;4;4;1976;0;1;0;0;0;0;0;0;0;1;0;0;0;1;0;0;21.5
256000.0;42.0;2;0;4;4;1970;0;1;0;0;0;0;0;0;0;1;0;0;0;0;0;1;33.0
409000.0;54.23;3;1;4;4;2022;1;0;0;0;0;0;0;0;0;1;0;0;1;1;0;0;2.1
366000.0;50.39;3;1;2;7;2022;1;0;0;0;0;0;0;0;0;1;0;0;1;1;0;0;2.1
392147.0;80.03;4;1;1;2;2022;0;0;0;0;1;0;1;0;0;0;0;0;1;1;0;0;25.7
322000.0;44.6;3;1;1;7;2022;1;0;0;0;0;0;0;0;0;1;0;0;1;1;0;0;2.1
336226.0;54.23;3;1;0;2;2022;0;0;0;0;1;0;1;0;0;0;0;0;1;1;0;0;25.7
259000.0;33.2;2;1;2;7;2022;1;0;0;0;0;0;0;0;0;1;0;0;1;1;0;0;2.1
205000.0;25.2;1;1;1;7;2022;1;0;0;0;0;0;0;0;0;1;0;0;1;1;0;0;2.1
310000.0;69.0;4;0;9;10;1980;0;1;0;0;0;0;0;0;0;1;0;0;0;1;0;0;24.1
310000.0;68.0;3;0;9;10;1980;0;1;0;0;0;0;0;0;0;1;0;0;0;1;0;0;28.1
415700.0;51.91;3;1;1;2;2021;1;0;0;0;0;0;1;0;0;0;0;0;1;1;0;0;36.9
325000.0;39.25;2;1;0;2;2023;1;0;0;0;0;0;1;0;0;0;0;0;1;1;0;0;36.9
367000.0;45.98;2;1;0;2;2023;1;0;0;0;0;0;1;0;0;0;0;0;1;1;0;0;36.9
578000.0;76.05;4;1;0;2;2022;1;0;0;0;0;0;1;0;0;0;0;0;1;1;0;0;36.9
337443.36;48.99;3;1;1;7;2022;1;0;0;0;0;0;0;0;0;1;0;0;1;1;0;0;5.6
380288.8;56.58;4;1;1;7;2022;1;0;0;0;0;0;0;0;0;1;0;0;1;1;0;0;5.6
330004.32;47.91;3;1;1;7;2022;1;0;0;0;0;0;0;0;0;1;0;0;1;1;0;0;5.6
307204.8;44.6;3;1;1;7;2022;1;0;0;0;0;0;0;0;0;1;0;0;1;1;0;0;5.6
188689.0;25.28;1;1;1;7;2022;1;0;0;0;0;0;0;0;0;1;0;0;1;1;0;0;5.6
400150.0;80.03;4;1;1;2;2022;0;0;0;0;1;0;1;0;0;0;0;0;1;1;0;0;25.7
292842.0;54.23;3;1;0;2;2022;0;0;0;0;1;0;1;0;0;0;0;0;1;1;0;0;25.7
384144.0;80.03;4;1;1;2;2022;0;0;0;0;1;0;1;0;0;0;0;0;1;1;0;0;25.7
69900.0;35.0;2;0;1;2;1930;0;0;0;1;0;1;0;0;0;0;0;1;0;1;0;0;23.1
265000.0;62.8;3;0;4;4;1987;0;1;0;0;0;0;0;0;0;1;0;0;0;0;0;1;50.4
349000.0;65.65;3;0;3;4;1930;0;0;0;1;0;0;1;0;0;0;0;1;0;1;0;0;13.4
315000.0;48.0;3;0;9;10;1978;0;1;0;0;0;0;0;0;0;1;0;0;0;0;0;1;24.4
220000.0;32.0;2;0;1;4;2006;0;1;0;0;0;0;0;0;0;1;0;0;0;1;0;0;33.0
380000.0;77.8;4;0;3;4;1950;0;1;0;0;0;0;1;0;0;0;0;1;0;1;0;0;3.6
289000.0;51.7;2;0;0;2;1964;0;1;0;0;0;0;0;0;0;1;0;0;0;1;0;0;21.8
289000.0;46.8;3;0;4;4;1970;0;1;0;0;0;0;0;0;0;1;0;1;0;1;0;0;3.9
270000.0;48.0;3;0;1;4;1978;0;1;0;0;0;0;0;0;0;1;0;0;0;1;0;0;24.4
204900.0;45.9;2;0;3;3;1962;0;1;0;0;0;0;0;0;0;1;0;0;0;1;0;0;21.3
225000.0;47.62;3;0;8;10;1978;0;1;0;0;0;0;0;0;0;1;0;0;0;0;1;0;24.4
280000.0;47.5;2;0;0;4;1980;0;1;0;0;0;0;0;0;0;1;0;1;0;0;0;1;23.5
257000.0;49.0;2;0;5;10;1980;0;1;0;0;0;0;0;0;0;1;0;0;0;0;1;0;23.5
220000.0;40.0;2;0;2;10;1980;0;1;0;0;0;0;0;0;0;1;0;1;0;0;1;0;21.5
329000.0;62.0;3;0;4;4;1980;0;1;0;0;0;0;0;0;0;1;0;0;0;1;0;0;21.3
150000.0;28.82;1;0;2;4;1978;0;1;0;0;0;0;0;0;0;1;0;0;0;0;0;1;33.7
185900.0;47.0;2;0;7;10;1984;0;1;0;0;0;0;0;0;0;1;0;0;0;0;0;1;21.8
239000.0;49.0;3;0;3;4;1978;0;1;0;0;0;0;0;0;0;1;0;0;0;0;1;0;33.7
206892.0;48.0;3;0;1;3;1962;0;1;0;0;0;0;0;0;0;1;0;1;0;1;0;0;21.3
210999.0;47.0;2;0;0;4;1974;0;1;0;0;0;0;0;0;0;1;0;0;0;0;0;1;21.8
349000.0;77.4;3;0;1;3;1910;0;0;0;1;0;0;0;1;0;0;0;0;0;1;0;0;2.1
315000.0;58.75;3;0;0;3;1981;0;1;0;0;0;0;0;0;0;1;0;0;0;1;0;0;3.6
259000.0;47.0;3;0;2;4;1970;0;1;0;0;0;0;0;0;0;1;0;0;0;1;0;0;22.0
200000.0;60.0;2;0;2;2;1930;0;0;1;0;0;0;0;1;0;0;0;1;0;1;0;0;7.2
320000.0;48.09;2;0;5;7;1970;0;1;0;0;0;0;0;0;0;1;0;0;0;1;0;0;22.5
260000.0;48.0;2;0;1;4;1985;0;1;0;0;0;0;0;0;0;1;0;0;0;1;0;0;26.3
319900.0;48.0;3;0;9;10;1980;0;1;0;0;0;0;0;0;0;1;0;0;0;0;0;1;24.6
316800.0;99.0;3;0;1;4;1900;0;0;0;1;0;0;0;0;0;1;0;1;0;1;0;0;5.0
119196.0;18.92;1;0;3;4;1900;0;0;0;1;0;0;0;0;0;1;0;0;0;1;0;0;9.2
434000.0;63.0;3;1;1;3;2021;0;1;0;0;0;0;0;0;0;1;0;0;1;1;0;0;28.5
311876.0;56.18;2;0;2;2;1945;0;1;0;0;0;0;0;0;0;1;0;0;1;1;0;0;3.7
480000.0;108.73;4;1;1;1;2021;1;0;0;0;0;0;1;0;0;0;0;0;1;1;0;0;17.6
400000.0;51.0;2;0;3;4;2018;0;1;0;0;0;0;0;0;0;1;0;0;0;1;0;0;13.0
199900.0;37.4;2;0;3;10;1980;0;1;0;0;0;0;0;0;0;1;0;0;0;1;0;0;22.5
280000.0;65.76;3;0;2;2;1950;0;0;0;1;0;0;0;0;0;1;0;0;0;1;0;0;34.2
530000.0;89.0;5;0;3;4;1930;0;0;0;1;0;0;1;0;0;0;0;0;0;1;0;0;2.1
595000.0;88.11;4;0;1;2;2014;1;0;0;0;0;0;1;0;0;0;0;0;1;1;0;0;38.6
288000.0;46.64;3;0;4;4;1975;0;1;0;0;0;0;0;0;0;1;0;0;0;1;0;0;23.8
149900.0;35.13;2;0;2;2;1960;0;1;0;0;0;0;0;0;0;1;0;0;0;1;0;0;37.0
289000.0;61.0;3;0;4;4;1980;0;1;0;0;0;0;0;0;0;1;0;0;0;1;0;0;22.9
415700.0;51.91;3;1;1;2;2021;1;0;0;0;0;0;1;0;0;0;0;0;1;1;0;0;36.9
325000.0;39.25;2;1;0;2;2023;1;0;0;0;0;0;1;0;0;0;0;0;1;1;0;0;36.9
578000.0;76.05;4;1;0;2;2022;1;0;0;0;0;0;1;0;0;0;0;0;1;1;0;0;36.9
405000.0;51.1;2;0;2;3;2014;1;0;0;0;0;0;1;0;0;0;0;0;0;1;0;0;34.6
299000.0;59.8;3;0;2;4;1980;0;1;0;0;0;0;0;0;0;1;0;0;0;1;0;0;20.4
650000.0;137.8;4;0;2;3;1945;0;0;0;1;0;0;1;0;0;0;0;0;0;1;0;0;24.6
599000.0;68.0;3;0;0;4;2019;1;0;0;0;0;0;1;0;0;0;0;0;0;1;0;0;26.3
269000.0;58.75;3;0;7;10;1980;0;1;0;0;0;0;0;0;0;1;0;0;0;0;0;1;20.1
549000.0;87.39;4;1;0;3;2023;1;0;0;0;0;0;0;0;0;1;0;0;1;1;0;0;1.2
272000.0;35.99;2;1;0;3;2023;1;0;0;0;0;0;0;0;0;1;0;0;1;1;0;0;1.2
274000.0;60.02;3;0;4;4;1980;0;1;0;0;0;0;0;0;0;1;0;0;0;1;0;0;21.4
479000.0;76.5;4;1;1;3;2023;1;0;0;0;0;0;0;0;0;1;0;0;1;1;0;0;1.2
433000.0;66.93;4;1;1;3;2023;1;0;0;0;0;0;0;0;0;1;0;0;1;1;0;0;1.2
539000.0;80.95;3;1;1;1;2021;0;0;0;0;1;0;1;0;0;0;0;0;1;1;0;0;31.7
340800.0;48.0;3;1;5;7;2022;1;0;0;0;0;0;0;0;0;1;0;0;1;1;0;0;1.2
130000.0;37.0;1;0;2;2;1955;0;1;0;0;0;0;0;0;0;1;0;0;0;1;0;0;34.2
329915.0;57.89;3;1;0;1;2021;0;0;0;0;1;0;1;0;0;0;0;0;1;1;0;0;12.0
258000.0;42.71;2;0;3;10;1970;0;1;0;0;0;0;0;0;0;1;0;1;0;0;0;1;34.7
153000.0;85.0;2;0;1;3;1900;0;0;0;1;0;0;0;0;0;1;0;1;0;1;0;0;24.7
172700.0;37.25;2;0;1;2;1980;0;1;0;0;0;0;0;0;0;1;0;0;1;0;1;0;42.8
259000.0;47.94;2;0;5;10;1980;0;1;0;0;0;0;0;0;0;1;0;0;0;1;0;0;23.5
269000.0;50.0;2;0;0;4;1970;0;1;0;0;0;0;0;0;0;1;0;1;0;0;0;1;13.3
319000.0;54.7;3;0;4;13;1978;0;1;0;0;0;0;0;0;0;1;0;0;1;1;0;0;27.5
399000.0;60.01;3;0;0;4;1980;0;1;0;0;0;0;0;0;0;1;0;0;0;0;1;0;28.8
279000.0;53.85;3;0;2;3;1900;0;0;0;1;0;0;1;0;0;0;0;0;0;1;0;0;24.2
247937.0;40.0;2;1;1;5;2023;0;1;0;0;0;0;0;0;0;1;0;0;0;1;0;0;21.5
229000.0;34.0;1;0;2;5;1978;0;1;0;0;0;0;0;0;0;1;0;0;0;0;1;0;25.6
585000.0;56.09;3;1;2;2;2020;1;0;0;0;0;0;1;0;0;0;0;0;0;1;0;0;39.9
550000.0;80.24;3;1;1;1;2021;0;0;0;0;1;0;1;0;0;0;0;0;0;1;0;0;27.5
330000.0;66.46;3;0;2;4;1980;0;1;0;0;0;0;0;0;0;1;0;0;0;0;0;1;7.2
578000.0;76.05;4;1;0;2;2022;1;0;0;0;0;0;1;0;0;0;0;0;1;1;0;0;36.9
325000.0;39.25;2;1;0;2;2023;1;0;0;0;0;0;1;0;0;0;0;0;1;1;0;0;36.9
415700.0;51.91;3;1;1;2;2021;1;0;0;0;0;0;1;0;0;0;0;0;1;1;0;0;36.9
541460.0;95.16;5;1;1;1;2021;0;1;0;0;0;0;1;0;0;0;0;0;1;1;0;0;36.0
425815.0;65.51;3;1;0;1;2021;0;1;0;0;0;0;1;0;0;0;0;0;1;1;0;0;29.9
649000.0;132.7;4;0;2;4;1892;0;0;0;1;0;0;1;0;0;0;0;0;0;1;0;0;12.1
329000.0;50.0;2;0;4;4;1965;0;0;0;1;0;0;1;0;0;0;0;0;0;1;0;0;33.4
346400.0;43.3;2;0;1;6;2023;1;0;0;0;0;0;0;0;0;1;0;0;1;1;0;0;26.3
266430.0;33.2;1;1;1;7;2022;1;0;0;0;0;0;0;0;0;1;0;0;1;1;0;0;5.6
202230.0;25.2;1;1;0;7;2022;1;0;0;0;0;0;0;0;0;1;0;0;1;1;0;0;5.6
285000.0;34.38;2;1;0;2;2023;1;0;0;0;0;0;1;0;0;0;0;0;1;1;0;0;36.9
415700.0;51.91;3;1;1;2;2021;1;0;0;0;0;0;1;0;0;0;0;0;1;1;0;0;36.9
334899.0;45.41;3;1;0;7;2022;1;0;0;0;0;0;0;0;0;1;0;0;1;1;0;0;5.6
320000.0;48.09;2;0;5;7;1970;0;1;0;0;0;0;0;0;0;1;0;0;0;0;0;1;33.7
371700.0;50.4;3;1;0;7;2022;1;0;0;0;0;0;0;0;0;1;0;0;1;1;0;0;5.6
361302.0;48.99;3;1;0;7;2022;1;0;0;0;0;0;0;0;0;1;0;0;1;1;0;0;5.6
410674.0;56.45;4;1;0;7;2022;1;0;0;0;0;0;0;0;0;1;0;0;1;1;0;0;5.6
353263.0;47.9;3;1;0;7;2022;1;0;0;0;0;0;0;0;0;1;0;0;1;1;0;0;5.6
202792.0;25.27;1;1;0;7;2022;1;0;0;0;0;0;0;0;0;1;0;0;1;1;0;0;5.6
428200.0;57.67;4;1;7;7;2022;1;0;0;0;0;0;0;0;0;1;0;0;1;1;0;0;5.6
388994.0;53.84;3;1;3;7;2022;1;0;0;0;0;0;0;0;0;1;0;0;1;1;0;0;5.6
299228.0;40.3;2;1;3;7;2022;1;0;0;0;0;0;0;0;0;1;0;0;1;1;0;0;5.6
392108.0;53.53;3;1;3;7;2022;1;0;0;0;0;0;0;0;0;1;0;0;1;1;0;0;5.6
386302.0;53.84;3;1;2;7;2022;1;0;0;0;0;0;0;0;0;1;0;0;1;1;0;0;5.6
340000.0;51.52;3;0;0;3;1955;0;1;0;0;0;0;0;0;0;1;0;0;0;0;1;0;3.9
297213.0;40.3;2;1;2;7;2022;1;0;0;0;0;0;0;0;0;1;0;0;1;1;0;0;5.6
389431.0;53.53;3;1;2;7;2022;1;0;0;0;0;0;0;0;0;1;0;0;1;1;0;0;5.6
386104.0;54.19;4;1;1;7;2022;1;0;0;0;0;0;0;0;0;1;0;0;1;1;0;0;5.6
383610.0;53.84;3;1;1;7;2022;1;0;0;0;0;0;0;0;0;1;0;0;1;1;0;0;5.6
294905.0;40.26;2;1;1;7;2022;1;0;0;0;0;0;0;0;0;1;0;0;1;1;0;0;5.6
386755.0;53.53;3;1;1;7;2022;1;0;0;0;0;0;0;0;0;1;0;0;1;1;0;0;5.6
285000.0;34.38;2;1;0;2;2023;1;0;0;0;0;0;1;0;0;0;0;0;1;1;0;0;36.9
367000.0;45.98;2;1;0;2;2023;1;0;0;0;0;0;1;0;0;0;0;0;1;1;0;0;36.9
415700.0;51.91;3;1;1;2;2021;1;0;0;0;0;0;1;0;0;0;0;0;1;1;0;0;36.9
299000.0;75.0;2;0;3;3;1975;0;0;0;1;0;1;0;0;0;0;0;0;0;1;0;0;32.7
285675.0;40.0;2;1;1;5;2023;0;1;0;0;0;0;0;0;0;1;0;0;1;1;0;0;21.5
415425.0;56.0;3;1;5;5;2023;0;1;0;0;0;0;0;0;0;1;0;0;1;1;0;0;21.5
419475.0;56.0;3;1;1;5;2023;0;1;0;0;0;0;0;0;0;1;0;0;1;1;0;0;21.5
392544.0;67.68;4;1;3;3;2021;0;1;0;0;0;0;0;0;0;1;0;0;1;1;0;0;38.4
350378.0;60.41;3;1;3;3;2021;0;1;0;0;0;0;0;0;0;1;0;0;1;1;0;0;38.4
201960.0;33.66;2;1;4;3;2021;0;1;0;0;0;0;0;0;0;1;0;0;1;1;0;0;38.4
270000.0;54.39;3;0;4;4;1985;0;1;0;0;0;0;0;0;0;1;0;1;0;1;0;0;14.1
325000.0;44.0;2;0;4;4;1980;0;1;0;0;0;0;0;0;0;1;0;0;0;0;1;0;24.9
272000.0;46.5;3;0;1;4;1972;0;1;0;0;0;0;0;0;0;1;0;0;0;0;0;1;3.9
292842.0;54.23;3;1;0;2;2022;0;0;0;0;1;0;1;0;0;0;0;0;1;1;0;0;25.7
384144.0;80.03;4;1;1;2;2022;0;0;0;0;1;0;1;0;0;0;0;0;1;1;0;0;25.7
336226.0;54.23;3;1;0;2;2022;0;0;0;0;1;0;1;0;0;0;0;0;1;1;0;0;25.7
285000.0;63.0;3;0;6;11;1980;0;1;0;0;0;0;0;0;0;1;0;0;0;1;0;0;22.1
330000.0;53.85;3;0;2;4;1980;0;1;0;0;0;0;0;0;0;1;0;1;0;0;1;0;33.4
590000.0;77.4;3;0;1;2;2010;1;0;0;0;0;0;1;0;0;0;0;0;0;1;0;0;36.0
315000.0;58.75;3;0;0;4;1982;0;1;0;0;0;0;0;0;0;1;0;0;0;1;0;0;3.4
429000.0;67.0;3;1;0;1;2021;0;0;0;0;1;0;1;0;0;0;0;0;1;1;0;0;31.3
280000.0;46.0;2;0;1;3;1960;0;1;0;0;0;0;0;0;0;1;0;0;1;1;0;0;35.5
259950.0;35.35;1;0;0;4;1982;0;1;0;0;0;0;0;0;0;1;0;0;1;1;0;0;34.8
321500.0;63.31;3;0;5;10;1980;0;1;0;0;0;0;0;0;0;1;0;0;0;1;0;0;14.1
515000.0;67.57;3;0;2;4;2011;0;1;0;0;0;0;0;0;0;1;0;0;0;1;0;0;56.2
199000.0;60.26;2;0;2;2;1930;0;0;0;1;0;1;0;0;0;0;0;1;0;1;0;0;7.2
179000.0;38.0;2;0;3;4;1965;0;1;0;0;0;0;0;0;0;1;0;0;0;0;0;1;18.7
529900.0;68.0;3;0;3;3;2015;1;0;0;0;0;0;0;0;0;1;0;0;0;1;0;0;24.6
280000.0;47.5;2;0;0;2;1980;0;1;0;0;0;0;0;0;0;1;0;0;0;0;0;1;21.9
285444.0;35.24;2;1;1;6;2023;1;0;0;0;0;0;0;0;0;1;0;0;1;1;0;0;26.3
415700.0;51.91;3;1;1;2;2021;1;0;0;0;0;0;1;0;0;0;0;0;1;1;0;0;36.9
367000.0;45.98;2;1;0;2;2023;1;0;0;0;0;0;1;0;0;0;0;0;1;1;0;0;36.9
285000.0;34.38;2;1;0;2;2023;1;0;0;0;0;0;1;0;0;0;0;0;1;1;0;0;36.9
314534.0;54.23;3;1;0;2;2022;0;0;0;0;1;0;1;0;0;0;0;0;1;1;0;0;25.7
314534.0;54.23;3;1;0;2;2022;0;0;0;0;1;0;1;0;0;0;0;0;1;1;0;0;25.7
225000.0;58.0;2;0;0;3;1950;0;1;0;0;0;0;0;0;0;1;0;1;0;1;0;0;2.6
310000.0;40.34;2;0;8;10;2020;0;1;0;0;0;0;0;0;0;1;0;0;1;1;0;0;37.6
394000.0;52.29;3;1;4;4;2022;1;0;0;0;0;0;0;0;0;1;0;0;1;1;0;0;2.1
327000.0;44.6;3;1;3;7;2022;1;0;0;0;0;0;0;0;0;1;0;0;1;1;0;0;2.1
392147.0;80.03;4;1;1;2;2022;0;0;0;0;1;0;1;0;0;0;0;0;1;1;0;0;25.7
311000.0;41.87;2;1;1;7;2022;1;0;0;0;0;0;0;0;0;1;0;0;1;1;0;0;2.1
301000.0;39.94;2;1;1;7;2022;1;0;0;0;0;0;0;0;0;1;0;0;1;1;0;0;2.1
300000.0;38.3;2;1;4;4;2022;1;0;0;0;0;0;0;0;0;1;0;0;1;1;0;0;2.1
205000.0;25.2;1;1;2;7;2022;1;0;0;0;0;0;0;0;0;1;0;0;1;1;0;0;2.1
310000.0;52.0;2;0;3;10;1980;0;1;0;0;0;0;0;0;0;1;0;0;0;0;0;1;21.2
314500.0;54.59;3;0;4;10;1979;0;1;0;0;0;0;0;0;0;1;0;0;0;1;0;0;2.4
285000.0;34.38;2;1;0;2;2023;1;0;0;0;0;0;1;0;0;0;0;0;1;1;0;0;36.9
578000.0;76.05;4;1;0;2;2022;1;0;0;0;0;0;1;0;0;0;0;0;1;1;0;0;36.9
147000.0;36.13;2;0;6;10;1966;0;1;0;0;0;0;0;0;0;1;0;1;0;1;0;0;20.4
182000.0;47.4;3;0;0;10;1969;0;1;0;0;0;0;0;0;0;1;0;1;0;1;0;0;22.5
369000.0;49.0;3;0;3;4;1980;0;1;0;0;0;0;0;0;0;1;0;0;0;0;0;1;29.7
292842.0;54.23;3;1;0;2;2022;0;0;0;0;1;0;1;0;0;0;0;0;1;1;0;0;25.7
384144.0;80.03;4;1;1;2;2022;0;0;0;0;1;0;1;0;0;0;0;0;1;1;0;0;25.7
314534.0;54.23;3;1;0;2;2022;0;0;0;0;1;0;1;0;0;0;0;0;1;1;0;0;25.7
354618.0;73.04;4;1;2;3;2021;0;1;0;0;0;0;0;0;0;1;0;0;1;1;0;0;26.8
379500.0;60.0;3;0;2;4;1977;0;1;0;0;0;0;0;0;0;1;0;0;0;1;0;0;24.9
182000.0;43.0;2;0;3;4;1980;0;1;0;0;0;0;0;0;0;1;0;0;1;1;0;0;14.1
410000.0;57.43;3;0;3;3;2015;1;0;0;0;0;0;0;0;0;1;0;0;0;1;0;0;18.3
357000.0;51.2;2;0;8;10;1980;0;1;0;0;0;0;0;0;0;1;0;0;0;1;0;0;29.7
249000.0;45.11;2;0;2;4;1980;0;1;0;0;0;0;0;0;0;1;0;0;0;1;0;0;23.5
300000.0;120.5;5;0;3;4;1910;0;0;0;1;0;0;1;0;0;0;0;0;0;1;0;0;20.4
299000.0;61.13;3;0;3;4;1975;0;1;0;0;0;0;0;0;0;1;0;0;0;0;0;1;28.5
392147.0;80.03;4;1;1;2;2022;0;0;0;0;1;0;1;0;0;0;0;0;1;1;0;0;25.7
450000.0;74.0;3;0;0;3;2011;1;0;0;0;0;0;1;0;0;0;0;0;0;1;0;0;33.7
578000.0;76.05;4;1;0;2;2022;1;0;0;0;0;0;1;0;0;0;0;0;1;1;0;0;36.9
325000.0;39.25;2;1;0;2;2023;1;0;0;0;0;0;1;0;0;0;0;0;1;1;0;0;36.9
578000.0;76.05;4;1;0;2;2022;1;0;0;0;0;0;1;0;0;0;0;0;1;1;0;0;36.9
190000.0;31.0;2;0;0;10;1980;0;1;0;0;0;0;0;0;0;1;0;0;0;0;0;1;13.0
339000.0;66.67;3;0;3;3;1965;1;0;0;0;0;0;1;0;0;0;0;0;0;1;0;0;2.6
225000.0;48.0;2;0;5;5;1960;0;1;0;0;0;0;0;0;0;1;0;1;0;1;0;0;0.0
290000.0;117.0;4;0;3;4;1938;0;0;0;1;0;0;1;0;0;0;0;0;0;0;1;0;27.7
314534.0;54.23;3;1;0;2;2022;0;0;0;0;1;0;1;0;0;0;0;0;1;1;0;0;25.7
330000.0;50.0;2;0;2;3;1965;0;1;0;0;0;0;0;0;0;1;0;1;0;0;0;1;34.7
269900.0;61.9;3;0;3;4;1985;0;1;0;0;0;0;0;0;0;1;0;0;0;0;0;1;21.6
384144.0;80.03;4;1;1;2;2022;0;0;0;0;1;0;1;0;0;0;0;0;1;1;0;0;25.7
459000.0;61.14;3;0;7;9;1980;0;1;0;0;0;0;0;0;0;1;0;0;0;0;0;1;29.7
314534.0;54.23;3;1;0;2;2022;0;0;0;0;1;0;1;0;0;0;0;0;1;1;0;0;25.7
550000.0;129.0;6;0;1;2;1965;0;0;1;0;0;0;1;0;0;0;0;0;1;1;0;0;13.0
312000.0;50.7;2;0;4;4;1980;0;1;0;0;0;0;0;0;0;1;0;0;0;1;0;0;21.6
545000.0;110.13;4;0;7;8;1988;0;1;0;0;0;0;0;0;0;1;0;1;0;1;0;0;36.0
275000.0;75.4;4;0;3;4;1930;0;0;0;1;0;0;0;0;0;1;0;1;0;1;0;0;21.8
235000.0;57.0;4;0;1;3;1970;0;1;0;0;0;0;0;0;0;1;0;1;0;1;0;0;21.2
189000.0;43.0;2;0;8;10;1970;0;1;0;0;0;0;0;0;0;1;0;0;1;1;0;0;24.1
219000.0;40.0;2;0;3;3;1970;0;1;0;0;0;0;0;0;0;1;0;0;0;0;0;1;20.8
285000.0;34.38;2;1;0;2;2023;1;0;0;0;0;0;1;0;0;0;0;0;1;1;0;0;36.9
198000.0;44.0;2;0;4;4;1968;0;1;0;0;0;0;0;0;0;1;0;0;0;0;0;1;13.0
410000.0;81.0;3;0;0;2;1965;0;0;1;0;0;0;1;0;0;0;0;1;0;1;0;0;13.0
260000.0;67.05;3;0;2;3;1970;0;1;0;0;0;0;1;0;0;0;0;0;0;1;0;0;539.0
259000.0;61.0;3;0;1;4;1983;0;1;0;0;0;0;0;0;0;1;0;1;0;1;0;0;38.0
578000.0;76.05;4;1;0;2;2022;1;0;0;0;0;0;1;0;0;0;0;0;1;1;0;0;36.9
367000.0;45.98;2;1;0;2;2023;1;0;0;0;0;0;1;0;0;0;0;0;1;1;0;0;36.9
336226.0;54.23;3;1;0;2;2022;0;0;0;0;1;0;1;0;0;0;0;0;1;1;0;0;25.7
314534.0;54.23;3;1;0;2;2022;0;0;0;0;1;0;1;0;0;0;0;0;1;1;0;0;25.7
384144.0;80.03;4;1;1;2;2022;0;0;0;0;1;0;1;0;0;0;0;0;1;1;0;0;25.7
330000.0;52.9;2;0;11;18;1979;0;1;0;0;0;0;0;0;0;1;0;1;0;1;0;0;27.0
249000.0;45.0;2;0;3;4;1980;0;1;0;0;0;0;0;0;0;1;0;0;0;1;0;0;3.5
542000.0;70.1;4;0;2;4;1986;0;1;0;0;0;0;0;0;0;1;0;0;0;0;0;1;27.1
512000.0;64.0;3;1;1;6;2023;1;0;0;0;0;0;0;0;0;1;0;0;1;1;0;0;26.3
230000.0;33.0;1;0;3;6;1970;0;1;0;0;0;0;0;0;0;1;0;0;0;1;0;0;25.6
137000.0;38.0;2;0;3;4;1978;0;1;0;0;0;0;0;0;0;1;0;1;0;0;0;1;38.4
325000.0;39.25;2;1;0;2;2023;1;0;0;0;0;0;1;0;0;0;0;0;1;1;0;0;36.9
578000.0;76.05;4;1;0;2;2022;1;0;0;0;0;0;1;0;0;0;0;0;1;1;0;0;36.9
415700.0;51.91;3;1;1;2;2021;1;0;0;0;0;0;1;0;0;0;0;0;1;1;0;0;36.9
314534.0;54.23;3;1;0;2;2022;0;0;0;0;1;0;1;0;0;0;0;0;1;1;0;0;25.7
295000.0;55.9;3;0;4;4;1978;0;1;0;0;0;0;0;0;0;1;0;0;0;0;0;1;8.5
437000.0;58.68;4;1;4;4;2022;1;0;0;0;0;0;0;0;0;1;0;0;1;1;0;0;2.1
378000.0;53.53;3;1;2;7;2022;1;0;0;0;0;0;0;0;0;1;0;0;1;1;0;0;2.1
353000.0;50.33;3;1;1;7;2022;1;0;0;0;0;0;0;0;0;1;0;0;1;1;0;0;2.1
415700.0;51.91;3;1;1;2;2021;1;0;0;0;0;0;1;0;0;0;0;0;1;1;0;0;36.9
301000.0;39.94;2;1;2;7;2022;1;0;0;0;0;0;0;0;0;1;0;0;1;1;0;0;2.1
578000.0;76.05;4;1;0;2;2022;1;0;0;0;0;0;1;0;0;0;0;0;1;1;0;0;36.9
284000.0;37.17;2;1;1;7;2022;1;0;0;0;0;0;0;0;0;1;0;0;1;1;0;0;2.1
259000.0;33.2;2;1;6;7;2022;1;0;0;0;0;0;0;0;0;1;0;0;1;1;0;0;2.1
325000.0;39.25;2;1;0;2;2023;1;0;0;0;0;0;1;0;0;0;0;0;1;1;0;0;36.9
205000.0;25.2;1;1;5;7;2022;1;0;0;0;0;0;0;0;0;1;0;0;1;1;0;0;2.1
190000.0;48.9;2;0;3;10;1980;0;1;0;0;0;0;0;0;0;1;0;1;0;0;0;1;37.9
430355.0;70.55;3;1;0;2;2021;1;0;0;0;0;0;1;0;0;0;0;0;1;1;0;0;45.0
209000.0;52.0;2;0;2;4;1980;0;1;0;0;0;0;0;0;0;1;0;1;0;1;0;0;27.0
184000.0;46.0;2;0;3;4;1970;0;1;0;0;0;0;0;0;0;1;0;0;0;0;0;1;26.8
539000.0;80.0;4;1;1;1;2021;1;0;0;0;0;0;1;0;0;0;0;0;0;1;0;0;31.8
400150.0;80.03;4;1;1;2;2022;0;0;0;0;1;0;1;0;0;0;0;0;1;1;0;0;25.7
290000.0;53.12;3;1;4;4;1977;0;1;0;0;0;0;0;0;0;1;0;0;0;1;0;0;24.1
550000.0;92.0;4;1;0;2;2022;1;0;0;0;0;0;1;0;0;0;0;0;1;1;0;0;1.2
384144.0;80.03;4;1;1;2;2022;0;0;0;0;1;0;1;0;0;0;0;0;1;1;0;0;25.7
292842.0;54.23;3;1;0;2;2022;0;0;0;0;1;0;1;0;0;0;0;0;1;1;0;0;25.7
392147.0;80.03;4;1;1;2;2022;0;0;0;0;1;0;1;0;0;0;0;0;1;1;0;0;25.7
315000.0;59.23;3;0;4;4;1988;0;1;0;0;0;0;0;0;0;1;0;0;0;1;0;0;23.5
160000.0;37.0;1;0;2;4;1980;0;1;0;0;0;0;0;0;0;1;0;1;0;1;0;0;15.2
291033.0;38.62;2;1;4;7;2022;1;0;0;0;0;0;0;0;0;1;0;0;1;1;0;0;4.8
276235.0;40.34;2;1;0;7;2022;1;0;0;0;0;0;0;0;0;1;0;0;1;1;0;0;4.8
319174.0;44.58;2;1;4;7;2022;1;0;0;0;0;0;0;0;0;1;0;0;1;1;0;0;4.8
549480.0;61.7;3;0;1;17;2021;1;0;0;0;0;0;0;0;0;1;0;0;1;1;0;0;27.0
259748.0;33.23;1;1;4;7;2022;1;0;0;0;0;0;0;0;0;1;0;0;1;1;0;0;4.8
352055.0;48.57;3;1;2;7;2022;1;0;0;0;0;0;0;0;0;1;0;0;1;1;0;0;4.8
350000.0;47.99;3;1;3;7;2022;1;0;0;0;0;0;0;0;0;1;0;0;1;1;0;0;4.8
363585.0;54.22;4;1;1;7;2022;1;0;0;0;0;0;0;0;0;1;0;0;1;1;0;0;4.8
367110.0;53.55;3;1;2;7;2022;1;0;0;0;0;0;0;0;0;1;0;0;1;1;0;0;4.8
286149.0;37.57;2;1;3;7;2022;1;0;0;0;0;0;0;0;0;1;0;0;1;1;0;0;4.8
365000.0;77.4;4;0;3;3;1900;0;0;0;1;0;0;1;0;0;0;0;0;0;1;0;0;12.0
405000.0;81.4;3;0;0;4;2005;0;1;0;0;0;0;0;0;0;1;0;0;0;1;0;0;2.6
409000.0;77.49;5;1;1;1;2021;0;0;0;0;1;0;1;0;0;0;0;0;1;1;0;0;24.8
295000.0;60.0;3;0;3;14;1976;0;1;0;0;0;0;0;0;0;1;0;0;0;0;0;1;23.6
610000.0;89.0;4;1;0;1;2021;1;0;0;0;0;0;1;0;0;0;0;0;1;1;0;0;31.3
325000.0;39.25;2;1;0;2;2023;1;0;0;0;0;0;1;0;0;0;0;0;1;1;0;0;36.9
578000.0;76.05;4;1;0;2;2022;1;0;0;0;0;0;1;0;0;0;0;0;1;1;0;0;36.9
415700.0;51.91;3;1;1;2;2021;1;0;0;0;0;0;1;0;0;0;0;0;1;1;0;0;36.9
206000.0;37.5;2;0;8;10;1980;0;1;0;0;0;0;0;0;0;1;0;0;0;1;0;0;19.4
194000.0;30.29;2;1;0;3;2021;0;0;0;1;0;0;0;0;0;1;0;0;1;1;0;0;50.4
340000.0;74.0;4;0;0;4;1982;0;1;0;0;0;0;0;0;0;1;0;0;0;0;0;1;21.9
495000.0;55.0;3;0;2;3;1960;0;0;0;1;0;1;0;0;0;0;0;0;0;1;0;0;1.6
189000.0;34.0;2;0;0;11;1970;0;1;0;0;0;0;0;0;0;1;0;1;0;1;0;0;3.7
327600.0;44.6;3;1;0;7;2022;1;0;0;0;0;0;0;0;0;1;0;0;1;1;0;0;1.2
219800.0;27.66;1;1;0;7;2022;1;0;0;0;0;0;0;0;0;1;0;0;1;1;0;0;1.2
351500.0;49.0;3;1;0;7;2022;1;0;0;0;0;0;0;0;0;1;0;0;1;1;0;0;1.2
399380.0;56.45;4;1;0;7;2022;1;0;0;0;0;0;0;0;0;1;0;0;1;1;0;0;1.2
429500.0;57.66;4;1;6;7;2022;1;0;0;0;0;0;0;0;0;1;0;0;1;1;0;0;1.2
436500.0;57.63;3;1;5;7;2022;1;0;0;0;0;0;0;0;0;1;0;0;1;1;0;0;1.2
410600.0;54.21;3;1;5;7;2022;1;0;0;0;0;0;0;0;0;1;0;0;1;1;0;0;1.2
332552.0;42.91;2;1;5;7;2022;1;0;0;0;0;0;0;0;0;1;0;0;1;1;0;0;1.2
249000.0;55.7;3;0;10;10;1978;0;1;0;0;0;0;0;0;0;1;0;0;0;0;0;1;37.9
352000.0;50.35;2;1;1;3;2022;0;1;0;0;0;0;0;0;0;1;0;0;1;1;0;0;28.5
336226.0;54.23;3;1;0;2;2022;0;0;0;0;1;0;1;0;0;0;0;0;1;1;0;0;25.7
475000.0;120.02;4;0;3;3;1950;0;0;0;1;0;1;0;0;0;0;0;0;0;1;0;0;13.6
249000.0;47.5;2;0;1;2;1965;0;1;0;0;0;0;1;0;0;0;0;1;0;1;0;0;3.7
559000.0;51.0;2;0;0;3;2017;0;1;0;0;0;0;1;0;0;0;0;0;0;1;0;0;32.3
249000.0;32.26;1;0;5;10;1970;0;1;0;0;0;0;0;0;0;1;0;0;0;0;0;1;10.2
578000.0;76.05;4;1;0;2;2022;1;0;0;0;0;0;1;0;0;0;0;0;1;1;0;0;36.9
325000.0;39.25;2;1;0;2;2023;1;0;0;0;0;0;1;0;0;0;0;0;1;1;0;0;36.9
325000.0;39.25;2;1;0;2;2023;1;0;0;0;0;0;1;0;0;0;0;0;1;1;0;0;36.9
485000.0;55.0;2;0;3;3;2011;0;1;0;0;0;0;1;0;0;0;0;0;0;1;0;0;36.0
314534.0;54.23;3;1;0;2;2022;0;0;0;0;1;0;1;0;0;0;0;0;1;1;0;0;25.7
237921.0;45.61;2;1;2;4;2021;0;1;0;0;0;0;0;0;0;1;0;0;1;1;0;0;26.8
404481.0;67.29;4;1;1;3;2020;0;1;0;0;0;0;0;0;0;1;0;0;1;1;0;0;28.6
285000.0;90.0;4;0;3;3;1900;0;0;0;1;0;0;1;0;0;0;0;0;0;1;0;0;12.3
219000.0;50.0;2;0;2;10;1980;0;1;0;0;0;0;0;0;0;1;0;1;0;0;1;0;21.9
209000.0;49.74;2;0;3;4;1982;0;1;0;0;0;0;0;0;0;1;0;1;0;0;0;1;17.8
250000.0;43.0;2;0;11;11;1970;0;1;0;0;0;0;0;0;0;1;0;1;0;1;0;0;2.4
479954.0;76.5;3;1;2;3;2022;1;0;0;0;0;0;0;0;0;1;0;0;1;1;0;0;21.8
325659.0;48.0;2;1;0;3;2022;1;0;0;0;0;0;0;0;0;1;0;0;1;1;0;0;21.8
239400.0;68.4;3;0;1;2;1960;0;0;0;1;0;0;1;0;0;0;0;0;0;1;0;0;19.9
189900.0;31.01;2;0;0;10;1970;0;1;0;0;0;0;0;0;0;1;0;0;0;0;1;0;13.0
255000.0;42.7;2;0;9;10;1980;0;1;0;0;0;0;0;0;0;1;0;1;0;0;0;1;34.9
179000.0;49.0;2;0;0;2;1960;0;0;0;1;0;0;1;0;0;0;0;0;0;1;0;0;19.9
415700.0;51.91;3;1;1;2;2021;1;0;0;0;0;0;1;0;0;0;0;0;1;1;0;0;36.9
578000.0;76.05;4;1;0;2;2022;1;0;0;0;0;0;1;0;0;0;0;0;1;1;0;0;36.9
325000.0;39.25;2;1;0;2;2023;1;0;0;0;0;0;1;0;0;0;0;0;1;1;0;0;36.9
249000.0;41.0;2;0;2;2;1930;0;1;0;0;0;0;1;0;0;0;0;0;0;1;0;0;12.4
450000.0;63.0;4;0;2;4;1974;0;1;0;0;0;0;0;0;0;1;0;0;0;1;0;0;35.3
649000.0;73.84;3;0;0;1;2018;1;0;0;0;0;0;1;0;0;0;0;0;0;1;0;0;31.3
159000.0;45.0;3;0;3;3;1964;0;1;0;0;0;0;0;1;0;0;0;1;0;1;0;0;30.1
384144.0;80.03;4;1;1;2;2022;0;0;0;0;1;0;1;0;0;0;0;0;1;1;0;0;25.7
292842.0;54.23;3;1;0;2;2022;0;0;0;0;1;0;1;0;0;0;0;0;1;1;0;0;25.7
260000.0;46.0;2;0;2;2;1930;0;0;0;1;0;0;1;0;0;0;0;0;0;1;0;0;11.0
428180.0;54.2;3;1;1;6;2023;1;0;0;0;0;0;0;0;0;1;0;0;1;1;0;0;26.3
140000.0;39.1;1;0;2;2;1960;0;0;0;1;0;0;0;0;0;1;0;1;0;1;0;0;21.1
195000.0;46.2;2;0;4;10;1970;0;1;0;0;0;0;0;0;0;1;0;0;0;1;0;0;19.4
325000.0;39.25;2;1;0;2;2023;1;0;0;0;0;0;1;0;0;0;0;0;1;1;0;0;36.9
578000.0;76.05;4;1;0;2;2022;1;0;0;0;0;0;1;0;0;0;0;0;1;1;0;0;36.9
314534.0;54.23;3;1;0;2;2022;0;0;0;0;1;0;1;0;0;0;0;0;1;1;0;0;25.7
384144.0;80.03;4;1;1;2;2022;0;0;0;0;1;0;1;0;0;0;0;0;1;1;0;0;25.7
189000.0;43.0;2;0;8;10;1980;0;1;0;0;0;0;0;0;0;1;0;0;1;1;0;0;28.1
417462.0;50.91;3;1;6;6;2023;1;0;0;0;0;0;0;0;0;1;0;0;1;1;0;0;26.3
253287.0;31.27;1;1;1;6;2023;1;0;0;0;0;0;0;0;0;1;0;0;1;1;0;0;26.3
388800.0;48.0;3;1;1;6;2023;1;0;0;0;0;0;0;0;0;1;0;0;1;1;0;0;26.3
230000.0;49.0;2;0;11;14;1978;0;1;0;0;0;0;0;0;0;1;0;0;0;0;0;1;23.6
289915.6;35.12;2;1;5;6;2023;1;0;0;0;0;0;0;0;0;1;0;0;1;1;0;0;27.0
225000.0;55.26;3;0;3;4;1980;0;1;0;0;0;0;0;0;0;1;0;1;0;0;1;0;27.1
200000.0;48.4;2;0;3;3;1960;0;1;0;0;0;0;0;0;0;1;0;0;0;1;0;0;22.1
279000.0;58.44;3;0;3;4;1980;0;1;0;0;0;0;0;0;0;1;0;0;0;1;0;0;23.5
140000.0;28.0;1;0;2;4;1930;0;0;0;1;0;1;0;0;0;0;0;0;0;1;0;0;24.9
240989.0;27.86;1;1;4;6;2023;1;0;0;0;0;0;0;0;0;1;0;0;1;1;0;0;26.3
387360.0;48.42;2;1;4;6;2023;1;0;0;0;0;0;0;0;0;1;0;0;1;1;0;0;27.0
289000.0;49.0;2;0;5;10;1980;0;1;0;0;0;0;0;0;0;1;0;1;0;1;0;0;29.7
195000.0;57.28;2;0;2;2;1960;0;1;0;0;0;0;0;1;0;0;0;1;0;1;0;0;23.5
350313.0;47.97;3;1;3;7;2022;1;0;0;0;0;0;0;0;0;1;0;0;1;1;0;0;4.8
286061.0;37.44;2;1;3;7;2022;1;0;0;0;0;0;0;0;0;1;0;0;1;1;0;0;4.8
410212.0;54.28;3;1;4;7;2022;1;0;0;0;0;0;0;0;0;1;0;0;1;1;0;0;4.8
280000.0;44.0;2;0;0;2;1976;0;1;0;0;0;0;0;0;0;1;0;0;0;0;0;1;35.8
325000.0;39.25;2;1;0;2;2023;1;0;0;0;0;0;1;0;0;0;0;0;1;1;0;0;36.9
578000.0;76.05;4;1;0;2;2022;1;0;0;0;0;0;1;0;0;0;0;0;1;1;0;0;36.9
415700.0;51.91;3;1;1;2;2021;1;0;0;0;0;0;1;0;0;0;0;0;1;1;0;0;36.9
636000.0;74.01;4;1;2;2;2021;1;0;0;0;0;0;1;0;0;0;0;0;1;1;0;0;36.9
603440.0;76.53;4;1;2;6;2023;1;0;0;0;0;0;0;0;0;1;0;0;1;1;0;0;26.3
412148.0;54.23;3;1;3;6;2023;1;0;0;0;0;0;0;0;0;1;0;0;1;1;0;0;26.3
382402.0;47.92;2;1;5;6;2023;1;0;0;0;0;0;0;0;0;1;0;0;1;1;0;0;26.3
329080.0;43.3;2;1;2;6;2023;1;0;0;0;0;0;0;0;0;1;0;0;1;1;0;0;26.3
274832.0;35.28;2;1;4;6;2023;1;0;0;0;0;0;0;0;0;1;0;0;1;1;0;0;26.3
250000.0;32.08;1;1;5;6;2023;1;0;0;0;0;0;0;0;0;1;0;0;1;1;0;0;26.3
392147.0;80.03;4;1;1;2;2022;0;0;0;0;1;0;1;0;0;0;0;0;1;1;0;0;25.7
314534.0;54.23;3;1;0;2;2022;0;0;0;0;1;0;1;0;0;0;0;0;1;1;0;0;25.7
172000.0;18.31;1;1;4;7;2020;1;0;0;0;0;0;0;0;0;1;0;0;1;1;0;0;0.0
187000.0;19.91;1;1;2;7;2020;1;0;0;0;0;0;0;0;0;1;0;0;1;1;0;0;0.0
169000.0;17.93;1;1;2;7;2020;1;0;0;0;0;0;0;0;0;1;0;0;1;1;0;0;0.0
165000.0;17.38;1;1;2;7;2020;1;0;0;0;0;0;0;0;0;1;0;0;1;1;0;0;0.0
336000.0;64.01;3;0;4;4;1991;0;1;0;0;0;0;0;0;0;1;0;0;0;1;0;0;42.8
185000.0;32.7;1;0;8;10;1980;0;1;0;0;0;0;0;0;0;1;0;0;0;0;1;0;37.9
399000.0;60.01;3;0;4;4;1980;0;1;0;0;0;0;0;0;0;1;0;0;0;0;0;1;29.9
578000.0;76.05;4;1;0;2;2022;1;0;0;0;0;0;1;0;0;0;0;0;1;1;0;0;36.9
314534.0;54.23;3;1;0;2;2022;0;0;0;0;1;0;1;0;0;0;0;0;1;1;0;0;25.7
270000.0;73.0;4;0;4;4;1979;0;1;0;0;0;0;0;0;0;1;0;0;0;0;1;0;26.8
636000.0;74.01;4;1;2;2;2021;1;0;0;0;0;0;1;0;0;0;0;0;1;1;0;0;36.9
415700.0;51.91;3;1;1;2;2021;1;0;0;0;0;0;1;0;0;0;0;0;1;1;0;0;36.9
325000.0;39.25;2;1;0;2;2023;1;0;0;0;0;0;1;0;0;0;0;0;1;1;0;0;36.9
240000.0;47.61;2;0;4;4;1975;0;1;0;0;0;0;0;0;0;1;0;0;0;1;0;0;28.7
485000.0;117.85;8;0;1;2;1960;0;0;0;1;0;0;0;0;0;1;0;0;0;1;0;0;50.0
307554.0;39.43;2;1;5;7;2022;1;0;0;0;0;0;0;0;0;1;0;0;1;1;0;0;1.2
328050.0;48.6;3;1;6;7;2022;1;0;0;0;0;0;0;0;0;1;0;0;1;1;0;0;1.2
316163.0;44.53;2;1;6;7;2022;1;0;0;0;0;0;0;0;0;1;0;0;1;1;0;0;1.2
385200.0;53.5;3;1;3;7;2022;1;0;0;0;0;0;0;0;0;1;0;0;1;1;0;0;1.2
371565.0;53.85;3;1;2;7;2022;1;0;0;0;0;0;0;0;0;1;0;0;1;1;0;0;1.2
285775.0;40.25;2;1;2;7;2022;1;0;0;0;0;0;0;0;0;1;0;0;1;1;0;0;1.2
256932.0;32.94;1;1;7;7;2022;1;0;0;0;0;0;0;0;0;1;0;0;1;1;0;0;1.2
158000.0;37.6;2;0;2;4;1975;0;1;0;0;0;0;0;0;0;1;0;1;0;1;0;0;22.1
384144.0;80.03;4;1;1;2;2022;0;0;0;0;1;0;1;0;0;0;0;0;1;1;0;0;25.7
336226.0;54.23;3;1;0;2;2022;0;0;0;0;1;0;1;0;0;0;0;0;1;1;0;0;25.7
279000.0;53.0;3;0;2;4;1978;0;1;0;0;0;0;0;0;0;1;0;0;0;0;0;1;36.7
349000.0;63.25;3;0;1;4;1983;0;1;0;0;0;0;0;0;0;1;0;0;0;1;0;0;24.1
409000.0;50.0;2;0;3;3;2012;0;1;0;0;0;0;1;0;0;0;0;0;0;1;0;0;22.7
275000.0;48.0;2;0;0;4;1983;0;1;0;0;0;0;0;0;0;1;0;0;0;1;0;0;7.1
295000.0;60.5;3;0;1;5;1990;0;1;0;0;0;0;0;0;0;1;0;0;0;1;0;0;20.9
550000.0;88.51;3;0;2;3;1925;0;0;0;1;0;0;1;0;0;0;0;0;0;1;0;0;2.1
330000.0;36.0;2;0;5;13;1980;0;1;0;0;0;0;0;0;0;1;0;0;0;1;0;0;27.0
378000.0;67.9;3;0;11;11;1980;0;1;0;0;0;0;0;0;0;1;0;0;0;1;0;0;4.8
195000.0;46.0;2;0;4;10;1976;0;1;0;0;0;0;0;0;0;1;0;0;0;0;1;0;19.4
202000.0;36.0;1;0;2;4;1980;0;1;0;0;0;0;0;0;0;1;0;0;0;1;0;0;15.0
465000.0;62.48;3;1;6;11;2022;1;0;0;0;0;0;0;0;0;1;0;0;1;1;0;0;2.1
378946.0;56.58;4;1;1;7;2022;1;0;0;0;0;0;0;0;0;1;0;0;1;1;0;0;2.1
408153.0;80.03;4;1;1;2;2022;0;0;0;0;1;0;1;0;0;0;0;0;1;1;0;0;25.7
337321.0;48.99;3;1;2;7;2022;1;0;0;0;0;0;0;0;0;1;0;0;1;1;0;0;2.1
289715.0;41.37;2;1;6;7;2022;1;0;0;0;0;0;0;0;0;1;0;0;1;1;0;0;2.1
314534.0;54.23;3;1;0;2;2022;0;0;0;0;1;0;1;0;0;0;0;0;1;1;0;0;25.7
273945.0;38.6;2;1;2;7;2022;1;0;0;0;0;0;0;0;0;1;0;0;1;1;0;0;2.1
200000.0;96.44;5;0;1;2;1920;0;0;0;1;0;0;0;1;0;0;0;0;0;1;0;0;21.3
200000.0;96.44;5;0;1;2;1920;0;0;0;1;0;0;0;1;0;0;0;0;0;1;0;0;21.3
267290.0;37.17;2;1;3;7;2022;1;0;0;0;0;0;0;0;0;1;0;0;1;1;0;0;2.1
257654.0;35.83;2;1;6;7;2022;1;0;0;0;0;0;0;0;0;1;0;0;1;1;0;0;2.1
325000.0;39.25;2;1;0;2;2023;1;0;0;0;0;0;1;0;0;0;0;0;1;1;0;0;36.9
578000.0;76.05;4;1;0;2;2022;1;0;0;0;0;0;1;0;0;0;0;0;1;1;0;0;36.9
636000.0;74.01;4;1;2;2;2021;1;0;0;0;0;0;1;0;0;0;0;0;1;1;0;0;36.9
415700.0;51.91;3;1;1;2;2021;1;0;0;0;0;0;1;0;0;0;0;0;1;1;0;0;36.9
346000.0;55.0;3;0;3;10;1980;0;1;0;0;0;0;0;0;0;1;0;0;0;1;0;0;6.4
243800.0;51.7;2;0;2;2;1970;0;1;0;0;0;0;0;0;0;1;0;1;0;1;0;0;34.2
243139.0;32.95;2;1;2;7;2022;1;0;0;0;0;0;0;0;0;1;0;0;1;1;0;0;2.1
426088.0;81.95;2;0;1;4;1903;0;0;0;1;0;0;1;0;0;0;0;1;0;1;0;0;0.0
384144.0;80.03;4;1;1;2;2022;0;0;0;0;1;0;1;0;0;0;0;0;1;1;0;0;25.7
292842.0;54.23;3;1;0;2;2022;0;0;0;0;1;0;1;0;0;0;0;0;1;1;0;0;25.7
392147.0;80.03;4;1;1;2;2022;0;0;0;0;1;0;1;0;0;0;0;0;1;1;0;0;25.7
426335.24;67.79;3;1;2;3;2022;1;0;0;0;0;0;0;0;0;1;0;0;1;1;0;0;21.8
530258.5;76.48;3;1;0;3;2022;1;0;0;0;0;0;0;0;0;1;0;0;1;1;0;0;21.8
363442.6;50.94;2;1;0;3;2022;1;0;0;0;0;0;0;0;0;1;0;0;1;1;0;0;21.8
380000.0;38.74;2;0;3;3;2017;1;0;0;0;0;0;0;0;0;1;0;0;0;1;0;0;36.7
195000.0;46.2;2;0;4;10;1970;0;1;0;0;0;0;0;0;0;1;0;0;0;0;1;0;21.8
535000.0;92.8;4;0;2;3;2013;1;0;0;0;0;0;1;0;0;0;0;0;0;1;0;0;23.9
495000.0;61.01;3;0;7;10;2005;0;1;0;0;0;0;0;0;0;1;0;0;0;1;0;0;0.0
379000.0;105.0;3;1;1;1;1966;0;0;1;0;0;0;1;0;0;0;0;0;0;1;0;0;31.3
210000.0;50.0;2;0;11;14;1983;0;1;0;0;0;0;0;0;0;1;0;1;0;1;0;0;24.4
310000.0;66.0;3;0;8;10;1980;0;1;0;0;0;0;0;0;0;1;0;0;0;0;1;0;23.9
361585.0;54.0;3;1;1;7;2021;0;1;0;0;0;0;0;0;0;1;0;0;1;1;0;0;4.8
284349.0;40.26;2;1;1;7;2021;0;1;0;0;0;0;0;0;0;1;0;0;1;1;0;0;4.8
180000.0;45.0;2;0;3;4;1975;0;1;0;0;0;0;0;0;0;1;0;0;0;1;0;0;14.8
618950.0;95.0;5;1;4;6;2023;0;1;0;0;0;0;0;0;0;1;0;0;1;1;0;0;26.3
390845.0;60.13;3;1;2;5;2021;1;0;0;0;0;0;0;0;0;1;0;0;1;1;0;0;6.5
390845.0;60.13;3;1;2;5;2021;1;0;0;0;0;0;0;0;0;1;0;0;1;1;0;0;6.5
599000.0;105.0;4;0;3;4;2010;0;1;0;0;0;0;0;0;0;1;0;0;0;1;0;0;3.5
396000.0;60.0;2;0;1;25;1989;0;1;0;0;0;0;0;0;0;1;0;1;0;1;0;0;27.1
243832.0;42.04;3;1;1;4;2021;1;0;0;0;0;0;1;0;0;0;0;0;1;1;0;0;14.6
145000.0;35.0;1;0;1;2;1980;0;1;0;0;0;0;0;0;0;1;0;0;0;1;0;0;39.3
145000.0;35.0;1;0;2;2;1980;0;1;0;0;0;0;0;0;0;1;0;0;0;1;0;0;39.3
345000.0;48.0;3;1;1;2;2021;1;0;0;0;0;0;1;0;0;0;0;0;1;1;0;0;38.0
311344.0;53.68;3;1;1;4;2021;1;0;0;0;0;0;1;0;0;0;0;0;1;1;0;0;14.6
292842.0;54.23;3;1;0;2;2022;0;0;0;0;1;0;1;0;0;0;0;0;1;1;0;0;25.7
391964.0;67.58;4;1;1;6;2021;1;0;0;0;0;0;1;0;0;0;0;0;1;1;0;0;14.6
490000.0;127.85;5;1;0;1;2021;0;0;0;0;1;0;1;0;0;0;0;0;1;1;0;0;28.0
276330.0;40.3;2;1;0;7;2022;1;0;0;0;0;0;0;0;0;1;0;0;1;1;0;0;4.8
319400.0;44.53;2;1;4;7;2022;1;0;0;0;0;0;0;0;0;1;0;0;1;1;0;0;4.8
291055.0;38.6;2;1;4;7;2022;1;0;0;0;0;0;0;0;0;1;0;0;1;1;0;0;4.8
295355.0;35.0;2;1;2;7;2022;1;0;0;0;0;0;0;0;0;1;0;0;1;1;0;0;4.8
286120.0;37.5;2;1;3;7;2022;1;0;0;0;0;0;0;0;0;1;0;0;1;1;0;0;4.8
415700.0;51.91;3;1;1;2;2021;1;0;0;0;0;0;1;0;0;0;0;0;1;1;0;0;36.9
636000.0;74.01;4;1;2;2;2021;1;0;0;0;0;0;1;0;0;0;0;0;1;1;0;0;36.9
578000.0;76.05;4;1;0;2;2022;1;0;0;0;0;0;1;0;0;0;0;0;1;1;0;0;36.9
306025.0;63.7;3;1;2;3;2021;0;1;0;0;0;0;0;0;0;1;0;0;1;1;0;0;26.8
319862.0;44.58;3;1;0;7;2021;1;0;0;0;0;0;0;0;0;1;0;0;1;1;0;0;2.1
578000.0;76.05;4;1;0;2;2022;1;0;0;0;0;0;1;0;0;0;0;0;1;1;0;0;36.9
325000.0;39.25;2;1;0;2;2023;1;0;0;0;0;0;1;0;0;0;0;0;1;1;0;0;36.9
415700.0;51.91;3;1;1;2;2021;1;0;0;0;0;0;1;0;0;0;0;0;1;1;0;0;36.9
195000.0;49.0;2;0;4;4;1970;0;1;0;0;0;0;0;0;0;1;0;0;0;1;0;0;21.3
392147.0;80.03;4;1;1;2;2022;0;0;0;0;1;0;1;0;0;0;0;0;1;1;0;0;25.7
205000.0;34.7;2;0;4;4;1990;0;1;0;0;0;0;0;0;0;1;0;1;0;1;0;0;52.1
292842.0;54.23;3;1;0;2;2022;0;0;0;0;1;0;1;0;0;0;0;0;1;1;0;0;25.7
220000.0;23.37;2;1;4;7;2020;1;0;0;0;0;0;0;0;0;1;0;0;1;1;0;0;0.0
181000.0;19.28;1;1;3;7;2020;1;0;0;0;0;0;0;0;0;1;0;0;1;1;0;0;0.0
172000.0;18.31;1;1;5;7;2020;1;0;0;0;0;0;0;0;0;1;0;0;1;1;0;0;0.0
163000.0;17.35;1;1;4;7;2020;1;0;0;0;0;0;0;0;0;1;0;0;1;1;0;0;0.0
307520.0;44.53;2;1;4;7;2022;0;1;0;0;0;0;0;0;0;1;0;0;1;1;0;0;2.4
261948.0;38.55;2;1;5;7;2022;1;0;0;0;0;0;0;0;0;1;0;0;1;1;0;0;2.1
261233.0;34.35;2;1;5;7;2022;1;0;0;0;0;0;0;0;0;1;0;0;1;1;0;0;2.1
395350.0;57.61;4;1;5;7;2022;1;0;0;0;0;0;0;0;0;1;0;0;1;1;0;0;2.1
332395.0;50.42;3;1;3;7;2022;1;0;0;0;0;0;0;0;0;1;0;0;1;1;0;0;2.1
315847.0;47.91;3;1;3;7;2022;1;0;0;0;0;0;0;0;0;1;0;0;1;1;0;0;2.1
280739.0;41.87;2;1;2;7;2022;1;0;0;0;0;0;0;0;0;1;0;0;1;1;0;0;2.1
262287.0;38.6;2;1;1;7;2022;1;0;0;0;0;0;0;0;0;1;0;0;1;1;0;0;2.1
252332.0;37.76;2;1;3;7;2022;1;0;0;0;0;0;0;0;0;1;0;0;1;1;0;0;2.1
246690.0;35.83;2;1;4;7;2022;1;0;0;0;0;0;0;0;0;1;0;0;1;1;0;0;2.1
185356.0;25.27;1;1;2;7;2022;1;0;0;0;0;0;0;0;0;1;0;0;1;1;0;0;2.1
392147.0;80.03;4;1;1;2;2022;0;0;0;0;1;0;1;0;0;0;0;0;1;1;0;0;25.7
384144.0;80.03;4;1;1;2;2022;0;0;0;0;1;0;1;0;0;0;0;0;1;1;0;0;25.7
292842.0;54.23;3;1;0;2;2022;0;0;0;0;1;0;1;0;0;0;0;0;1;1;0;0;25.7
190920.0;44.4;2;0;0;3;2010;0;1;0;0;0;0;0;0;0;1;0;0;1;1;0;0;22.7
367030.0;53.53;3;1;2;7;2022;1;0;0;0;0;0;0;0;0;1;0;0;1;1;0;0;4.8
286400.0;40.3;2;1;2;7;2022;1;0;0;0;0;0;0;0;0;1;0;0;1;1;0;0;4.8
363750.0;54.19;4;1;1;7;2022;1;0;0;0;0;0;0;0;0;1;0;0;1;1;0;0;4.8
361500.0;53.84;3;1;1;7;2022;1;0;0;0;0;0;0;0;0;1;0;0;1;1;0;0;4.8
364500.0;53.53;3;1;1;7;2022;1;0;0;0;0;0;0;0;0;1;0;0;1;1;0;0;4.8
284349.0;40.26;2;1;1;7;2022;1;0;0;0;0;0;0;0;0;1;0;0;1;1;0;0;4.8
392330.0;54.2;4;1;3;7;2022;1;0;0;0;0;0;0;0;0;1;0;0;1;1;0;0;4.8
322028.0;41.55;2;1;5;7;2022;1;0;0;0;0;0;0;0;0;1;0;0;1;1;0;0;4.8
353480.0;50.33;3;1;1;7;2022;1;0;0;0;0;0;0;0;0;1;0;0;1;1;0;0;4.8
286099.0;37.41;2;1;3;7;2022;1;0;0;0;0;0;0;0;0;1;0;0;1;1;0;0;4.8
273075.0;35.7;2;1;2;7;2022;1;0;0;0;0;0;0;0;0;1;0;0;1;1;0;0;4.8
309000.0;54.0;3;0;4;4;1980;0;1;0;0;0;0;0;0;0;1;0;0;0;1;0;0;14.1
539000.0;80.0;3;1;1;1;2020;1;0;0;0;0;0;0;0;0;1;0;0;0;1;0;0;31.8
415700.0;51.91;3;1;1;2;2021;1;0;0;0;0;0;1;0;0;0;0;0;1;1;0;0;36.9
299999.0;53.88;3;0;3;3;1950;0;1;0;0;0;0;1;0;0;0;0;0;0;1;0;0;2.1
325000.0;39.25;2;1;0;2;2023;1;0;0;0;0;0;1;0;0;0;0;0;1;1;0;0;36.9
415700.0;51.91;3;1;1;2;2021;1;0;0;0;0;0;1;0;0;0;0;0;1;1;0;0;36.9
578000.0;76.05;4;1;0;2;2022;1;0;0;0;0;0;1;0;0;0;0;0;1;1;0;0;36.9
390845.0;60.13;3;1;2;5;2021;1;0;0;0;0;0;0;0;0;1;0;0;1;1;0;0;6.5
325380.0;54.23;3;1;0;1;2022;0;0;0;0;1;0;1;0;0;0;0;0;1;1;0;0;25.7
319957.0;54.23;3;1;0;1;2022;0;0;0;0;1;0;1;0;0;0;0;0;1;1;0;0;25.7
336226.0;54.23;3;1;0;1;2022;0;0;0;0;1;0;1;0;0;0;0;0;1;1;0;0;25.7
292842.0;54.23;3;1;0;1;2022;0;0;0;0;1;0;1;0;0;0;0;0;1;1;0;0;25.7
314534.0;54.23;3;1;0;1;2022;0;0;0;0;1;0;1;0;0;0;0;0;1;1;0;0;25.7
314534.0;54.23;3;1;0;1;2022;0;0;0;0;1;0;1;0;0;0;0;0;1;1;0;0;25.7
314534.0;54.23;3;1;0;1;2022;0;0;0;0;1;0;1;0;0;0;0;0;1;1;0;0;25.7
314534.0;54.23;3;1;0;1;2022;0;0;0;0;1;0;1;0;0;0;0;0;1;1;0;0;25.7
287419.0;54.23;3;1;0;1;2022;0;0;0;0;1;0;1;0;0;0;0;0;1;1;0;0;25.7
314534.0;54.23;3;1;0;1;2022;0;0;0;0;1;0;1;0;0;0;0;0;1;1;0;0;25.7
314534.0;54.23;3;1;0;1;2022;0;0;0;0;1;0;1;0;0;0;0;0;1;1;0;0;25.7
314534.0;54.23;3;1;0;1;2022;0;0;0;0;1;0;1;0;0;0;0;0;1;1;0;0;25.7
330803.0;54.23;3;1;0;1;2022;0;0;0;0;1;0;1;0;0;0;0;0;1;1;0;0;25.7
330803.0;54.23;3;1;0;1;2022;0;0;0;0;1;0;1;0;0;0;0;0;1;1;0;0;25.7
408153.0;80.03;4;1;1;2;2022;0;0;0;0;1;0;1;0;0;0;0;0;1;1;0;0;25.7
416156.0;80.03;4;1;1;2;2022;0;0;0;0;1;0;1;0;0;0;0;0;1;1;0;0;25.7
416156.0;80.03;4;1;1;2;2022;0;0;0;0;1;0;1;0;0;0;0;0;1;1;0;0;25.7
416156.0;80.03;4;1;1;2;2022;0;0;0;0;1;0;1;0;0;0;0;0;1;1;0;0;25.7
408153.0;80.03;4;1;1;2;2022;0;0;0;0;1;0;1;0;0;0;0;0;1;1;0;0;25.7
400150.0;80.03;4;1;1;2;2022;0;0;0;0;1;0;1;0;0;0;0;0;1;1;0;0;25.7
392147.0;80.03;4;1;1;2;2022;0;0;0;0;1;0;1;0;0;0;0;0;1;1;0;0;25.7
160000.0;25.2;1;0;1;4;1969;0;1;0;0;0;0;0;0;0;1;0;0;0;0;1;0;23.0
219900.0;46.2;2;0;5;10;1980;0;1;0;0;0;0;0;0;0;1;0;0;0;1;0;0;36.6
223125.0;37.5;2;0;4;4;1974;0;1;0;0;0;0;0;0;0;1;0;0;0;0;0;1;11.4
352175.0;48.55;3;1;2;7;2022;1;0;0;0;0;0;0;0;0;1;0;0;1;1;0;0;4.8
410000.0;54.2;3;1;4;7;2022;1;0;0;0;0;0;0;0;0;1;0;0;1;1;0;0;4.8
213000.0;26.2;1;1;2;7;2022;1;0;0;0;0;0;0;0;0;1;0;0;1;1;0;0;4.8
350125.0;47.9;3;1;3;7;2022;1;0;0;0;0;0;0;0;0;1;0;0;1;1;0;0;4.8
384144.0;80.03;4;1;1;2;2022;0;0;0;0;1;0;1;0;0;0;0;0;1;1;0;0;25.7
372140.0;80.03;4;1;1;2;2022;0;0;0;0;1;0;1;0;0;0;0;0;1;1;0;0;25.7
384144.0;80.03;4;1;1;2;2022;0;0;0;0;1;0;1;0;0;0;0;0;1;1;0;0;25.7
384144.0;80.03;4;1;1;2;2022;0;0;0;0;1;0;1;0;0;0;0;0;1;1;0;0;25.7
244900.0;49.58;2;0;1;3;1927;0;0;0;1;0;0;1;0;0;0;0;0;0;1;0;0;24.2
392147.0;80.03;4;1;1;2;2022;0;0;0;0;1;0;1;0;0;0;0;0;1;1;0;0;25.7
400150.0;80.03;4;1;1;2;2022;0;0;0;0;1;0;1;0;0;0;0;0;1;1;0;0;25.7
578000.0;76.05;4;1;0;2;2022;1;0;0;0;0;0;1;0;0;0;0;0;1;1;0;0;36.9
405000.0;66.0;3;0;2;3;1983;0;1;0;0;0;0;0;0;0;1;0;0;0;1;0;0;34.1
408153.0;80.03;4;1;1;2;2022;0;0;0;0;1;0;1;0;0;0;0;0;1;1;0;0;25.7
260000.0;49.0;3;0;4;4;1980;0;1;0;0;0;0;0;0;0;1;0;0;0;1;0;0;24.6
415700.0;51.91;3;1;1;2;2021;1;0;0;0;0;0;1;0;0;0;0;0;1;1;0;0;36.9
436000.0;57.63;3;1;4;4;2022;1;0;0;0;0;0;0;0;0;1;0;0;1;1;0;0;2.1
376000.0;53.53;3;1;1;7;2022;1;0;0;0;0;0;0;0;0;1;0;0;1;1;0;0;2.1
386000.0;51.19;3;1;4;4;2022;1;0;0;0;0;0;0;0;0;1;0;0;1;1;0;0;2.1
353000.0;48.99;3;1;1;7;2022;1;0;0;0;0;0;0;0;0;1;0;0;1;1;0;0;2.1
346000.0;47.91;3;1;1;7;2022;1;0;0;0;0;0;0;0;0;1;0;0;1;1;0;0;2.1
325000.0;39.25;2;1;0;2;2023;1;0;0;0;0;0;1;0;0;0;0;0;1;1;0;0;36.9
327000.0;44.6;3;1;2;7;2022;1;0;0;0;0;0;0;0;0;1;0;0;1;1;0;0;2.1
274000.0;35.83;2;1;6;7;2022;1;0;0;0;0;0;0;0;0;1;0;0;1;1;0;0;2.1
259000.0;33.2;2;1;1;7;2022;1;0;0;0;0;0;0;0;0;1;0;0;1;1;0;0;2.1
221000.0;27.15;1;1;4;7;2022;1;0;0;0;0;0;0;0;0;1;0;0;1;1;0;0;2.1
636000.0;74.01;4;1;2;2;2021;1;0;0;0;0;0;1;0;0;0;0;0;1;1;0;0;36.9
415700.0;51.91;3;1;1;2;2021;1;0;0;0;0;0;1;0;0;0;0;0;1;1;0;0;36.9
280000.0;47.11;3;0;0;3;1930;0;0;0;1;0;0;1;0;0;0;0;0;0;1;0;0;26.3
329000.0;37.17;2;0;2;10;1980;0;1;0;0;0;0;0;0;0;1;0;0;0;1;0;0;27.4
310000.0;47.8;2;0;2;13;1968;0;1;0;0;0;0;0;0;0;1;0;1;0;0;0;1;26.1
410000.0;70.0;3;0;0;1;1960;0;0;1;0;0;0;0;0;0;1;0;0;0;1;0;0;14.8
379000.0;105.0;3;0;1;1;1966;0;0;1;0;0;0;1;0;0;0;0;0;0;1;0;0;31.3
205000.0;25.2;1;1;3;7;2022;1;0;0;0;0;0;0;0;0;1;0;0;1;1;0;0;2.1
209000.0;45.6;2;0;4;4;1967;0;1;0;0;0;0;0;0;0;1;0;0;0;1;0;0;12.3
389074.0;56.6;4;1;0;7;2021;0;1;0;0;0;0;0;0;0;1;0;0;1;1;0;0;4.8
485000.0;86.0;3;0;3;2;2012;0;0;0;0;1;0;1;0;0;0;0;0;0;1;0;0;34.4
361585.0;54.0;3;1;1;7;2021;0;1;0;0;0;0;0;0;0;1;0;0;1;1;0;0;4.8
211987.0;25.3;1;1;1;6;2021;0;1;0;0;0;0;0;0;0;1;0;0;1;1;0;0;4.8
165000.0;38.0;2;0;9;10;1978;0;1;0;0;0;0;0;0;0;1;0;1;0;0;1;0;21.3
269000.0;50.0;3;0;4;4;1980;0;1;0;0;0;0;0;0;0;1;0;0;0;0;0;1;27.8
287000.0;51.59;2;0;1;3;1964;0;1;0;0;0;0;0;0;0;1;0;0;0;1;0;0;23.5
439000.0;93.0;3;1;1;1;2021;1;0;0;0;0;0;1;0;0;0;0;0;1;1;0;0;33.2
475000.0;87.0;4;1;1;1;2021;1;0;0;0;0;0;1;0;0;0;0;0;1;1;0;0;31.3
415700.0;51.91;3;1;1;2;2021;1;0;0;0;0;0;1;0;0;0;0;0;1;1;0;0;36.9
636000.0;74.01;4;1;2;2;2021;1;0;0;0;0;0;1;0;0;0;0;0;1;1;0;0;36.9
325000.0;39.25;2;1;0;2;2023;1;0;0;0;0;0;1;0;0;0;0;0;1;1;0;0;36.9
499000.0;50.0;2;1;0;4;2020;1;0;0;0;0;0;0;0;0;1;0;0;1;1;0;0;0.0
308175.0;41.4;2;1;2;7;2022;1;0;0;0;0;0;0;0;0;1;0;0;1;1;0;0;4.8
280099.0;37.7;2;1;3;7;2022;1;0;0;0;0;0;0;0;0;1;0;0;1;1;0;0;4.8
350335.0;47.91;3;1;3;7;2022;1;0;0;0;0;0;0;0;0;1;0;0;1;1;0;0;4.8
325185.0;45.4;3;1;0;7;2022;1;0;0;0;0;0;0;0;0;1;0;0;1;1;0;0;4.8
419000.0;60.0;3;0;1;2;1985;1;0;0;0;0;0;0;0;0;1;0;0;0;1;0;0;22.7
410187.0;54.2;3;1;4;7;2022;1;0;0;0;0;0;0;0;0;1;0;0;1;1;0;0;4.8
201980.35;34.45;2;1;3;3;2022;0;0;0;1;0;0;0;0;0;1;0;0;1;1;0;0;49.6
238000.0;47.5;2;0;2;3;1955;0;1;0;0;0;0;0;0;0;1;0;1;0;1;0;0;7.2
441511.2;71.9;3;1;1;3;2022;1;0;0;0;0;0;0;0;0;1;0;0;1;1;0;0;21.8
426335.24;67.79;3;1;2;3;2022;1;0;0;0;0;0;0;0;0;1;0;0;1;1;0;0;21.8
479892.44;76.49;3;1;2;3;2022;1;0;0;0;0;0;0;0;0;1;0;0;1;1;0;0;21.8
356957.6;53.09;2;1;0;3;2022;1;0;0;0;0;0;0;0;0;1;0;0;1;1;0;0;21.8
519861.7;76.48;3;1;0;3;2022;1;0;0;0;0;0;0;0;0;1;0;0;1;1;0;0;21.8
376213.6;53.09;2;1;0;3;2022;1;0;0;0;0;0;0;0;0;1;0;0;1;1;0;0;21.8
189000.0;50.0;2;0;7;11;1981;0;1;0;0;0;0;0;0;0;1;0;1;0;1;0;0;26.8
539000.0;81.0;3;0;1;1;2021;1;0;0;0;0;0;1;0;0;0;0;0;0;1;0;0;31.3
234900.0;60.47;3;0;4;4;1978;0;1;0;0;0;0;0;0;0;1;0;0;0;1;0;0;34.2
325000.0;39.25;2;1;0;2;2023;1;0;0;0;0;0;1;0;0;0;0;0;1;1;0;0;36.9
249000.0;45.38;2;0;0;10;1980;0;1;0;0;0;0;0;0;0;1;0;0;0;1;0;0;7.2
372811.0;53.8;3;1;1;7;2022;1;0;0;0;0;0;0;0;0;1;0;0;1;1;0;0;4.8
259700.0;33.2;1;1;4;7;2022;1;0;0;0;0;0;0;0;0;1;0;0;1;1;0;0;4.8
286558.0;40.3;2;1;1;7;2022;1;0;0;0;0;0;0;0;0;1;0;0;1;1;0;0;4.8
376000.0;53.5;3;1;1;7;2022;1;0;0;0;0;0;0;0;0;1;0;0;1;1;0;0;4.8
415700.0;51.91;3;1;1;2;2021;1;0;0;0;0;0;1;0;0;0;0;0;1;1;0;0;36.9
636000.0;74.01;4;1;2;2;2021;1;0;0;0;0;0;1;0;0;0;0;0;1;1;0;0;36.9
431000.0;51.91;3;1;1;2;2021;1;0;0;0;0;0;1;0;0;0;0;0;1;1;0;0;36.9
367000.0;45.91;2;1;0;2;2021;1;0;0;0;0;0;1;0;0;0;0;0;1;1;0;0;36.9
319000.0;66.43;3;0;7;10;1980;0;1;0;0;0;0;0;0;0;1;0;0;0;1;0;0;14.8
185000.0;38.55;1;0;0;10;1985;0;1;0;0;0;0;0;0;0;1;0;0;0;0;1;0;37.9
145000.0;38.1;2;0;3;4;1972;0;1;0;0;0;0;0;0;0;1;0;1;0;0;0;1;24.6
187000.0;19.91;1;1;5;7;2020;1;0;0;0;0;0;0;0;0;1;0;0;1;1;0;0;0.0
172000.0;18.31;1;1;2;7;2020;1;0;0;0;0;0;0;0;0;1;0;0;1;1;0;0;0.0
163000.0;17.35;1;1;3;7;2020;1;0;0;0;0;0;0;0;0;1;0;0;1;1;0;0;0.0
412000.0;57.66;4;1;6;7;2022;1;0;0;0;0;0;0;0;0;1;0;0;1;1;0;0;2.1
408000.0;56.58;4;1;3;7;2022;1;0;0;0;0;0;0;0;0;1;0;0;1;1;0;0;2.1
358000.0;48.99;3;1;3;7;2022;1;0;0;0;0;0;0;0;0;1;0;0;1;1;0;0;2.1
319000.0;44.53;2;1;4;7;2022;1;0;0;0;0;0;0;0;0;1;0;0;1;1;0;0;2.1
302000.0;41.36;2;1;6;7;2022;1;0;0;0;0;0;0;0;0;1;0;0;1;1;0;0;2.1
284000.0;37.17;2;1;2;7;2022;1;0;0;0;0;0;0;0;0;1;0;0;1;1;0;0;2.1
274000.0;35.83;2;1;5;7;2022;1;0;0;0;0;0;0;0;0;1;0;0;1;1;0;0;2.1
258000.0;32.95;2;1;3;7;2022;1;0;0;0;0;0;0;0;0;1;0;0;1;1;0;0;2.1
205000.0;25.27;1;1;1;7;2022;1;0;0;0;0;0;0;0;0;1;0;0;1;1;0;0;2.1
238528.0;45.73;2;1;0;4;2021;0;1;0;0;0;0;0;0;0;1;0;0;1;1;0;0;38.7
306025.0;63.7;3;1;3;3;2021;0;1;0;0;0;0;0;0;0;1;0;0;1;1;0;0;38.7
280000.0;62.0;3;0;4;4;1980;0;1;0;0;0;0;0;0;0;1;0;0;0;0;0;1;28.7
279000.0;54.0;2;0;2;3;1900;0;0;0;1;0;0;1;0;0;0;0;0;0;1;0;0;24.2
394100.0;54.42;3;1;0;7;2022;1;0;0;0;0;0;0;0;0;1;0;0;1;1;0;0;4.8
273800.0;35.8;2;1;7;7;2022;1;0;0;0;0;0;0;0;0;1;0;0;1;1;0;0;4.8
386220.0;51.19;3;1;4;7;2022;1;0;0;0;0;0;0;0;0;1;0;0;1;1;0;0;4.8
213222.0;26.19;1;1;2;7;2022;1;0;0;0;0;0;0;0;0;1;0;0;1;1;0;0;4.8
301190.0;39.94;2;1;2;7;2022;1;0;0;0;0;0;0;0;0;1;0;0;1;1;0;0;4.8
189000.0;47.0;2;0;2;4;1980;0;1;0;0;0;0;0;0;0;1;0;0;1;0;1;0;26.8
236000.0;38.0;2;0;2;4;1960;0;1;0;0;0;0;0;0;0;1;0;0;0;1;0;0;23.7
325000.0;39.25;2;1;0;2;2023;1;0;0;0;0;0;1;0;0;0;0;0;1;1;0;0;36.9
431000.0;51.91;3;1;1;2;2021;1;0;0;0;0;0;1;0;0;0;0;0;1;1;0;0;36.9
636000.0;74.01;4;1;2;2;2021;1;0;0;0;0;0;1;0;0;0;0;0;1;1;0;0;36.9
429000.0;57.66;4;1;5;7;2022;1;0;0;0;0;0;0;0;0;1;0;0;1;1;0;0;2.1
381000.0;53.53;3;1;3;7;2022;1;0;0;0;0;0;0;0;0;1;0;0;1;1;0;0;2.1
353000.0;50.33;3;1;3;7;2022;1;0;0;0;0;0;0;0;0;1;0;0;1;1;0;0;2.1
350000.0;47.91;3;1;4;7;2022;1;0;0;0;0;0;0;0;0;1;0;0;1;1;0;0;2.1
327000.0;44.6;3;1;1;13;2022;1;0;0;0;0;0;0;0;0;1;0;0;1;1;0;0;2.1
301000.0;39.94;2;1;3;7;2022;1;0;0;0;0;0;0;0;0;1;0;0;1;1;0;0;2.1
280000.0;37.76;2;1;5;7;2022;1;0;0;0;0;0;0;0;0;1;0;0;1;1;0;0;2.1
259000.0;33.2;2;1;4;7;2022;1;0;0;0;0;0;0;0;0;1;0;0;1;1;0;0;2.1
221000.0;27.15;1;1;2;7;2022;1;0;0;0;0;0;0;0;0;1;0;0;1;1;0;0;2.1
205000.0;25.27;1;1;3;7;2022;1;0;0;0;0;0;0;0;0;1;0;0;1;1;0;0;2.1
499000.0;70.0;3;0;0;3;2017;1;0;0;0;0;0;0;0;1;0;0;0;0;1;0;0;22.4
309000.0;74.33;3;0;1;1;1920;0;0;0;1;0;0;1;0;0;0;0;0;0;1;0;0;19.4
419000.0;88.1;3;1;1;1;2021;1;0;0;0;0;0;1;0;0;0;0;0;0;1;0;0;33.2
449000.0;81.2;3;1;0;1;2021;1;0;0;0;0;0;1;0;0;0;0;0;0;1;0;0;33.2
439000.0;93.8;3;1;1;1;2021;1;0;0;0;0;0;1;0;0;0;0;0;0;1;0;0;33.2
299000.0;56.1;3;0;4;4;1990;0;1;0;0;0;0;0;0;0;1;0;0;0;0;1;0;20.5
550000.0;71.0;3;0;1;2;1963;0;0;1;0;0;0;1;0;0;0;0;0;1;1;0;0;34.5
186000.0;45.0;1;0;1;3;1940;0;0;0;1;0;1;0;0;0;0;0;0;0;1;0;0;25.8
225000.0;53.4;3;0;4;4;1970;0;1;0;0;0;1;0;0;0;0;0;1;0;0;0;1;36.4
519000.0;64.08;3;1;1;3;2022;1;0;0;0;0;0;0;0;0;1;0;0;1;1;0;0;3.8
220000.0;23.37;2;1;1;7;2020;1;0;0;0;0;0;0;0;0;1;0;0;1;1;0;0;0.0
181000.0;19.28;1;1;1;7;2020;1;0;0;0;0;0;0;0;0;1;0;0;1;1;0;0;0.0
172000.0;18.31;1;1;3;7;2020;1;0;0;0;0;0;0;0;0;1;0;0;1;1;0;0;0.0
169000.0;17.93;1;1;1;7;2020;1;0;0;0;0;0;0;0;0;1;0;0;1;1;0;0;0.0
163000.0;17.35;1;1;1;7;2020;1;0;0;0;0;0;0;0;0;1;0;0;1;1;0;0;0.0
399000.0;42.9;2;0;3;3;2015;1;0;0;0;0;0;1;0;0;0;0;0;0;1;0;0;27.5
439000.0;57.61;4;1;4;7;2022;1;0;0;0;0;0;0;0;0;1;0;0;1;1;0;0;2.1
410000.0;54.21;3;1;4;4;2022;1;0;0;0;0;0;0;0;0;1;0;0;1;1;0;0;2.1
352000.0;48.47;3;1;2;7;2022;1;0;0;0;0;0;0;0;0;1;0;0;1;1;0;0;2.1
322000.0;44.6;3;1;2;7;2022;1;0;0;0;0;0;0;0;0;1;0;0;1;1;0;0;2.1
280000.0;37.76;2;1;2;7;2022;1;0;0;0;0;0;0;0;0;1;0;0;1;1;0;0;2.1
259000.0;33.2;2;1;3;7;2022;1;0;0;0;0;0;0;0;0;1;0;0;1;1;0;0;2.1
191785.0;31.7;1;1;2;3;2022;1;0;0;0;0;0;1;0;0;0;0;0;1;1;0;0;12.8
192995.0;31.9;1;1;3;3;2022;1;0;0;0;0;0;1;0;0;0;0;0;1;1;0;0;12.8
192995.0;31.9;1;1;3;3;2022;1;0;0;0;0;0;1;0;0;0;0;0;1;1;0;0;12.8
636000.0;74.01;4;1;2;2;2021;1;0;0;0;0;0;1;0;0;0;0;0;1;1;0;0;36.9
431000.0;51.91;3;1;1;2;2021;1;0;0;0;0;0;1;0;0;0;0;0;1;1;0;0;36.9
325000.0;39.25;2;1;0;2;2023;1;0;0;0;0;0;1;0;0;0;0;0;1;1;0;0;36.9
258335.0;32.95;1;1;7;7;2022;1;0;0;0;0;0;0;0;0;1;0;0;1;1;0;0;4.8
437111.0;58.68;4;1;4;7;2022;1;0;0;0;0;0;0;0;0;1;0;0;1;1;0;0;4.8
295366.0;34.99;2;1;1;7;2022;1;0;0;0;0;0;0;0;0;1;0;0;1;1;0;0;4.8
311200.0;41.87;2;1;3;7;2022;1;0;0;0;0;0;0;0;0;1;0;0;1;1;0;0;4.8
309355.0;41.55;2;1;3;7;2022;1;0;0;0;0;0;0;0;0;1;0;0;1;1;0;0;4.8
420000.0;106.8;5;0;3;4;2000;0;1;0;0;0;0;0;0;0;1;0;0;0;0;0;1;14.8
636000.0;74.01;4;1;2;2;2021;1;0;0;0;0;0;1;0;0;0;0;0;1;1;0;0;36.9
431000.0;51.91;3;1;1;2;2021;1;0;0;0;0;0;1;0;0;0;0;0;1;1;0;0;36.9
460000.0;113.0;4;0;1;1;2021;1;0;0;0;0;0;1;0;0;0;0;0;0;1;0;0;33.3
439000.0;57.61;4;1;5;7;2022;1;0;0;0;0;0;0;0;0;1;0;0;1;1;0;0;2.1
393000.0;52.11;3;1;4;4;2022;1;0;0;0;0;0;0;0;0;1;0;0;1;1;0;0;2.1
366000.0;50.39;3;1;2;7;2022;1;0;0;0;0;0;0;0;0;1;0;0;1;1;0;0;2.1
322000.0;44.6;3;1;1;7;2022;1;0;0;0;0;0;0;0;0;1;0;0;1;1;0;0;2.1
259000.0;33.2;2;1;2;7;2022;1;0;0;0;0;0;0;0;0;1;0;0;1;1;0;0;2.1
205000.0;25.2;1;1;1;7;2022;1;0;0;0;0;0;0;0;0;1;0;0;1;1;0;0;2.1
227999.0;55.7;3;0;3;4;1980;0;1;0;0;0;0;0;0;0;1;0;0;0;0;0;1;24.1
259000.0;69.0;2;0;3;3;1930;0;1;0;0;0;0;1;0;0;0;0;0;1;1;0;0;25.3
230000.0;32.7;1;0;7;10;1984;0;1;0;0;0;0;0;0;0;1;0;0;0;1;0;0;26.3
379000.0;105.0;3;0;1;2;1966;0;0;1;0;0;0;1;0;0;0;0;0;0;1;0;0;31.3
469000.0;62.0;3;0;0;3;2005;1;0;0;0;0;0;1;0;0;0;0;0;0;1;0;0;33.3
499000.0;74.0;3;0;0;1;2020;1;0;0;0;0;0;1;0;0;0;0;0;0;1;0;0;31.3
337000.0;39.2;1;0;10;13;1970;0;1;0;0;0;0;0;0;0;1;0;0;0;1;0;0;27.4
120000.0;50.0;3;0;2;2;1920;0;0;0;1;0;1;0;0;0;0;0;1;0;1;0;0;23.3
384370.0;64.6;2;1;2;3;2022;1;0;0;0;0;0;1;0;0;0;0;0;1;1;0;0;12.8
379610.0;63.8;3;1;2;3;2022;1;0;0;0;0;0;1;0;0;0;0;0;1;1;0;0;12.8
384370.0;64.6;2;1;1;3;2022;1;0;0;0;0;0;1;0;0;0;0;0;1;1;0;0;12.8
291000.0;51.8;3;0;3;4;1960;0;1;0;0;0;0;0;0;0;1;0;0;0;0;1;0;24.4
172425.0;28.5;1;1;3;3;2022;1;0;0;0;0;0;1;0;0;0;0;0;1;1;0;0;12.8
419000.0;88.11;3;0;0;1;2022;1;0;0;0;0;0;1;0;0;0;0;0;1;1;0;0;33.2
439000.0;93.84;3;0;0;1;2022;1;0;0;0;0;0;1;0;0;0;0;0;1;1;0;0;33.2
449000.0;81.2;3;0;0;1;2022;1;0;0;0;0;0;1;0;0;0;0;0;1;1;0;0;33.2
191785.0;31.7;1;1;3;3;2022;1;0;0;0;0;0;1;0;0;0;0;0;1;1;0;0;12.8
431000.0;51.91;3;1;1;2;2021;1;0;0;0;0;0;1;0;0;0;0;0;1;1;0;0;36.9
636000.0;74.01;4;1;2;2;2021;1;0;0;0;0;0;1;0;0;0;0;0;1;1;0;0;36.9
337000.0;72.61;4;0;0;4;1985;0;1;0;0;0;0;0;0;0;1;0;0;0;1;0;0;26.4
615000.0;74.01;4;1;2;2;2022;1;0;0;0;0;0;1;0;0;0;0;0;1;1;0;0;36.9
229000.0;53.0;2;0;3;3;1970;0;1;0;0;0;0;0;0;0;1;0;0;0;1;0;0;23.5
169575.0;28.5;1;1;1;3;2022;1;0;0;0;0;0;1;0;0;0;0;0;1;1;0;0;12.8
379610.0;63.8;3;1;1;3;2022;1;0;0;0;0;0;1;0;0;0;0;0;1;1;0;0;12.8
250000.0;38.0;3;0;1;4;1990;0;1;0;0;0;0;1;0;0;0;0;0;0;1;0;0;24.4
189805.0;31.9;1;1;1;3;2022;1;0;0;0;0;0;1;0;0;0;0;0;1;1;0;0;12.8
396180.0;63.9;3;1;0;3;2022;1;0;0;0;0;0;1;0;0;0;0;0;1;1;0;0;12.8
549000.0;62.0;3;1;1;17;2021;1;0;0;0;0;0;0;0;0;1;0;0;1;1;0;0;27.0
314000.0;61.13;3;0;3;4;1975;0;1;0;0;0;0;0;0;0;1;0;0;0;0;0;1;28.5
530000.0;92.4;3;0;1;1;1940;0;0;0;1;0;0;1;0;0;0;0;0;0;1;0;0;29.9
280000.0;48.0;2;0;1;4;1983;0;1;0;0;0;0;0;0;0;1;0;0;0;1;0;0;23.5
496400.0;76.0;4;1;4;6;2023;0;1;0;0;0;0;0;0;0;1;0;0;1;1;0;0;26.3
392140.0;56.5;3;1;5;6;2023;1;0;0;0;0;0;0;0;0;1;0;0;1;1;0;0;26.3
320000.0;47.22;2;0;1;10;1980;0;1;0;0;0;0;0;0;0;1;0;0;0;0;0;1;13.0
520000.0;96.0;3;0;2;3;2006;0;1;0;0;0;0;0;0;0;1;0;0;0;1;0;0;33.0
198000.0;44.0;2;0;4;4;1970;0;1;0;0;0;0;0;0;0;1;0;0;0;0;0;1;11.9
390845.0;60.13;3;1;2;5;2021;1;0;0;0;0;0;0;0;0;1;0;0;1;1;0;0;6.5
366735.0;53.15;2;1;5;5;2021;1;0;0;0;0;0;0;0;0;1;0;0;1;1;0;0;6.5
399000.0;82.0;4;1;1;1;2021;1;0;0;0;0;0;1;0;0;0;0;0;1;1;0;0;31.3
614000.0;74.01;4;1;2;2;2022;1;0;0;0;0;0;1;0;0;0;0;0;1;1;0;0;36.9
367500.0;58.34;2;0;2;2;2011;0;1;0;0;0;0;1;0;0;0;0;0;0;1;0;0;15.1
320000.0;61.97;3;0;0;5;1980;0;1;0;0;0;0;0;0;0;1;0;0;0;1;0;0;36.0
431000.0;51.91;3;1;1;2;2021;1;0;0;0;0;0;1;0;0;0;0;0;1;1;0;0;36.9
339000.0;66.2;3;0;1;10;1980;0;1;0;0;0;0;0;0;0;1;0;0;0;1;0;0;4.4
415700.0;51.91;3;1;1;2;2021;1;0;0;0;0;0;1;0;0;0;0;0;1;1;0;0;36.9
415700.0;51.91;3;1;1;2;2021;1;0;0;0;0;0;1;0;0;0;0;0;1;1;0;0;36.9
275000.0;63.0;3;0;0;4;1980;0;1;0;0;0;0;0;0;0;1;0;0;1;1;0;0;15.2
315000.0;39.25;2;1;0;2;2023;1;0;0;0;0;0;1;0;0;0;0;0;1;1;0;0;36.9
315000.0;39.25;2;1;0;2;2023;1;0;0;0;0;0;1;0;0;0;0;0;1;1;0;0;36.9
285000.0;34.38;2;1;0;2;2023;1;0;0;0;0;0;1;0;0;0;0;0;1;1;0;0;36.9
235000.0;45.92;2;0;2;2;1950;0;1;0;0;0;0;0;0;0;1;0;1;0;1;0;0;1.2
192000.0;51.42;3;0;4;4;1970;0;1;0;0;0;0;0;0;0;1;0;1;0;1;0;0;22.7
285000.0;34.38;2;1;0;2;2023;1;0;0;0;0;0;1;0;0;0;0;0;1;1;0;0;36.9
315000.0;39.25;2;1;0;2;2023;1;0;0;0;0;0;1;0;0;0;0;0;1;1;0;0;36.9
435000.0;79.0;3;0;1;1;1930;0;0;0;1;0;0;1;0;0;0;0;0;1;1;0;0;29.7
415700.0;51.91;3;1;1;2;2021;1;0;0;0;0;0;1;0;0;0;0;0;1;1;0;0;36.9
245000.0;50.0;3;0;4;4;1980;0;1;0;0;0;0;0;0;0;1;0;0;0;1;0;0;12.4
199000.0;39.0;1;0;1;1;1960;0;0;1;0;0;0;1;0;0;0;0;0;0;1;0;0;31.3
379000.0;105.0;3;0;1;1;1966;0;0;1;0;0;0;1;0;0;0;0;0;0;1;0;0;31.3
232000.0;47.0;3;0;0;5;1970;0;1;0;0;0;0;0;0;0;1;0;1;0;1;0;0;33.7
415700.0;51.91;3;1;1;2;2021;1;0;0;0;0;0;1;0;0;0;0;0;1;1;0;0;36.9
415700.0;51.91;3;1;1;2;2021;1;0;0;0;0;0;1;0;0;0;0;0;1;1;0;0;36.9
299000.0;34.0;1;0;0;2;2018;1;0;0;0;0;0;0;0;0;1;0;0;0;1;0;0;37.4
315000.0;39.25;2;1;0;2;2023;1;0;0;0;0;0;1;0;0;0;0;0;1;1;0;0;36.9
366735.0;53.15;2;1;5;5;2021;1;0;0;0;0;0;0;0;0;1;0;0;1;1;0;0;6.5
390845.0;60.13;3;1;2;5;2021;1;0;0;0;0;0;0;0;0;1;0;0;1;1;0;0;6.5
390845.0;60.13;3;1;2;5;2021;1;0;0;0;0;0;0;0;0;1;0;0;1;1;0;0;6.5
366735.0;53.15;2;1;5;5;2021;1;0;0;0;0;0;0;0;0;1;0;0;1;1;0;0;6.5
199000.0;44.0;2;0;4;4;1980;0;1;0;0;0;0;0;0;0;1;0;1;0;0;0;1;11.9
290000.0;49.1;2;0;6;13;1971;0;1;0;0;0;0;0;0;0;1;0;1;0;1;0;0;27.0
349900.0;63.35;3;0;1;1;2021;1;0;0;0;0;0;1;0;0;0;0;0;1;1;0;0;36.6
235000.0;75.0;4;0;1;10;1980;0;1;0;0;0;0;0;0;0;1;0;1;0;1;0;0;36.6
172754.0;20.0;1;1;7;7;2021;1;0;0;0;0;0;0;0;0;1;0;0;1;1;0;0;1.2
195000.0;51.6;2;0;0;4;1950;0;1;0;0;0;0;1;0;0;0;0;0;0;1;0;0;24.4
315000.0;39.25;2;1;0;2;2023;1;0;0;0;0;0;1;0;0;0;0;0;1;1;0;0;36.9
488735.0;75.0;4;1;3;4;2019;1;0;0;0;0;0;0;1;0;0;0;0;1;1;0;0;1.2
315000.0;39.25;2;1;0;2;2023;1;0;0;0;0;0;1;0;0;0;0;0;1;1;0;0;36.9
415700.0;51.91;3;1;1;2;2021;1;0;0;0;0;0;1;0;0;0;0;0;1;1;0;0;36.9
285000.0;34.38;2;1;0;2;2023;1;0;0;0;0;0;1;0;0;0;0;0;1;1;0;0;36.9
450000.0;79.02;4;1;0;1;2021;1;0;0;0;0;0;1;0;0;0;0;0;1;1;0;0;31.8
430000.0;71.33;3;1;0;1;2021;1;0;0;0;0;0;1;0;0;0;0;0;1;1;0;0;31.8
450000.0;78.0;4;0;1;10;1978;0;1;0;0;0;0;0;0;0;1;0;0;0;0;1;0;13.4
345000.0;99.2;3;0;3;4;1900;0;0;0;1;0;0;1;0;0;0;0;1;0;1;0;0;2.1
380000.0;70.5;3;0;0;3;1960;0;1;0;0;0;0;0;1;0;0;0;0;0;1;0;0;33.0
512954.0;70.0;3;1;1;4;2019;1;0;0;0;0;0;0;1;0;0;0;0;1;1;0;0;1.2
285000.0;34.38;2;1;0;2;2023;1;0;0;0;0;0;1;0;0;0;0;0;1;1;0;0;36.9
415700.0;51.91;3;1;1;2;2021;1;0;0;0;0;0;1;0;0;0;0;0;1;1;0;0;36.9
289000.0;49.0;3;0;1;4;1980;0;1;0;0;0;0;0;0;0;1;0;0;0;1;0;0;23.5
329000.0;62.47;3;0;0;11;1980;0;1;0;0;0;0;0;0;0;1;0;1;0;1;0;0;34.8
275000.0;56.8;3;0;4;4;1980;0;1;0;0;0;0;0;0;0;1;0;0;0;1;0;0;18.6
248700.0;53.5;3;0;9;11;1978;0;1;0;0;0;0;0;0;0;1;0;0;0;1;0;0;26.3
415700.0;51.91;3;1;1;2;2021;1;0;0;0;0;0;1;0;0;0;0;0;1;1;0;0;36.9
285000.0;34.38;2;1;0;2;2023;1;0;0;0;0;0;1;0;0;0;0;0;1;1;0;0;36.9
285000.0;34.38;2;1;0;2;2023;1;0;0;0;0;0;1;0;0;0;0;0;1;1;0;0;36.9
305000.0;61.0;3;0;1;4;1980;0;1;0;0;0;0;0;0;0;1;0;0;0;1;0;0;26.8
285000.0;34.38;2;1;0;2;2023;1;0;0;0;0;0;1;0;0;0;0;0;1;1;0;0;36.9
415700.0;51.91;3;1;1;2;2021;1;0;0;0;0;0;1;0;0;0;0;0;1;1;0;0;36.9
369000.0;61.1;3;0;8;10;1975;0;1;0;0;0;0;0;0;0;1;0;0;1;0;0;1;29.5
243000.0;51.0;2;0;10;11;1979;0;1;0;0;0;0;0;0;0;1;0;0;0;1;0;0;23.0
200000.0;48.0;2;0;0;4;1990;0;1;0;0;0;0;0;0;0;1;0;0;0;1;0;0;22.7
284900.0;65.0;3;0;0;2;1960;0;1;0;0;0;0;0;1;0;0;0;0;0;1;0;0;22.9
239000.0;55.0;3;0;3;4;1980;0;1;0;0;0;0;0;0;0;1;0;0;0;1;0;0;28.7
380000.0;34.0;1;0;2;15;2020;1;0;0;0;0;0;0;0;0;1;0;0;0;1;0;0;27.4
329000.0;64.71;3;0;4;4;1982;0;1;0;0;0;0;0;0;0;1;0;0;0;1;0;0;21.3
415700.0;51.91;3;1;1;2;2021;1;0;0;0;0;0;1;0;0;0;0;0;1;1;0;0;36.9
285000.0;34.38;2;1;0;2;2023;1;0;0;0;0;0;1;0;0;0;0;0;1;1;0;0;36.9
315000.0;39.25;2;1;0;2;2023;1;0;0;0;0;0;1;0;0;0;0;0;1;1;0;0;36.9
433632.0;90.34;4;1;1;1;2021;1;0;0;0;0;0;1;0;0;0;0;0;1;1;0;0;27.7
446256.0;92.97;4;1;1;1;2021;1;0;0;0;0;0;1;0;0;0;0;0;1;1;0;0;27.7
375100.0;75.02;3;1;1;1;2021;1;0;0;0;0;0;1;0;0;0;0;0;1;1;0;0;27.7
421008.0;75.18;4;1;0;1;2021;1;0;0;0;0;0;1;0;0;0;0;0;1;1;0;0;27.7
425696.0;80.32;4;1;0;1;2021;1;0;0;0;0;0;1;0;0;0;0;0;1;1;0;0;27.7
363912.0;61.68;3;1;0;1;2021;1;0;0;0;0;0;1;0;0;0;0;0;1;1;0;0;27.7
270000.0;48.0;3;0;1;4;1970;0;1;0;0;0;0;0;0;0;1;0;1;0;0;1;0;22.2
315000.0;39.25;2;1;0;2;2023;1;0;0;0;0;0;1;0;0;0;0;0;1;1;0;0;36.9
285000.0;34.38;2;1;0;2;2023;1;0;0;0;0;0;1;0;0;0;0;0;1;1;0;0;36.9
189000.0;37.5;2;0;4;4;1975;0;1;0;0;0;0;0;0;0;1;0;0;0;0;1;0;34.7
285000.0;55.3;3;0;0;4;1960;0;1;0;0;0;0;0;0;0;1;0;0;0;1;0;0;12.3
187000.0;46.5;2;0;7;10;1970;0;1;0;0;0;0;0;0;0;1;0;0;0;0;0;1;21.8
204900.0;50.1;2;0;3;3;1968;0;0;0;1;0;0;0;0;0;1;0;0;0;1;0;0;20.8
204900.0;50.1;3;0;3;3;1968;0;0;0;1;0;0;0;0;0;1;0;0;0;1;0;0;20.8
285000.0;34.38;2;1;0;2;2023;1;0;0;0;0;0;1;0;0;0;0;0;1;1;0;0;36.9
315000.0;39.25;2;1;0;2;2023;1;0;0;0;0;0;1;0;0;0;0;0;1;1;0;0;36.9
415700.0;51.91;3;1;1;2;2021;1;0;0;0;0;0;1;0;0;0;0;0;1;1;0;0;36.9
416000.0;55.95;3;0;2;2;2021;1;0;0;0;0;0;1;0;0;0;0;0;0;1;0;0;26.8
260000.0;50.43;2;0;1;3;2012;0;1;0;0;0;0;1;0;0;0;0;0;0;1;0;0;25.5
150900.0;30.0;1;0;2;4;1975;0;1;0;0;0;0;0;0;0;1;0;0;0;0;0;1;21.5
215000.0;48.0;3;0;4;4;1978;0;1;0;0;0;0;0;0;0;1;0;0;0;0;0;1;21.5
285000.0;34.38;2;1;0;2;2023;1;0;0;0;0;0;1;0;0;0;0;0;1;1;0;0;36.9
350000.0;68.13;3;0;2;2;1930;0;0;0;1;0;0;1;0;0;0;0;0;0;1;0;0;27.8
199000.0;61.0;2;0;2;2;1930;0;0;0;1;0;1;0;0;0;0;0;0;0;1;0;0;7.2
230000.0;58.0;2;0;0;3;1930;0;0;0;1;0;0;0;0;0;1;0;1;0;1;0;0;1.9
615000.0;123.0;3;1;2;3;1910;0;0;0;1;0;0;1;0;0;0;0;0;0;1;0;0;1.2
400000.0;58.0;3;0;0;2;1980;0;1;0;0;0;0;0;0;0;1;0;0;0;1;0;0;3.8
285000.0;34.38;2;1;0;2;2023;1;0;0;0;0;0;1;0;0;0;0;0;1;1;0;0;36.9
369000.0;61.07;3;0;8;10;1978;0;1;0;0;0;0;0;0;0;1;0;0;0;0;0;1;29.7
285000.0;34.38;2;1;0;2;2023;1;0;0;0;0;0;1;0;0;0;0;0;1;1;0;0;36.9
366735.0;53.15;2;1;5;5;2021;1;0;0;0;0;0;0;0;0;1;0;0;1;1;0;0;6.5
390845.0;60.13;3;1;2;5;2021;1;0;0;0;0;0;0;0;0;1;0;0;1;1;0;0;6.5
285000.0;34.38;2;1;0;2;2023;1;0;0;0;0;0;1;0;0;0;0;0;1;1;0;0;36.9
493063.0;83.57;4;1;5;5;2011;1;0;0;0;0;0;0;0;0;1;0;0;1;1;0;0;6.5
415700.0;51.91;3;1;1;2;2021;1;0;0;0;0;0;1;0;0;0;0;0;1;1;0;0;36.9
315000.0;39.25;2;1;0;2;2023;1;0;0;0;0;0;1;0;0;0;0;0;1;1;0;0;36.9
339000.0;48.84;3;0;4;4;1987;0;1;0;0;0;0;0;0;0;1;0;0;0;0;0;1;33.4
589550.0;90.7;4;1;4;5;2021;1;0;0;0;0;0;0;0;0;1;0;0;1;1;0;0;6.5
366735.0;53.15;2;1;5;5;2021;1;0;0;0;0;0;0;0;0;1;0;0;1;1;0;0;6.5
390845.0;60.13;3;1;2;5;2021;1;0;0;0;0;0;0;0;0;1;0;0;1;1;0;0;6.5
285000.0;34.38;2;1;0;2;2023;1;0;0;0;0;0;1;0;0;0;0;0;1;1;0;0;36.9
415700.0;51.91;3;1;1;2;2021;1;0;0;0;0;0;1;0;0;0;0;0;1;1;0;0;36.9
415700.0;51.91;3;1;1;2;2021;1;0;0;0;0;0;1;0;0;0;0;0;1;1;0;0;36.9
285000.0;34.38;2;1;0;2;2023;1;0;0;0;0;0;1;0;0;0;0;0;1;1;0;0;36.9
415700.0;51.91;3;1;1;2;2021;1;0;0;0;0;0;1;0;0;0;0;0;1;1;0;0;36.9
205000.0;47.75;2;0;0;4;1987;0;1;0;0;0;0;0;0;0;1;0;1;0;1;0;0;22.7
330000.0;59.0;3;0;3;4;1985;0;1;0;0;0;0;0;0;0;1;0;0;0;0;1;0;22.6
245000.0;51.0;2;0;1;2;1966;1;0;0;0;0;0;1;0;0;0;0;0;0;1;0;0;31.3
379000.0;105.0;3;0;1;2;1966;1;0;0;0;0;0;1;0;0;0;0;0;0;1;0;0;31.3
390845.0;60.13;3;1;2;5;2021;1;0;0;0;0;0;0;0;0;1;0;0;1;1;0;0;6.5
366735.0;53.15;2;1;5;5;2021;1;0;0;0;0;0;0;0;0;1;0;0;1;1;0;0;6.5
589745.0;90.73;4;1;4;5;2021;1;0;0;0;0;0;0;0;0;1;0;0;1;1;0;0;6.5
285000.0;34.38;2;1;0;2;2023;1;0;0;0;0;0;1;0;0;0;0;0;1;1;0;0;36.9
415700.0;51.91;3;1;1;2;2021;1;0;0;0;0;0;1;0;0;0;0;0;1;1;0;0;36.9
315000.0;39.25;2;1;0;2;2023;1;0;0;0;0;0;1;0;0;0;0;0;1;1;0;0;36.9
415700.0;51.91;3;1;1;2;2021;1;0;0;0;0;0;1;0;0;0;0;0;1;1;0;0;36.9
144000.0;33.57;1;0;0;4;1940;0;0;0;1;0;1;0;0;0;0;0;0;0;1;0;0;20.4
415700.0;51.91;3;1;1;2;2021;1;0;0;0;0;0;1;0;0;0;0;0;1;1;0;0;36.9
315000.0;39.25;2;1;0;2;2023;1;0;0;0;0;0;1;0;0;0;0;0;1;1;0;0;36.9
285000.0;34.38;2;1;0;2;2023;1;0;0;0;0;0;1;0;0;0;0;0;1;1;0;0;36.9
469000.0;59.8;3;0;4;5;2020;1;0;0;0;0;0;0;0;0;1;0;0;0;1;0;0;7.7
145000.0;38.67;1;0;1;2;1938;0;0;0;1;0;0;0;0;0;1;0;1;0;1;0;0;21.3
285000.0;34.38;2;1;0;2;2023;1;0;0;0;0;0;1;0;0;0;0;0;1;1;0;0;36.9
240000.0;50.0;2;0;3;4;1988;0;1;0;0;0;0;0;0;0;1;0;1;0;1;0;0;33.7
330000.0;48.0;3;0;7;11;1978;0;1;0;0;0;0;0;0;0;1;0;1;0;1;0;0;27.4
214900.0;50.1;2;0;4;4;1950;0;1;0;0;0;0;0;0;0;1;0;0;0;1;0;0;21.6
207000.0;46.0;2;0;4;5;1975;0;1;0;0;0;0;0;0;0;1;0;0;0;1;0;0;21.6
275000.0;49.0;2;0;5;10;1975;0;1;0;0;0;0;0;0;0;1;0;0;0;1;0;0;23.5
285000.0;34.38;2;1;0;2;2023;1;0;0;0;0;0;1;0;0;0;0;0;1;1;0;0;36.9
415700.0;51.91;3;1;1;2;2021;1;0;0;0;0;0;1;0;0;0;0;0;1;1;0;0;36.9
415700.0;51.91;3;1;1;2;2021;1;0;0;0;0;0;1;0;0;0;0;0;1;1;0;0;36.9
315000.0;39.25;2;1;0;2;2023;1;0;0;0;0;0;1;0;0;0;0;0;1;1;0;0;36.9
285000.0;34.38;2;1;0;2;2023;1;0;0;0;0;0;1;0;0;0;0;0;1;1;0;0;36.9
415700.0;51.91;3;1;1;2;2021;1;0;0;0;0;0;1;0;0;0;0;0;1;1;0;0;36.9
285000.0;34.38;2;1;0;2;2023;1;0;0;0;0;0;1;0;0;0;0;0;1;1;0;0;36.9
250000.0;43.0;2;0;7;10;1976;0;1;0;0;0;0;0;0;0;1;0;0;0;1;0;0;21.5
285000.0;34.38;2;1;0;2;2023;1;0;0;0;0;0;1;0;0;0;0;0;1;1;0;0;36.9
245000.0;51.0;2;0;0;3;1960;0;1;0;0;0;0;1;0;0;0;0;0;0;1;0;0;11.7
176900.0;61.25;2;0;2;3;1970;0;1;0;0;0;0;0;0;0;1;0;1;0;1;0;0;20.4
638104.0;98.6;4;1;0;2;2021;1;0;0;0;0;0;1;0;0;0;0;0;1;1;0;0;37.6
415700.0;51.91;3;1;1;2;2021;1;0;0;0;0;0;1;0;0;0;0;0;1;1;0;0;36.9
285000.0;34.38;2;1;0;2;2023;1;0;0;0;0;0;1;0;0;0;0;0;1;1;0;0;36.9
315000.0;39.25;2;1;0;2;2023;1;0;0;0;0;0;1;0;0;0;0;0;1;1;0;0;36.9
269000.0;57.41;2;0;2;2;1870;0;0;0;1;0;0;1;0;0;0;0;0;0;1;0;0;14.1
299000.0;72.0;4;0;3;3;1980;0;1;0;0;0;0;0;0;0;1;0;0;1;0;1;0;31.8
415700.0;51.91;3;1;1;2;2021;1;0;0;0;0;0;1;0;0;0;0;0;1;1;0;0;36.9
315000.0;39.25;2;1;0;2;2023;1;0;0;0;0;0;1;0;0;0;0;0;1;1;0;0;36.9
285000.0;34.38;2;1;0;2;2023;1;0;0;0;0;0;1;0;0;0;0;0;1;1;0;0;36.9
399000.0;62.8;3;0;2;3;1980;0;1;0;0;0;0;0;0;0;1;0;1;0;1;0;0;50.6
285000.0;34.38;2;1;0;2;2023;1;0;0;0;0;0;1;0;0;0;0;0;1;1;0;0;36.9
315000.0;39.25;2;1;0;2;2023;1;0;0;0;0;0;1;0;0;0;0;0;1;1;0;0;36.9
315000.0;39.25;2;1;0;2;2023;1;0;0;0;0;0;1;0;0;0;0;0;1;1;0;0;36.9
219000.0;54.0;3;0;1;4;1970;0;1;0;0;0;0;0;0;0;1;0;0;0;0;0;1;37.3
315000.0;39.25;2;1;0;2;2023;1;0;0;0;0;0;1;0;0;0;0;0;1;1;0;0;36.9
320000.0;40.48;2;1;1;2;2022;1;0;0;0;0;0;1;0;0;0;0;0;1;1;0;0;36.9
315000.0;39.25;2;1;0;2;2023;1;0;0;0;0;0;1;0;0;0;0;0;1;1;0;0;36.9
285000.0;34.38;2;1;0;2;2023;1;0;0;0;0;0;1;0;0;0;0;0;1;1;0;0;36.9
320000.0;40.48;2;1;1;2;2022;1;0;0;0;0;0;1;0;0;0;0;0;1;1;0;0;36.9
259000.0;52.5;2;0;4;4;1980;0;1;0;0;0;0;0;0;0;1;0;0;0;0;1;0;11.1
228000.0;41.0;2;0;2;4;1950;0;0;0;1;0;1;0;0;0;0;0;0;0;1;0;0;2.7
180000.0;46.61;2;0;0;2;1964;0;1;0;0;0;0;0;0;0;1;0;1;0;1;0;0;22.6
660000.0;110.5;3;0;1;4;2000;1;0;0;0;0;1;0;0;0;0;0;0;0;0;1;0;35.5
285000.0;34.38;2;1;0;2;2023;1;0;0;0;0;0;1;0;0;0;0;0;1;1;0;0;36.9
320000.0;40.48;2;1;1;2;2022;1;0;0;0;0;0;1;0;0;0;0;0;1;1;0;0;36.9
315000.0;39.25;2;1;0;2;2023;1;0;0;0;0;0;1;0;0;0;0;0;1;1;0;0;36.9
315000.0;39.25;2;1;0;2;2023;1;0;0;0;0;0;1;0;0;0;0;0;1;1;0;0;36.9
289000.0;47.0;3;0;3;4;1980;0;1;0;0;0;0;0;0;0;1;0;0;0;1;0;0;22.8
399999.0;51.11;2;0;0;2;1950;0;1;0;0;0;0;0;0;0;1;0;0;0;0;0;1;35.0
315000.0;39.25;2;1;0;2;2023;1;0;0;0;0;0;1;0;0;0;0;0;1;1;0;0;36.9
315000.0;39.25;2;1;0;2;2023;1;0;0;0;0;0;1;0;0;0;0;0;1;1;0;0;36.9
598000.0;76.65;4;1;0;2;2022;1;0;0;0;0;0;1;0;0;0;0;0;1;1;0;0;36.9
320000.0;40.48;2;1;1;2;2022;1;0;0;0;0;0;1;0;0;0;0;0;1;1;0;0;36.9
315000.0;48.0;2;0;0;2;2018;1;0;0;0;0;0;1;0;0;0;0;0;0;1;0;0;22.7
275000.0;51.4;2;0;6;10;1980;0;1;0;0;0;0;0;0;0;1;0;0;0;0;1;0;52.6
320000.0;40.48;2;1;1;2;2022;1;0;0;0;0;0;1;0;0;0;0;0;1;1;0;0;36.9
203500.0;30.0;1;1;4;6;2023;1;0;0;0;0;0;0;0;0;1;0;0;1;1;0;0;26.3
320000.0;40.48;2;1;1;2;2022;1;0;0;0;0;0;1;0;0;0;0;0;1;1;0;0;36.9
598000.0;76.65;4;1;0;2;2022;1;0;0;0;0;0;1;0;0;0;0;0;1;1;0;0;36.9
315000.0;39.25;2;1;0;2;2023;1;0;0;0;0;0;1;0;0;0;0;0;1;1;0;0;36.9
315000.0;39.25;2;1;0;2;2023;1;0;0;0;0;0;1;0;0;0;0;0;1;1;0;0;36.9
285000.0;34.38;2;1;0;2;2023;1;0;0;0;0;0;1;0;0;0;0;0;1;1;0;0;36.9
285000.0;34.38;2;1;0;2;2023;1;0;0;0;0;0;1;0;0;0;0;0;1;1;0;0;36.9
285000.0;34.38;2;1;0;2;2023;1;0;0;0;0;0;1;0;0;0;0;0;1;1;0;0;36.9
285000.0;34.38;2;1;0;2;2023;1;0;0;0;0;0;1;0;0;0;0;0;1;1;0;0;36.9
229000.0;67.14;3;0;1;4;1918;0;0;0;1;0;0;0;0;0;1;0;1;0;1;0;0;13.0
195000.0;29.4;1;0;3;4;1960;0;1;0;0;0;0;0;0;0;1;0;0;0;0;0;1;36.0
285000.0;34.38;2;1;0;2;2023;1;0;0;0;0;0;1;0;0;0;0;0;1;1;0;0;36.9
285000.0;34.38;2;1;0;2;2023;1;0;0;0;0;0;1;0;0;0;0;0;1;1;0;0;36.9
598000.0;76.65;4;1;0;2;2022;1;0;0;0;0;0;1;0;0;0;0;0;1;1;0;0;36.9
455000.0;65.0;3;0;3;3;2016;0;1;0;0;0;0;0;0;0;1;0;0;0;1;0;0;21.5
245000.0;64.74;3;0;2;4;1951;0;1;0;0;0;0;0;0;0;1;0;1;0;1;0;0;28.0
285000.0;34.38;2;1;0;2;2023;1;0;0;0;0;0;1;0;0;0;0;0;1;1;0;0;36.9
598000.0;76.65;4;1;0;2;2022;1;0;0;0;0;0;1;0;0;0;0;0;1;1;0;0;36.9
598000.0;76.65;4;1;0;2;2022;1;0;0;0;0;0;1;0;0;0;0;0;1;1;0;0;36.9
285000.0;34.38;2;1;0;2;2023;1;0;0;0;0;0;1;0;0;0;0;0;1;1;0;0;36.9
285000.0;34.38;2;1;0;2;2023;1;0;0;0;0;0;1;0;0;0;0;0;1;1;0;0;36.9
285000.0;34.38;2;1;0;2;2023;1;0;0;0;0;0;1;0;0;0;0;0;1;1;0;0;36.9
230000.0;41.8;2;0;0;2;1940;0;0;0;1;0;1;0;0;0;0;0;0;0;1;0;0;26.3
285000.0;34.38;2;1;0;2;2023;1;0;0;0;0;0;1;0;0;0;0;0;1;1;0;0;36.9
598000.0;76.65;4;1;0;2;2022;1;0;0;0;0;0;1;0;0;0;0;0;1;1;0;0;36.9
176000.0;38.3;1;0;3;3;1960;0;1;0;0;0;0;0;0;0;1;0;0;0;1;0;0;21.3
160000.0;42.05;2;0;1;1;1918;0;0;0;1;0;0;0;1;0;0;0;0;0;1;0;0;28.9
499000.0;74.0;3;0;0;1;2010;1;0;0;0;0;0;1;0;0;0;0;0;0;1;0;0;31.3
389000.0;75.0;4;0;1;1;1980;0;1;0;0;0;0;0;0;0;1;0;0;0;0;0;1;36.0
330000.0;52.3;2;0;2;3;1990;0;1;0;0;0;0;0;0;0;1;0;1;0;1;0;0;37.7
590000.0;100.0;3;0;3;3;2001;0;1;0;0;0;0;0;0;0;1;0;0;0;0;0;1;37.9
598000.0;76.65;4;1;0;2;2022;1;0;0;0;0;0;1;0;0;0;0;0;1;1;0;0;36.9
285000.0;34.38;2;1;0;2;2023;1;0;0;0;0;0;1;0;0;0;0;0;1;1;0;0;36.9
229900.0;43.83;2;1;6;10;1978;0;1;0;0;0;0;0;0;0;1;0;0;0;0;0;1;21.5
210000.0;48.7;2;0;2;4;1979;0;1;0;0;0;0;0;0;0;1;0;0;0;1;0;0;28.8
598000.0;76.65;4;1;0;2;2022;1;0;0;0;0;0;1;0;0;0;0;0;1;1;0;0;36.9
285000.0;34.38;2;1;0;2;2023;1;0;0;0;0;0;1;0;0;0;0;0;1;1;0;0;36.9
245000.0;50.4;2;0;1;3;1930;0;1;0;0;0;0;0;0;0;1;0;1;0;1;0;0;50.6
285000.0;34.38;2;1;0;2;2023;1;0;0;0;0;0;1;0;0;0;0;0;1;1;0;0;36.9
598000.0;76.65;4;1;0;2;2022;1;0;0;0;0;0;1;0;0;0;0;0;1;1;0;0;36.9
598000.0;76.65;4;1;0;2;2022;1;0;0;0;0;0;1;0;0;0;0;0;1;1;0;0;36.9
285000.0;34.38;2;1;0;2;2023;1;0;0;0;0;0;1;0;0;0;0;0;1;1;0;0;36.9
315000.0;48.93;3;0;0;3;1980;0;1;0;0;0;0;0;0;0;1;0;0;0;0;0;1;23.5
168000.0;33.0;1;0;4;10;1980;0;1;0;0;0;0;0;0;0;1;0;0;0;0;1;0;23.3
354618.0;73.04;4;1;3;4;2021;0;1;0;0;0;0;0;0;0;1;0;0;1;1;0;0;38.7
285000.0;34.38;2;1;0;2;2023;1;0;0;0;0;0;1;0;0;0;0;0;1;1;0;0;36.9
285000.0;34.38;2;1;0;2;2023;1;0;0;0;0;0;1;0;0;0;0;0;1;1;0;0;36.9
225000.0;49.43;2;0;0;3;1916;0;0;0;1;0;0;0;0;0;1;0;0;0;1;0;0;1.2
415700.0;51.91;3;1;1;2;2021;1;0;0;0;0;0;1;0;0;0;0;0;1;1;0;0;36.9
285000.0;34.38;2;1;0;2;2023;1;0;0;0;0;0;1;0;0;0;0;0;1;1;0;0;36.9
360000.0;41.97;2;0;0;3;1915;0;0;0;1;0;1;0;0;0;0;0;0;0;0;1;0;23.8
140000.0;37.1;2;0;3;4;1980;0;1;0;0;0;0;0;0;0;1;0;1;0;0;1;0;25.7
295000.0;63.0;3;0;4;4;1980;0;1;0;0;0;0;0;0;0;1;0;0;0;0;0;1;31.3
489000.0;75.7;3;0;4;4;1900;0;0;0;1;0;0;1;0;0;0;0;0;0;1;0;0;0.0
285000.0;34.38;2;1;0;2;2023;1;0;0;0;0;0;1;0;0;0;0;0;1;1;0;0;36.9
170000.0;43.0;2;0;4;4;1980;0;1;0;0;0;0;0;0;0;1;0;1;0;0;1;0;18.6
415700.0;51.91;3;1;1;2;2021;1;0;0;0;0;0;1;0;0;0;0;0;1;1;0;0;36.9
285000.0;34.38;2;1;0;2;2023;1;0;0;0;0;0;1;0;0;0;0;0;1;1;0;0;36.9
250000.0;53.4;2;0;2;4;1992;0;1;0;0;0;0;0;0;0;1;0;0;0;0;0;1;25.4
472857.0;61.41;4;1;2;2;2021;1;0;0;0;0;0;0;0;0;1;0;0;1;1;0;0;37.7
285000.0;34.38;2;1;0;2;2023;1;0;0;0;0;0;1;0;0;0;0;0;1;1;0;0;36.9
269000.0;59.4;3;0;3;16;1970;0;1;0;0;0;0;0;0;0;1;0;0;0;1;0;0;23.6
415700.0;51.91;3;1;1;2;2021;1;0;0;0;0;0;1;0;0;0;0;0;1;1;0;0;36.9
285000.0;34.38;2;1;0;2;2023;1;0;0;0;0;0;1;0;0;0;0;0;1;1;0;0;36.9
213000.0;43.0;2;0;4;4;1980;0;1;0;0;0;0;0;0;0;1;0;0;0;0;1;0;24.3
450000.0;71.33;3;0;1;1;2021;1;0;0;0;0;0;0;0;0;1;0;0;1;1;0;0;31.3
440000.0;73.77;4;1;0;1;2022;0;1;0;0;0;0;1;0;0;0;0;0;1;1;0;0;12.8
410000.0;77.68;4;1;1;1;2022;0;1;0;0;0;0;1;0;0;0;0;0;1;1;0;0;12.8
550000.0;73.52;3;0;3;4;2018;1;0;0;0;0;0;0;0;0;1;0;0;0;1;0;0;13.4
176953.0;33.92;1;1;0;4;2021;0;1;0;0;0;0;0;0;0;1;0;0;1;1;0;0;26.8
180000.0;43.9;1;0;0;2;1954;0;1;0;0;0;0;1;0;0;0;0;0;0;1;0;0;21.5
299999.0;63.21;2;0;2;3;1915;0;1;0;0;0;0;0;0;0;1;0;0;0;1;0;0;26.3
499000.0;51.1;2;0;1;7;2019;1;0;0;0;0;0;0;0;0;1;0;0;1;1;0;0;24.5
315000.0;53.0;2;0;0;2;1970;0;1;0;0;0;0;0;0;0;1;0;0;0;1;0;0;21.8
452000.0;68.7;3;1;0;1;2021;0;0;0;0;1;0;1;0;0;0;0;0;1;1;0;0;36.1
250000.0;25.0;1;0;6;13;1965;0;1;0;0;0;0;0;0;0;1;0;0;0;1;0;0;27.1
380000.0;53.17;3;1;4;4;2021;1;0;0;0;0;0;0;0;0;1;0;0;1;1;0;0;35.3
180000.0;43.41;2;0;3;3;1980;0;1;0;0;0;1;0;0;0;0;0;0;0;1;0;0;34.2
255000.0;47.7;2;0;3;4;1980;0;1;0;0;0;0;0;0;0;1;0;0;0;0;0;1;24.3
149000.0;34.92;1;0;3;4;1980;0;1;0;0;0;0;0;0;0;1;0;1;0;1;0;0;14.8
452000.0;54.8;3;0;0;1;2021;1;0;0;0;0;0;1;0;0;0;0;0;0;1;0;0;36.0
415700.0;51.91;3;1;1;2;2021;1;0;0;0;0;0;1;0;0;0;0;0;1;1;0;0;36.9
415700.0;51.91;3;1;1;2;2021;1;0;0;0;0;0;1;0;0;0;0;0;1;1;0;0;36.9
451356.0;77.82;3;1;1;1;2021;0;0;1;0;0;0;0;0;0;1;0;0;1;1;0;0;34.2
451356.0;77.82;3;1;1;1;2021;0;0;1;0;0;0;0;0;0;1;0;0;1;1;0;0;34.2
451356.0;77.82;3;1;1;1;2021;0;0;1;0;0;0;0;0;0;1;0;0;1;1;0;0;34.2
551928.0;95.16;3;1;1;1;2021;0;0;1;0;0;0;0;0;0;1;0;0;1;1;0;0;34.2
279000.0;48.0;3;0;3;3;1980;0;1;0;0;0;0;0;0;0;1;0;0;0;1;0;0;13.0
415700.0;51.91;3;1;1;2;2021;1;0;0;0;0;0;1;0;0;0;0;0;1;1;0;0;36.9
415700.0;51.91;3;1;1;2;2021;1;0;0;0;0;0;1;0;0;0;0;0;1;1;0;0;36.9
415700.0;51.91;3;1;1;2;2021;1;0;0;0;0;0;1;0;0;0;0;0;1;1;0;0;36.9
382518.0;48.42;2;0;1;6;2023;1;0;0;0;0;0;0;0;0;1;0;0;1;1;0;0;27.0
415700.0;51.91;3;1;1;2;2021;1;0;0;0;0;0;1;0;0;0;0;0;1;1;0;0;36.9
329000.0;86.0;2;0;1;2;1905;0;0;0;1;0;0;1;0;0;0;0;0;0;1;0;0;23.6
210000.0;58.5;3;0;4;4;1980;0;1;0;0;0;0;0;0;0;1;0;0;0;1;0;0;34.9
333731.0;54.71;3;1;1;7;2020;1;0;0;0;0;0;0;0;0;1;0;0;1;1;0;0;0.0
350000.0;74.5;4;0;4;5;1992;0;1;0;0;0;0;0;0;0;1;0;0;0;1;0;0;38.4
279000.0;119.07;3;0;1;2;1900;0;0;1;0;0;0;1;0;0;0;0;1;0;1;0;0;16.1
310000.0;53.84;3;0;3;3;1930;0;0;0;1;0;0;1;0;0;0;0;0;0;1;0;0;0.0
248000.0;47.2;2;0;0;14;1983;0;1;0;0;0;0;0;0;0;1;0;0;0;0;0;1;23.6
245500.0;66.0;2;0;2;2;1930;0;0;0;1;0;0;1;0;0;0;0;0;0;1;0;0;14.8
280000.0;54.0;3;0;0;3;1990;0;1;0;0;0;0;0;0;0;1;0;0;0;1;0;0;33.7
155750.0;44.5;2;0;1;3;1902;0;0;0;1;0;0;1;0;0;0;0;1;0;1;0;0;24.4
389500.0;56.07;3;1;1;2;2021;1;0;0;0;0;0;1;0;0;0;0;0;1;1;0;0;38.0
595000.0;65.65;3;0;0;2;2018;1;0;0;0;0;0;1;0;0;0;0;0;0;1;0;0;37.4
355000.0;92.65;4;0;4;4;1910;0;1;0;0;0;0;0;0;0;1;0;0;0;1;0;0;1.3
439000.0;85.0;4;1;1;1;2021;1;0;0;0;0;0;1;0;0;0;0;0;1;1;0;0;31.8
419000.0;80.0;3;0;1;4;1970;0;1;0;0;0;0;0;0;0;1;0;0;0;1;0;0;13.0
305805.0;55.1;3;1;3;4;2021;0;1;0;0;0;0;0;0;0;1;0;0;0;1;0;0;21.4
299000.0;113.0;4;0;2;2;1930;0;0;0;1;0;0;1;0;0;0;0;0;0;1;0;0;32.1
364500.0;74.9;4;0;2;4;1985;0;1;0;0;0;0;0;0;0;1;0;0;0;1;0;0;26.3
79900.0;42.88;1;0;1;1;1920;0;0;0;1;0;0;0;1;0;0;0;1;0;1;0;0;23.5
452500.0;67.03;4;1;1;2;2021;1;0;0;0;0;0;1;0;0;0;0;0;1;1;0;0;38.0
449000.0;88.0;4;1;1;1;2021;1;0;0;0;0;0;1;0;0;0;0;0;1;1;0;0;32.7
350000.0;83.0;3;0;2;4;1925;0;1;0;0;0;0;1;0;0;0;0;0;0;1;0;0;13.0
535190.0;98.2;4;1;4;4;2021;0;1;0;0;0;0;0;0;0;1;0;0;1;1;0;0;21.4
434600.0;82.0;4;1;3;4;2021;0;1;0;0;0;0;0;0;0;1;0;0;1;1;0;0;21.4
390720.0;70.4;3;1;2;4;2021;0;1;0;0;0;0;0;0;0;1;0;0;1;1;0;0;21.4
344344.0;60.2;3;1;0;4;2021;0;1;0;0;0;0;0;0;0;1;0;0;1;1;0;0;21.4
318280.0;58.4;3;1;3;4;2021;0;1;0;0;0;0;0;0;0;1;0;0;1;1;0;0;21.4
298660.0;54.8;1;1;1;4;2021;0;1;0;0;0;0;0;0;0;1;0;0;1;1;0;0;21.4
268140.0;49.2;2;1;0;4;2021;0;1;0;0;0;0;0;0;0;1;0;0;1;1;0;0;21.4
530000.0;91.1;4;1;1;2;2021;1;0;0;0;0;0;1;0;0;0;0;0;1;1;0;0;4.4
300255.0;54.1;3;1;1;4;2021;0;1;0;0;0;0;0;0;0;1;0;0;1;1;0;0;21.4
271285.0;37.29;2;1;4;7;2021;1;0;0;0;0;0;0;0;0;1;0;0;1;1;0;0;2.1
395000.0;87.0;3;0;1;2;2000;1;0;0;0;0;0;1;0;0;0;0;0;0;1;0;0;36.6
470000.0;56.35;4;0;2;7;2020;1;0;0;0;0;0;0;0;0;1;0;0;1;1;0;0;8.8
96000.0;32.5;1;0;1;2;1900;0;0;0;1;0;1;0;0;0;0;0;1;0;1;0;0;22.1
179000.0;38.3;2;0;8;10;1976;0;1;0;0;0;0;0;0;0;1;0;0;0;0;0;1;20.4
425000.0;82.0;3;1;0;1;2021;1;0;0;0;0;0;1;0;0;0;0;0;1;1;0;0;31.3
442200.0;58.96;3;1;0;2;2020;1;0;0;0;0;0;0;0;1;0;0;0;1;1;0;0;29.9
470000.0;79.02;4;1;0;1;2021;1;0;0;0;0;0;1;0;0;0;0;0;1;1;0;0;31.3
470000.0;88.5;4;1;1;1;2021;1;0;0;0;0;0;1;0;0;0;0;0;1;1;0;0;31.3
219000.0;46.0;2;0;2;4;1965;0;1;0;0;0;0;0;0;0;1;0;0;1;0;0;1;25.5
415700.0;51.91;3;1;1;2;2021;1;0;0;0;0;0;1;0;0;0;0;0;1;1;0;0;36.9
495000.0;78.78;4;1;0;1;2021;0;0;0;0;1;0;1;0;0;0;0;0;1;1;0;0;73.4
480000.0;119.97;3;0;0;2;2010;1;0;0;0;0;0;1;0;0;0;0;0;0;1;0;0;40.0
381600.0;60.0;3;1;0;3;2020;1;0;0;0;0;0;1;0;0;0;0;0;1;1;0;0;34.9
296100.0;43.4;2;1;1;1;2021;1;0;0;0;0;0;1;0;0;0;0;0;1;1;0;0;36.0
229000.0;63.0;2;0;1;1;1950;0;0;0;1;0;0;0;0;0;1;0;0;1;1;0;0;31.3
399000.0;66.8;3;0;0;1;2020;1;0;0;0;0;0;1;0;0;0;0;0;1;1;0;0;36.6
375000.0;97.0;2;0;1;4;1914;0;0;0;1;0;1;0;0;0;0;0;0;0;1;0;0;20.4
360000.0;67.6;3;1;1;1;2020;0;1;0;0;0;0;1;0;0;0;0;0;1;1;0;0;22.1
318000.0;53.09;3;1;0;1;2020;1;0;0;0;0;0;1;0;0;0;0;0;1;1;0;0;16.1
554581.0;78.11;3;1;1;2;2021;1;0;0;0;0;0;0;0;0;1;0;0;1;1;0;0;37.7
483284.0;89.76;4;1;2;4;2019;1;0;0;0;0;0;0;0;0;1;0;0;1;1;0;0;13.0
388000.0;74.11;4;1;2;2;2020;1;0;0;0;0;0;1;0;0;0;0;0;1;1;0;0;37.5
399000.0;101.08;4;0;2;4;1925;0;1;0;0;0;0;0;0;0;0;1;1;0;0;1;0;3.1
428900.0;114.38;3;0;0;4;1904;0;0;0;1;0;0;1;0;0;0;0;0;0;1;0;0;2.0
