Cena;Powierzchnia;Liczba pokoi;Rynek;Piętro;Liczba pięter;Rok budowy;Rodzaj zabudowy_apartamentowiec;Rodzaj zabudowy_blok;Rodzaj zabudowy_dom wolnostojący;Rodzaj zabudowy_kamienica;Rodzaj zabudowy_loft;Rodzaj zabudowy_szeregowiec;Ogrzewanie_elektryczne;Ogrzewanie_gazowe;Ogrzewanie_inne;Ogrzewanie_kotłownia;Ogrzewanie_miejskie;Stan wykończenia_do remontu;Stan wykończenia_do wykończenia;Forma własności_pełna własność;Forma własności_spółdzielcze wł z KW;Forma własności_spółdzielcze własnościowe;Forma własności_udział;API_Google_Distance
575000.0;54.0;4;0;1;11;1964;0;1;0;0;0;0;0;0;0;0;1;0;0;0;0;1;0;4.9
349900.0;37.0;2;0;3;4;1970;0;1;0;0;0;0;0;0;0;0;1;0;0;1;0;0;0;9.1
498000.0;47.0;3;0;4;10;1980;0;1;0;0;0;0;0;0;0;0;1;0;0;1;0;0;0;9.2
1450000.0;82.2;3;0;10;16;2011;1;0;0;0;0;0;0;0;0;0;1;0;0;1;0;0;0;8.9
936250.0;74.9;3;0;1;5;2009;1;0;0;0;0;0;0;0;0;0;1;0;0;1;0;0;0;8.8
1099000.0;51.5;3;0;1;7;2021;1;0;0;0;0;0;0;0;0;0;1;0;0;1;0;0;0;9.7
770000.0;69.0;3;0;3;3;2021;0;1;0;0;0;0;0;0;0;1;0;0;1;1;0;0;0;13.9
635000.0;44.6;2;0;0;3;1929;0;0;0;1;0;0;0;1;0;0;0;0;0;1;0;0;0;8.1
1950000.0;62.1;2;0;4;4;2002;1;0;0;0;0;0;0;0;0;0;1;0;0;1;0;0;0;2.4
1850000.0;77.0;2;0;5;5;2010;1;0;0;0;0;0;0;0;1;0;0;0;0;1;0;0;0;4.9
1395000.0;93.0;3;0;3;5;2013;0;1;0;0;0;0;0;0;0;0;1;0;0;1;0;0;0;6.8
1345000.0;40.58;2;0;11;17;2020;1;0;0;0;0;0;0;0;1;0;0;0;0;1;0;0;0;10.8
1320000.0;71.0;4;0;4;4;2018;1;0;0;0;0;0;0;0;0;0;1;0;0;1;0;0;0;9.4
1299000.0;104.0;4;0;2;3;1920;0;0;0;1;0;0;0;1;0;0;0;0;0;1;0;0;0;0.0
790000.0;44.15;2;0;1;3;1916;0;0;0;1;0;0;0;0;0;0;1;0;0;1;0;0;0;13.3
745000.0;64.26;4;1;3;3;2021;1;0;0;0;0;0;0;1;0;0;0;0;1;1;0;0;0;8.5
400000.0;40.8;2;0;2;2;1959;0;1;0;0;0;0;0;0;0;0;1;0;0;1;0;0;0;9.3
370000.0;32.69;1;1;2;3;2021;1;0;0;0;0;0;0;1;0;0;0;0;1;1;0;0;0;8.5
1700000.0;110.19;4;0;2;2;1936;0;0;0;1;0;0;0;1;0;0;0;0;0;1;0;0;0;4.6
1650000.0;92.2;4;0;2;2;2014;1;0;0;0;0;0;0;0;1;0;0;0;0;1;0;0;0;7.1
1275000.0;42.5;2;0;0;3;2010;1;0;0;0;0;0;0;0;0;0;1;0;0;1;0;0;0;5.1
1217000.0;94.34;3;0;4;5;2020;1;0;0;0;0;0;0;0;0;0;1;0;1;1;0;0;0;10.3
1175658.0;83.38;4;0;0;2;2022;1;0;0;0;0;0;0;0;1;0;0;0;1;1;0;0;0;7.6
1049000.0;70.04;4;0;1;3;1960;0;0;0;1;0;0;0;1;0;0;0;0;0;1;0;0;0;12.7
1049000.0;70.04;4;0;1;3;1960;0;0;0;1;0;0;0;1;0;0;0;0;0;1;0;0;0;13.6
899000.0;79.8;4;0;1;2;1928;0;0;0;1;0;0;0;0;0;0;1;0;0;1;0;0;0;10.1
860000.0;90.0;4;0;3;4;1936;0;0;0;1;0;0;0;0;0;0;1;0;0;1;0;0;0;9.3
595000.0;30.03;1;0;0;3;2020;1;0;0;0;0;0;0;0;0;0;1;0;0;1;0;0;0;9.4
395000.0;29.6;1;0;1;1;1954;0;1;0;0;0;0;0;1;0;0;0;0;0;1;0;0;0;10.1
355000.0;40.6;2;0;2;10;1976;0;1;0;0;0;0;0;0;0;0;1;0;0;0;0;1;0;8.9
789000.0;73.0;3;0;2;3;2000;0;1;0;0;0;0;0;0;0;0;1;0;0;0;1;0;0;12.6
448000.0;53.1;3;0;3;11;1984;0;1;0;0;0;0;0;0;0;0;1;1;0;0;0;1;0;6.8
439000.0;34.7;2;0;1;10;1981;0;1;0;0;0;0;0;0;0;0;1;0;0;0;0;1;0;12.2
430000.0;33.0;2;0;3;4;1968;0;1;0;0;0;0;0;0;0;0;1;0;0;0;1;0;0;7.3
744855.0;52.52;3;0;2;3;2023;0;0;1;0;0;0;0;1;0;0;0;0;1;1;0;0;0;10.0
699999.0;74.5;3;0;2;3;2000;0;1;0;0;0;0;0;0;0;0;1;0;0;1;0;0;0;8.7
239000.0;17.0;1;0;0;10;1970;0;1;0;0;0;0;0;0;0;0;1;0;0;0;0;1;0;16.7
750000.0;58.0;4;0;2;2;1950;0;0;0;1;0;0;0;0;1;0;0;0;0;1;0;0;0;8.2
790000.0;48.2;2;0;3;3;2018;1;0;0;0;0;0;0;0;0;0;1;0;0;1;0;0;0;6.5
1180000.0;59.7;4;0;3;3;2019;0;1;0;0;0;0;0;0;0;0;1;0;0;1;0;0;0;10.1
949000.0;87.0;4;0;4;4;2020;0;0;0;0;1;0;0;0;0;1;0;0;0;1;0;0;0;12.3
990000.0;117.0;5;0;3;3;2010;0;1;0;0;0;0;0;1;0;0;0;0;0;1;0;0;0;12.3
879000.0;68.0;3;0;3;4;2021;1;0;0;0;0;0;0;0;0;0;1;0;0;1;0;0;0;13.8
795822.5;74.04;3;1;1;17;2023;0;1;0;0;0;0;0;0;0;0;1;0;1;1;0;0;0;11.5
880000.0;64.8;3;0;7;8;2009;0;1;0;0;0;0;0;0;0;0;1;0;0;1;0;0;0;14.8
675000.0;86.9;4;0;3;4;1995;0;1;0;0;0;0;0;0;0;0;1;0;0;0;1;0;0;8.7
525000.0;64.0;3;0;3;4;1990;0;1;0;0;0;0;0;0;0;0;1;0;0;1;0;0;0;10.8
390000.0;27.0;1;0;0;4;1970;0;1;0;0;0;0;0;0;0;0;1;0;0;1;0;0;0;7.0
528000.0;53.0;3;0;0;11;1969;0;1;0;0;0;0;0;0;0;0;1;0;0;0;0;1;0;5.3
528000.0;53.0;3;0;0;11;1969;0;1;0;0;0;0;0;0;0;0;1;0;0;0;0;1;0;5.3
479000.0;86.0;4;0;1;1;1930;0;0;0;1;0;0;0;1;0;0;0;0;0;1;0;0;0;12.0
590000.0;54.0;3;0;1;4;1970;0;1;0;0;0;0;0;0;0;0;1;1;0;0;0;1;0;5.3
498900.0;38.0;2;0;2;4;1955;0;1;0;0;0;0;0;0;0;0;1;0;1;1;0;0;0;12.7
1849000.0;58.0;2;0;2;3;2010;1;0;0;0;0;0;0;0;0;0;1;0;0;1;0;0;0;5.0
699000.0;51.0;2;0;0;4;1969;0;1;0;0;0;0;0;0;0;0;1;0;0;1;0;0;0;5.4
1570000.0;76.0;3;0;4;4;2017;1;0;0;0;0;0;0;0;0;0;1;0;0;1;0;0;0;9.6
856336.0;47.84;2;0;10;10;1975;0;1;0;0;0;0;0;0;0;0;1;0;0;0;0;1;0;4.1
699000.0;45.5;2;0;3;3;1910;0;0;0;1;0;0;0;0;0;0;1;0;0;1;0;0;0;11.4
810000.0;67.28;3;0;2;3;2020;1;0;0;0;0;0;0;0;0;0;1;0;0;1;0;0;0;14.9
896000.0;74.67;3;0;3;3;1958;0;0;0;1;0;0;0;0;0;0;1;0;0;1;0;0;0;9.4
870000.0;73.0;4;0;0;1;1918;0;0;0;1;0;0;0;1;0;0;0;0;0;1;0;0;0;2.3
1940000.0;81.88;3;0;1;2;2009;1;0;0;0;0;0;0;0;0;0;1;0;0;1;0;0;0;9.8
545759.5;49.39;2;1;3;17;2023;0;1;0;0;0;0;0;0;0;0;1;0;1;1;0;0;0;11.5
609381.5;53.69;3;1;6;17;2023;0;1;0;0;0;0;0;0;0;0;1;0;1;1;0;0;0;12.2
1040000.0;59.7;3;0;3;7;2001;0;0;0;1;0;0;0;0;0;0;1;0;0;1;0;0;0;10.3
1999000.0;61.0;2;0;4;4;2002;0;0;0;1;0;0;0;0;0;0;1;0;0;1;0;0;0;1.8
1199999.0;95.1;3;0;1;2;2001;0;1;0;0;0;0;0;0;0;0;1;0;0;1;0;0;0;7.5
549000.0;43.0;2;0;0;4;1960;0;0;0;1;0;0;0;1;0;0;0;0;0;1;0;0;0;9.9
759000.0;93.57;3;0;1;2;1924;0;0;0;1;0;0;0;0;0;0;1;0;0;1;0;0;0;9.6
2150000.0;86.0;4;0;5;5;2016;1;0;0;0;0;0;0;0;0;0;1;0;0;1;0;0;0;7.7
1849000.0;58.0;2;0;2;3;2010;0;1;0;0;0;0;0;0;0;0;1;0;0;1;0;0;0;5.0
481000.0;64.0;3;0;1;4;1975;0;1;0;0;0;0;0;0;0;0;1;1;0;0;0;1;0;7.4
700000.0;60.0;3;0;3;4;2021;0;1;0;0;0;0;0;0;0;0;1;0;0;1;0;0;0;18.4
599000.0;52.47;3;0;3;10;1981;0;1;0;0;0;0;0;0;0;0;1;0;0;1;0;0;0;5.6
350000.0;41.9;2;0;4;5;1996;0;1;0;0;0;0;0;0;0;0;1;0;0;1;0;0;0;10.2
310000.0;21.98;1;0;8;9;1980;0;1;0;0;0;0;0;0;0;0;1;0;0;1;0;0;0;7.6
299000.0;26.0;1;0;0;4;1973;0;1;0;0;0;0;0;0;0;0;1;0;0;1;0;0;0;13.6
765000.0;68.0;3;0;2;3;2020;0;1;0;0;0;0;0;0;0;0;1;0;0;1;0;0;0;13.8
560000.0;60.6;3;0;3;4;1980;0;1;0;0;0;0;0;0;0;0;1;0;0;1;0;0;0;16.4
519000.0;50.33;2;0;1;4;1997;0;1;0;0;0;0;0;0;0;0;1;0;0;1;0;0;0;9.7
699000.0;54.0;3;0;7;10;1970;0;1;0;0;0;0;0;0;0;0;1;0;0;0;1;0;0;9.0
780000.0;76.88;4;0;1;5;2013;0;1;0;0;0;0;0;0;0;0;1;0;0;1;0;0;0;12.5
415000.0;40.0;2;0;1;10;1975;0;1;0;0;0;0;0;0;0;0;1;0;0;1;0;0;0;8.9
630000.0;51.0;3;0;0;3;2017;0;1;0;0;0;0;0;1;0;0;0;0;0;1;0;0;0;11.6
459000.0;35.3;2;0;4;4;1980;0;1;0;0;0;0;0;0;0;0;1;0;0;0;1;0;0;7.3
580000.0;56.89;3;0;1;2;1950;0;0;0;1;0;0;0;1;0;0;0;0;0;1;0;0;0;13.0
360000.0;46.3;2;0;8;10;1978;0;1;0;0;0;0;0;0;0;0;1;1;0;1;0;0;0;11.5
780000.0;100.0;4;0;3;3;2009;0;1;0;0;0;0;0;0;1;0;0;0;0;1;0;0;0;12.3
470000.0;42.0;2;0;2;4;1968;0;1;0;0;0;0;0;0;0;0;1;0;0;1;0;0;0;5.7
1500000.0;238.15;4;0;4;5;1937;0;0;0;1;0;0;1;0;0;0;0;0;0;1;0;0;0;10.2
1790000.0;178.25;6;0;1;2;1907;0;0;0;1;0;0;0;1;0;0;0;0;0;1;0;0;0;5.3
895000.0;70.1;3;0;9;17;2009;1;0;0;0;0;0;0;0;0;0;1;0;0;1;0;0;0;8.1
565000.0;52.0;2;0;2;4;1960;0;0;0;1;0;0;0;0;0;0;1;0;0;1;0;0;0;8.8
1090000.0;101.2;4;0;0;2;2000;0;1;0;0;0;0;0;0;0;0;1;0;0;1;0;0;0;13.8
630000.0;56.0;2;0;0;2;2015;0;1;0;0;0;0;0;0;0;0;1;0;0;1;0;0;0;6.1
437400.0;27.0;1;0;4;5;2021;0;1;0;0;0;0;0;0;0;0;1;0;0;1;0;0;0;12.5
950000.0;44.8;2;0;5;28;2009;1;0;0;0;0;0;0;0;0;0;1;0;0;1;0;0;0;10.7
990000.0;80.0;3;0;0;3;1950;0;0;0;1;0;0;0;1;0;0;0;0;0;1;0;0;0;9.0
1295000.0;127.0;5;0;3;3;1900;0;0;0;1;0;0;0;1;0;0;0;0;0;1;0;0;0;9.9
899000.0;78.39;4;0;1;2;1928;0;0;0;1;0;0;1;0;0;0;0;0;0;1;0;0;0;10.1
499000.0;53.7;3;0;10;10;1974;0;1;0;0;0;0;0;0;0;0;1;1;0;1;0;0;0;9.8
929000.0;48.07;3;0;11;17;2018;0;1;0;0;0;0;0;0;0;0;1;0;0;1;0;0;0;6.4
663487.0;68.05;4;1;1;6;2021;0;1;0;0;0;0;0;0;0;0;1;0;1;1;0;0;0;12.1
1410000.0;64.12;3;0;3;7;2015;1;0;0;0;0;0;0;0;0;0;1;0;0;1;0;0;0;9.9
799000.0;62.4;4;0;5;6;1980;0;1;0;0;0;0;0;0;0;0;1;0;0;0;0;1;0;8.3
529000.0;47.4;3;0;4;10;1970;0;1;0;0;0;0;0;0;0;0;1;1;0;0;0;1;0;4.4
585000.0;54.0;3;0;3;4;1973;0;1;0;0;0;0;0;0;0;0;1;0;0;1;0;0;0;6.6
936250.0;74.9;3;0;1;4;2009;1;0;0;0;0;0;0;0;0;0;1;0;0;1;0;0;0;9.2
320000.0;37.7;2;0;1;2;1950;0;0;0;1;0;0;0;0;1;0;0;0;0;1;0;0;0;12.9
985000.0;42.0;2;0;2;6;2020;1;0;0;0;0;0;0;0;0;0;1;0;0;1;0;0;0;10.3
690000.0;85.0;3;0;0;3;1990;0;0;0;1;0;0;0;1;0;0;0;1;0;1;0;0;0;7.5
599000.0;34.0;2;1;2;5;2021;1;0;0;0;0;0;0;0;0;0;1;0;1;1;0;0;0;9.5
520000.0;38.0;2;0;4;7;1968;0;1;0;0;0;0;0;0;0;0;1;0;0;1;0;0;0;9.0
529000.0;46.0;2;0;1;10;1975;0;1;0;0;0;0;0;0;0;0;1;0;0;1;0;0;0;5.3
795000.0;50.0;2;0;10;17;2011;1;0;0;0;0;0;0;0;0;0;1;0;0;1;0;0;0;7.8
990000.0;80.0;3;0;0;2;1950;0;0;0;1;0;0;0;1;0;0;0;1;0;1;0;0;0;9.2
950000.0;81.92;4;0;3;3;1920;0;0;0;1;0;0;0;0;0;0;1;0;1;1;0;0;0;8.7
580000.0;54.36;3;0;3;4;1969;0;1;0;0;0;0;0;0;0;0;1;1;0;1;0;0;0;9.3
990000.0;69.8;3;0;4;6;2013;1;0;0;0;0;0;0;0;0;0;1;0;0;1;0;0;0;7.5
840225.0;87.07;4;1;0;17;2023;1;0;0;0;0;0;0;0;0;0;1;0;1;1;0;0;0;12.1
530000.0;64.22;3;1;0;1;2022;1;0;0;0;0;0;0;0;1;0;0;0;1;1;0;0;0;10.8
626977.0;56.74;3;1;1;17;2023;1;0;0;0;0;0;0;0;0;0;1;0;1;1;0;0;0;12.1
780000.0;93.2;4;0;1;2;2008;0;0;1;0;0;0;0;1;0;0;0;0;0;1;0;0;0;12.7
465000.0;28.5;1;0;3;5;2020;0;1;0;0;0;0;0;0;0;0;1;0;0;1;0;0;0;12.5
1080000.0;73.81;3;0;1;2;1942;0;0;0;1;0;0;0;1;0;0;0;0;0;1;0;0;0;5.4
990000.0;73.67;3;0;4;5;2020;1;0;0;0;0;0;0;0;0;0;1;0;0;1;0;0;0;9.2
730000.0;54.2;3;0;0;4;1980;0;1;0;0;0;0;0;0;0;0;1;0;0;1;0;0;0;8.8
495000.0;47.0;2;0;1;5;1958;0;0;0;1;0;0;0;0;0;0;1;0;0;1;0;0;0;12.1
539000.0;37.2;2;0;0;11;1970;0;1;0;0;0;0;0;0;0;0;1;0;0;0;0;1;0;2.2
795000.0;107.0;6;0;2;3;1895;0;0;0;1;0;0;0;1;0;0;0;1;0;1;0;0;0;8.9
1558000.0;70.64;3;0;11;18;2015;1;0;0;0;0;0;0;0;0;0;1;0;0;1;0;0;0;6.4
725630.0;48.7;2;0;1;2;1932;0;0;0;1;0;0;0;1;0;0;0;0;0;1;0;0;0;9.5
620000.0;59.0;2;0;1;5;1970;0;1;0;0;0;0;0;0;0;0;1;0;0;0;1;0;0;10.1
527100.0;42.0;2;0;4;9;1970;0;1;0;0;0;0;0;0;0;0;1;0;0;1;0;0;0;7.8
355000.0;40.6;2;0;2;10;1976;0;1;0;0;0;0;0;0;0;0;1;0;0;0;0;1;0;8.9
635000.0;44.66;2;0;0;3;1929;0;0;0;1;0;0;0;1;0;0;0;0;0;1;0;0;0;8.1
1149000.0;68.08;3;0;11;15;2007;1;0;0;0;0;0;0;0;0;0;1;0;0;1;0;0;0;7.8
545900.0;52.0;3;0;1;3;1960;0;0;0;1;0;0;0;0;0;0;1;0;0;1;0;0;0;10.5
478000.0;31.0;2;0;0;10;1975;0;1;0;0;0;0;0;0;0;0;1;0;0;0;0;1;0;4.0
630000.0;68.0;4;0;2;3;1935;0;0;0;1;0;0;0;1;0;0;0;1;0;1;0;0;0;8.4
425000.0;27.0;1;0;4;4;1980;0;1;0;0;0;0;0;0;0;0;1;0;0;0;1;0;0;9.6
515000.0;49.0;3;0;2;10;1970;0;1;0;0;0;0;0;0;0;0;1;0;0;1;0;0;0;8.9
354000.0;38.04;1;0;1;3;1985;0;1;0;0;0;0;0;0;0;0;1;0;0;1;0;0;0;16.4
695000.0;54.7;2;0;8;9;1965;0;1;0;0;0;0;0;0;0;0;1;1;0;0;1;0;0;12.7
647000.0;55.0;3;0;5;10;1970;0;1;0;0;0;0;0;0;0;0;1;0;0;1;0;0;0;5.1
619900.0;50.73;3;1;10;12;2021;1;0;0;0;0;0;0;0;0;0;1;0;1;1;0;0;0;12.0
599000.0;49.7;2;0;4;4;2013;0;1;0;0;0;0;0;0;0;0;1;0;0;1;0;0;0;16.4
479000.0;86.0;4;0;1;2;1920;0;0;0;1;0;0;0;1;0;0;0;0;0;1;0;0;0;11.5
520000.0;51.0;3;0;4;4;1963;0;1;0;0;0;0;0;0;0;0;1;1;0;0;0;1;0;6.2
450000.0;51.2;3;0;4;4;1967;0;1;0;0;0;0;0;0;0;0;1;0;0;1;0;0;0;17.3
690000.0;47.0;3;0;8;10;1975;0;1;0;0;0;0;0;0;0;0;1;1;0;1;0;0;0;2.3
1699000.0;110.19;4;0;0;2;1930;0;0;1;0;0;0;0;1;0;0;0;1;0;1;0;0;0;5.0
1530000.0;86.0;4;0;0;4;2018;1;0;0;0;0;0;0;0;0;0;1;0;0;1;0;0;0;9.4
480000.0;48.4;2;0;4;5;1955;0;1;0;0;0;0;0;0;0;0;1;1;0;1;0;0;0;9.0
995000.0;61.75;3;0;0;4;2017;0;1;0;0;0;0;0;0;0;0;1;0;0;1;0;0;0;9.0
970000.0;98.0;6;0;3;4;1938;0;0;0;1;0;0;0;0;0;0;1;0;0;1;0;0;0;10.1
1898000.0;89.76;3;0;4;4;2017;1;0;0;0;0;0;0;0;0;0;1;0;0;1;0;0;0;9.6
495000.0;47.0;2;0;0;10;1980;0;1;0;0;0;0;0;0;0;0;1;1;0;1;0;0;0;1.8
515000.0;65.3;3;0;0;4;1990;0;1;0;0;0;0;0;0;0;0;1;0;0;1;0;0;0;9.8
499000.0;70.0;3;0;3;3;2001;0;1;0;0;0;0;0;0;1;0;0;0;0;1;0;0;0;26.3
790000.0;64.0;4;0;1;11;1974;0;1;0;0;0;0;0;0;0;0;1;0;0;0;1;0;0;5.1
448000.0;27.0;1;0;3;5;2021;0;1;0;0;0;0;0;0;0;0;1;0;1;1;0;0;0;12.7
315000.0;28.0;2;0;0;2;1950;0;0;0;1;0;0;1;0;0;0;0;0;0;1;0;0;0;12.1
550000.0;47.0;3;0;0;10;1970;0;1;0;0;0;0;0;0;0;0;1;0;0;0;0;1;0;2.0
1279000.0;75.06;4;0;4;5;1995;0;0;0;1;0;0;0;1;0;0;0;0;0;1;0;0;0;9.0
987000.0;83.0;3;0;4;4;1950;0;0;0;1;0;0;0;0;0;0;1;1;0;0;1;0;0;9.0
630000.0;67.73;4;0;2;3;1935;0;0;0;1;0;0;0;1;0;0;0;0;0;1;0;0;0;9.2
949000.0;147.5;6;0;4;5;1995;0;1;0;0;0;0;0;0;0;0;1;0;0;1;0;0;0;9.7
899000.0;78.4;4;0;1;2;1928;0;0;0;1;0;0;1;0;0;0;0;0;0;1;0;0;0;10.1
579000.0;33.77;2;0;1;6;2020;0;1;0;0;0;0;0;0;0;0;1;0;0;1;0;0;0;9.9
579000.0;33.77;2;0;1;6;2020;0;1;0;0;0;0;0;0;0;0;1;0;0;1;0;0;0;9.1
599000.0;47.3;2;0;0;2;1930;0;0;0;1;0;0;0;1;0;0;0;0;0;1;0;0;0;4.1
729000.0;66.34;3;0;0;3;2002;0;1;0;0;0;0;0;0;0;0;1;0;0;1;0;0;0;14.9
980000.0;104.0;4;0;3;3;2012;0;1;0;0;0;0;0;0;0;0;1;0;0;1;0;0;0;14.2
329000.0;26.0;1;0;2;4;1980;0;1;0;0;0;0;0;0;0;0;1;1;0;1;0;0;0;9.2
545000.0;53.2;3;0;8;10;1970;0;1;0;0;0;0;0;0;0;0;1;1;0;1;0;0;0;4.2
438000.0;43.6;2;0;2;4;1970;0;1;0;0;0;0;0;0;0;0;1;1;0;1;0;0;0;6.6
652000.0;62.0;3;0;9;10;1980;0;1;0;0;0;0;0;0;0;0;1;0;0;1;0;0;0;7.1
539000.0;45.0;3;0;1;1;1900;0;0;0;1;0;0;0;1;0;0;0;0;0;1;0;0;0;9.7
530000.0;64.22;3;0;0;1;2021;0;0;1;0;0;0;0;0;1;0;0;0;0;1;0;0;0;11.5
599000.0;53.0;2;0;1;10;1970;0;1;0;0;0;0;0;0;0;0;1;1;0;1;0;0;0;6.1
699000.0;56.0;3;1;9;10;1975;0;1;0;0;0;0;0;0;0;0;1;0;0;1;0;0;0;10.0
429000.0;38.0;2;0;3;4;1970;0;1;0;0;0;0;0;0;0;0;1;0;0;1;0;0;0;6.6
599999.0;53.0;3;0;3;10;1970;0;1;0;0;0;0;0;0;0;0;1;0;0;1;0;0;0;5.6
579000.0;54.0;3;0;3;4;1975;0;1;0;0;0;0;0;0;0;0;1;1;0;0;0;1;0;6.5
399000.0;22.79;1;0;3;10;1970;0;1;0;0;0;0;0;0;0;0;1;0;0;1;0;0;0;7.7
499000.0;50.0;3;0;1;8;1970;0;1;0;0;0;0;0;0;0;0;1;0;0;1;0;0;0;6.0
895000.0;70.1;3;0;9;17;2009;1;0;0;0;0;0;0;0;0;0;1;0;0;1;0;0;0;9.2
539000.0;43.66;2;0;3;16;2021;1;0;0;0;0;0;0;0;0;0;1;0;1;1;0;0;0;12.3
320000.0;37.7;2;0;1;2;1940;0;0;0;1;0;0;0;0;1;0;0;0;0;1;0;0;0;12.9
990000.0;90.0;5;0;2;4;1975;0;1;0;0;0;0;0;0;0;0;1;0;0;1;0;0;0;10.2
499000.0;37.7;2;0;2;10;1970;0;1;0;0;0;0;0;0;0;0;1;0;0;0;1;0;0;2.6
441000.0;34.2;2;0;5;7;1973;0;1;0;0;0;0;0;0;0;0;1;0;0;1;0;0;0;7.2
599000.0;41.0;2;0;11;18;2021;0;1;0;0;0;0;0;0;0;0;1;0;1;1;0;0;0;11.6
339000.0;31.9;1;0;3;4;2008;0;1;0;0;0;0;0;0;0;0;1;0;0;1;0;0;0;13.3
615000.0;39.7;2;0;1;5;2021;0;1;0;0;0;0;0;0;0;0;1;0;1;1;0;0;0;13.2
422000.0;35.17;2;0;0;3;2017;1;0;0;0;0;0;0;1;0;0;0;0;0;1;0;0;0;11.6
590000.0;60.0;3;0;0;3;1950;0;0;0;1;0;0;0;0;0;0;1;0;0;1;0;0;0;9.4
989000.0;148.5;3;0;0;2;2000;0;0;1;0;0;0;0;0;1;0;0;0;0;1;0;0;0;9.2
999000.0;72.08;4;0;4;4;2019;1;0;0;0;0;0;0;0;0;0;1;0;0;1;0;0;0;6.2
713000.0;45.0;2;0;3;3;1970;0;1;0;0;0;0;0;0;0;0;1;0;1;1;0;0;0;1.8
455000.0;39.4;2;0;0;2;1905;0;0;0;1;0;0;0;1;0;0;0;0;0;1;0;0;0;9.2
2037600.0;67.92;3;0;3;3;2006;0;0;0;1;0;0;0;1;0;0;0;0;0;1;0;0;0;0.1
780000.0;76.88;4;0;1;4;2013;0;1;0;0;0;0;0;0;0;0;1;0;0;1;0;0;0;12.5
600000.0;50.44;2;0;2;3;1900;0;0;0;1;0;0;0;0;0;0;1;0;0;1;0;0;0;9.8
869000.0;154.1;5;0;3;4;1995;0;1;0;0;0;0;0;0;0;0;1;0;0;1;0;0;0;10.2
999000.0;72.08;4;0;4;4;2019;1;0;0;0;0;0;0;0;0;0;1;0;0;1;0;0;0;5.4
589000.0;54.0;3;0;1;4;1980;0;1;0;0;0;0;0;0;0;0;1;0;0;0;0;1;0;7.0
799000.0;52.0;2;0;2;3;2018;1;0;0;0;0;0;0;0;0;0;1;0;0;1;0;0;0;6.2
347000.0;24.8;1;0;3;4;1980;0;1;0;0;0;0;0;0;0;0;1;0;0;1;0;0;0;17.0
539000.0;46.91;3;0;6;10;1975;0;1;0;0;0;0;0;0;0;0;1;0;0;0;1;0;0;4.1
801852.0;71.39;3;1;1;3;2022;0;1;0;0;0;0;0;0;0;0;1;0;1;1;0;0;0;7.5
1135500.0;75.7;4;1;3;3;2020;1;0;0;0;0;0;0;0;0;0;1;0;1;1;0;0;0;8.1
620000.0;59.0;2;0;1;5;1960;0;0;0;1;0;0;0;0;0;0;1;0;0;1;0;0;0;12.1
360000.0;27.0;1;0;3;4;1980;0;1;0;0;0;0;0;0;0;0;1;1;0;0;0;1;0;5.4
475000.0;75.0;3;0;3;3;1930;0;0;0;1;0;0;0;0;0;0;1;0;0;1;0;0;0;8.4
899000.0;75.52;2;0;4;5;1928;0;0;0;1;0;0;0;0;0;0;1;0;0;1;0;0;0;10.3
597000.0;42.09;2;0;3;4;1928;0;0;0;1;0;0;0;0;0;0;1;0;0;1;0;0;0;9.1
980000.0;104.0;4;0;3;3;2012;0;1;0;0;0;0;0;0;0;0;1;0;0;1;0;0;0;14.2
1790000.0;155.0;4;1;2;2;2021;1;0;0;0;0;0;0;1;0;0;0;0;1;1;0;0;0;1.8
790000.0;60.0;3;0;1;2;1930;0;0;0;1;0;0;0;1;0;0;0;0;0;1;0;0;0;5.1
719000.0;74.0;3;0;1;3;2014;0;1;0;0;0;0;0;1;0;0;0;0;0;1;0;0;0;12.5
590000.0;53.0;3;0;9;11;1989;0;1;0;0;0;0;0;0;0;0;1;0;0;1;0;0;0;3.5
1780000.0;81.0;4;0;2;3;2008;1;0;0;0;0;0;0;0;0;0;1;0;0;1;0;0;0;1.8
620000.0;62.0;3;0;1;9;1982;0;1;0;0;0;0;0;0;0;0;1;0;0;1;0;0;0;7.2
329000.0;26.0;1;0;2;4;1970;0;1;0;0;0;0;0;0;0;0;1;0;0;1;0;0;0;9.2
460000.0;46.0;2;0;4;10;1972;0;1;0;0;0;0;0;0;0;0;1;1;0;1;0;0;0;6.1
1586000.0;100.0;4;1;2;3;2021;1;0;0;0;0;0;0;0;1;0;0;0;1;1;0;0;0;10.0
575000.0;54.0;4;0;1;11;1964;0;1;0;0;0;0;0;0;0;0;1;0;0;0;0;1;0;4.9
349900.0;37.0;2;0;3;4;1970;0;1;0;0;0;0;0;0;0;0;1;0;0;1;0;0;0;9.1
919000.0;70.1;3;0;9;16;2010;1;0;0;0;0;0;0;0;0;0;1;0;0;1;0;0;0;8.1
425000.0;42.2;2;0;4;4;1970;0;1;0;0;0;0;0;0;0;0;1;0;0;1;0;0;0;7.7
495000.0;45.0;2;0;4;4;1965;0;1;0;0;0;0;0;0;0;0;1;0;0;1;0;0;0;6.5
639000.0;42.33;2;0;1;2;1920;0;0;0;1;0;0;1;0;0;0;0;0;0;1;0;0;0;3.6
669000.0;64.0;2;0;0;4;1930;0;0;0;1;0;0;0;0;0;0;1;1;0;1;0;0;0;9.7
529000.0;52.67;2;0;1;2;1954;0;0;0;1;0;0;0;0;0;0;1;1;0;1;0;0;0;8.1
340000.0;30.0;1;0;2;4;1970;0;1;0;0;0;0;0;0;0;0;1;0;0;1;0;0;0;6.2
1295000.0;108.0;5;0;3;3;1900;0;0;0;1;0;0;0;1;0;0;0;0;0;1;0;0;0;9.9
539000.0;25.0;3;0;1;1;1900;0;0;0;1;0;0;0;0;0;0;1;0;0;1;0;0;0;9.7
570000.0;78.12;4;0;2;3;1945;0;1;0;0;0;0;1;0;0;0;0;1;0;1;0;0;0;10.1
479900.0;52.1;3;0;4;4;1960;0;1;0;0;0;0;0;0;0;0;1;1;0;1;0;0;0;9.6
1030000.0;76.8;3;0;2;5;1952;0;0;0;1;0;0;0;0;0;0;1;1;0;1;0;0;0;9.1
715000.0;56.0;3;0;2;4;1980;0;1;0;0;0;0;0;0;0;0;1;0;0;1;0;0;0;10.0
490000.0;46.0;3;0;3;10;1965;0;1;0;0;0;0;0;0;0;0;1;1;0;1;0;0;0;10.0
585000.0;60.6;4;0;1;10;1975;0;1;0;0;0;0;0;0;0;0;1;1;0;1;0;0;0;8.1
990000.0;71.87;3;0;4;6;2013;1;0;0;0;0;0;0;0;0;0;1;0;0;1;0;0;0;6.8
845000.0;64.6;3;0;2;4;1933;0;1;0;0;0;0;0;0;0;0;1;0;0;1;0;0;0;9.1
620000.0;59.0;2;0;1;4;1960;0;1;0;0;0;0;0;0;0;0;1;0;0;1;0;0;0;10.1
715000.0;72.7;4;0;2;6;1970;0;1;0;0;0;0;0;0;0;0;1;0;1;0;0;1;0;7.9
640000.0;73.72;3;1;0;2;2021;1;0;0;0;0;0;0;0;1;0;0;0;1;1;0;0;0;7.1
1034700.0;34.49;1;0;3;3;2006;0;0;0;1;0;0;0;1;0;0;0;0;0;1;0;0;0;0.1
440000.0;51.9;2;0;3;3;1960;0;0;0;1;0;0;1;0;0;0;0;1;0;1;0;0;0;12.7
1319000.0;71.0;4;0;4;4;2018;0;1;0;0;0;0;0;0;0;0;1;0;0;1;0;0;0;9.4
885500.0;38.5;2;0;3;4;2000;1;0;0;0;0;0;0;0;0;0;1;0;0;1;0;0;0;1.9
999000.0;47.0;2;0;11;17;2021;0;1;0;0;0;0;0;0;0;0;1;0;1;1;0;0;0;8.4
449000.0;42.0;2;0;0;10;1972;0;1;0;0;0;0;0;0;0;0;1;0;0;1;0;0;0;16.6
495000.0;46.0;2;0;5;10;1971;0;1;0;0;0;0;0;0;0;0;1;0;0;0;1;0;0;5.4
800000.0;70.0;3;0;1;2;1940;0;0;0;1;0;0;0;1;0;0;0;1;0;1;0;0;0;7.9
579000.0;48.4;2;0;4;4;2013;1;0;0;0;0;0;0;0;0;0;1;0;0;1;0;0;0;14.2
715000.0;56.0;3;0;2;4;1976;0;1;0;0;0;0;0;0;0;0;1;0;0;1;0;0;0;10.0
1750000.0;96.25;4;0;1;3;2009;1;0;0;0;0;0;0;0;0;0;1;0;0;1;0;0;0;3.3
630000.0;48.2;3;0;2;6;1980;0;1;0;0;0;0;0;0;0;0;1;0;0;0;1;0;0;7.2
699000.0;54.2;2;0;7;10;1980;0;1;0;0;0;0;0;0;0;0;1;0;0;0;1;0;0;9.2
1120000.0;75.8;3;0;2;2;2017;0;0;1;0;0;0;0;1;0;0;0;0;0;1;0;0;0;7.5
614000.0;55.93;3;0;0;4;1970;0;1;0;0;0;0;0;0;0;0;1;0;0;1;0;0;0;7.0
649000.0;59.19;3;0;5;5;1950;0;0;0;1;0;0;0;0;0;0;1;0;0;1;0;0;0;12.1
1100000.0;75.0;3;0;4;11;2015;1;0;0;0;0;0;0;0;0;0;1;0;0;1;0;0;0;7.7
1045000.0;74.67;3;0;2;8;2018;1;0;0;0;0;0;0;0;0;0;1;0;0;1;0;0;0;8.3
880000.0;63.7;3;0;3;5;2000;0;1;0;0;0;0;0;0;0;0;1;0;0;1;0;0;0;7.8
1195000.0;51.0;2;0;1;3;2009;0;0;0;1;0;0;0;0;0;0;1;0;0;1;0;0;0;9.3
517111.0;47.66;2;1;4;17;2021;0;1;0;0;0;0;0;0;0;0;1;0;0;1;0;0;0;12.3
604305.0;61.98;3;1;3;17;2021;0;1;0;0;0;0;0;0;0;0;1;0;0;1;0;0;0;12.3
779000.0;43.9;2;0;11;15;2011;0;1;0;0;0;0;0;0;0;0;1;1;0;1;0;0;0;7.8
1099000.0;73.98;3;0;0;4;1960;0;1;0;0;0;0;0;0;0;0;1;0;0;0;0;1;0;1.6
699000.0;76.7;4;0;4;4;1958;0;1;0;0;0;0;0;0;0;0;1;1;0;1;0;0;0;9.2
639000.0;63.0;3;0;2;4;1963;0;1;0;0;0;0;0;0;0;0;1;1;0;1;0;0;0;8.9
1750000.0;111.3;3;0;1;3;1900;0;0;0;1;0;0;0;1;0;0;0;0;0;1;0;0;0;0.1
2112700.0;100.4;4;1;1;2;2020;1;0;0;0;0;0;0;0;0;0;1;0;0;1;0;0;0;5.0
490000.0;53.6;3;0;7;10;1975;0;1;0;0;0;0;0;0;0;0;1;1;0;1;0;0;0;9.1
899000.0;86.24;3;0;3;3;2015;1;0;0;0;0;0;0;0;0;0;1;0;0;1;0;0;0;14.3
1240812.0;79.8;3;1;2;5;2020;1;0;0;0;0;0;0;0;0;0;1;0;1;1;0;0;0;10.8
469000.0;48.2;2;0;8;10;1970;0;1;0;0;0;0;0;0;0;0;1;0;0;0;1;0;0;8.2
715000.0;57.0;3;0;2;4;1976;0;1;0;0;0;0;0;0;0;0;1;0;0;1;0;0;0;10.0
420000.0;39.1;1;0;1;4;1996;0;1;0;0;0;0;0;0;0;0;1;0;0;0;0;1;0;9.2
929000.0;46.0;2;0;7;17;2016;1;0;0;0;0;0;0;0;0;0;1;0;0;1;0;0;0;5.4
990000.0;69.8;3;0;4;6;2013;0;1;0;0;0;0;0;0;1;0;0;0;0;1;0;0;0;7.5
545000.0;50.5;2;0;2;2;1930;0;0;0;1;0;0;1;0;0;0;0;0;0;1;0;0;0;9.2
405000.0;39.6;2;0;2;4;1950;0;1;0;0;0;0;0;0;0;0;1;0;0;1;0;0;0;12.0
549000.0;60.01;3;0;2;4;1986;0;1;0;0;0;0;0;0;0;0;1;0;0;0;1;0;0;7.1
1100000.0;75.0;3;0;4;11;2015;1;0;0;0;0;0;0;0;0;0;1;0;0;1;0;0;0;7.7
656214.0;36.66;2;1;0;2;2023;1;0;0;0;0;0;0;1;0;0;0;0;1;1;0;0;0;7.9
1270000.0;84.33;4;1;5;7;2022;1;0;0;0;0;0;0;0;0;0;1;0;1;1;0;0;0;3.7
1130000.0;76.77;4;1;3;7;2022;1;0;0;0;0;0;0;0;0;0;1;0;1;1;0;0;0;3.7
1014832.0;55.76;3;1;0;2;2023;1;0;0;0;0;0;0;1;0;0;0;0;1;1;0;0;0;7.9
679000.0;63.15;2;0;2;2;2006;0;1;0;0;0;0;0;0;0;0;1;0;0;1;0;0;0;7.3
749000.0;72.94;3;0;2;2;1950;0;0;0;1;0;0;0;1;0;0;0;0;0;1;0;0;0;7.7
749000.0;72.94;3;0;2;2;1950;0;0;0;1;0;0;0;1;0;0;0;0;0;1;0;0;0;7.7
740000.0;64.02;3;0;2;2;1950;0;0;0;1;0;0;0;1;0;0;0;0;0;1;0;0;0;9.3
1295000.0;106.94;5;0;3;3;1900;0;0;0;1;0;0;0;1;0;0;0;0;0;1;0;0;0;9.2
1949000.0;112.0;4;0;3;5;2017;1;0;0;0;0;0;0;0;0;0;1;0;0;1;0;0;0;9.0
999000.0;55.54;2;0;8;12;2020;1;0;0;0;0;0;0;0;0;0;1;0;0;1;0;0;0;9.3
365000.0;42.0;2;0;4;4;1963;0;1;0;0;0;0;0;0;0;0;1;0;0;1;0;0;0;16.6
606300.0;47.0;3;0;0;10;1973;0;1;0;0;0;0;0;0;0;0;1;0;0;1;0;0;0;8.9
1200000.0;65.0;3;0;0;5;2019;1;0;0;0;0;0;0;0;0;0;1;0;0;1;0;0;0;9.1
339000.0;31.0;1;0;4;10;1975;0;1;0;0;0;0;0;0;0;0;1;0;0;1;0;0;0;7.4
449000.0;37.0;2;0;3;10;1972;0;1;0;0;0;0;0;0;0;0;1;0;0;1;0;0;0;5.6
569000.0;47.71;3;1;1;2;2022;1;0;0;0;0;0;0;1;0;0;0;0;1;1;0;0;0;7.5
784000.0;58.0;3;0;2;4;1957;0;1;0;0;0;0;0;0;0;0;1;0;0;1;0;0;0;5.5
699000.0;63.8;3;0;1;3;2014;0;1;0;0;0;0;0;0;0;0;1;0;0;1;0;0;0;14.3
698000.0;38.1;2;0;4;4;1930;0;0;0;1;0;0;0;0;0;0;1;0;0;1;0;0;0;4.1
438000.0;45.0;2;0;0;2;1930;0;0;0;1;0;0;1;0;0;0;0;0;0;1;0;0;0;4.1
599000.0;65.4;3;0;0;2;1910;0;0;0;1;0;0;1;0;0;0;0;0;0;1;0;0;0;6.1
559000.0;49.7;2;0;4;4;2014;0;1;0;0;0;0;0;0;0;0;1;0;0;1;0;0;0;14.2
515000.0;49.0;3;0;2;2;1976;0;1;0;0;0;0;0;0;0;0;1;0;0;1;0;0;0;8.9
733000.0;74.81;3;0;2;3;2000;0;1;0;0;0;0;0;0;0;0;1;0;0;1;0;0;0;8.3
559000.0;48.4;2;0;4;4;2013;0;1;0;0;0;0;0;0;0;0;1;0;0;1;0;0;0;14.2
990000.0;68.99;3;0;4;6;2013;0;1;0;0;0;0;0;0;0;0;1;0;0;1;0;0;0;6.8
1175658.0;83.38;4;1;0;2;2022;1;0;0;0;0;0;0;0;0;0;1;0;1;1;0;0;0;7.6
1599000.0;81.6;3;0;0;3;2007;1;0;0;0;0;0;0;0;0;0;1;0;0;1;0;0;0;2.3
559900.0;56.3;3;0;2;8;1970;0;1;0;0;0;0;0;0;0;0;1;1;0;1;0;0;0;7.4
365000.0;30.0;1;0;5;10;1975;0;1;0;0;0;0;0;0;0;0;1;0;0;0;1;0;0;6.6
419000.0;27.0;1;0;4;4;1980;0;1;0;0;0;0;0;0;0;0;1;0;0;0;1;0;0;10.0
720000.0;79.63;4;0;2;3;2000;0;1;0;0;0;0;0;0;0;0;1;0;0;1;0;0;0;8.4
499000.0;46.0;3;0;3;10;1965;0;1;0;0;0;0;0;0;0;0;1;1;0;1;0;0;0;10.0
930000.0;70.0;3;0;1;1;1996;0;0;0;0;0;1;0;0;0;0;1;0;0;1;0;0;0;9.6
998000.0;51.5;3;0;1;7;2021;1;0;0;0;0;0;0;0;0;0;1;0;0;1;0;0;0;9.7
449000.0;54.7;3;0;9;11;1984;0;1;0;0;0;0;0;0;0;0;1;0;0;1;0;0;0;7.4
719000.0;54.0;3;0;4;4;1970;0;1;0;0;0;0;0;0;0;0;1;0;0;0;1;0;0;5.3
1350000.0;47.0;2;0;7;29;2008;1;0;0;0;0;0;0;0;0;0;1;0;0;1;0;0;0;10.7
1160000.0;70.9;3;0;0;2;2000;0;0;0;1;0;0;0;0;0;0;1;0;0;1;0;0;0;2.6
1379000.0;85.8;4;0;2;3;2001;0;1;0;0;0;0;0;0;0;0;1;0;0;1;0;0;0;7.6
1100000.0;72.0;3;0;0;11;2014;0;1;0;0;0;0;0;0;0;0;1;0;0;1;0;0;0;7.7
1270000.0;76.0;3;0;0;3;2009;1;0;0;0;0;0;0;0;0;0;1;0;0;1;0;0;0;12.9
784000.0;56.0;3;0;3;3;2008;0;1;0;0;0;0;0;0;0;1;0;0;0;1;0;0;0;6.9
569000.0;43.0;2;0;6;8;2018;1;0;0;0;0;0;0;0;0;0;1;0;0;1;0;0;0;12.1
370000.0;37.2;1;0;2;4;1992;0;1;0;0;0;0;0;0;0;0;1;0;0;0;1;0;0;11.6
499000.0;37.7;2;0;2;10;1970;0;1;0;0;0;0;0;0;0;0;1;0;0;0;1;0;0;3.3
1460000.0;72.05;3;0;11;17;2019;1;0;0;0;0;0;0;0;0;0;1;0;0;1;0;0;0;12.5
395000.0;29.6;1;0;1;2;1954;0;0;0;1;0;0;0;0;1;0;0;0;0;1;0;0;0;9.2
599000.0;41.0;2;1;11;18;2021;1;0;0;0;0;0;0;0;0;0;1;0;1;1;0;0;0;11.6
475000.0;75.0;3;0;3;3;1930;0;0;0;1;0;0;0;0;0;0;1;0;0;1;0;0;0;8.4
436800.0;36.4;3;0;0;3;1957;0;0;0;1;0;0;0;0;0;0;1;0;0;1;0;0;0;13.4
560000.0;64.0;3;0;2;4;1989;0;1;0;0;0;0;0;0;0;0;1;0;0;1;0;0;0;7.6
315000.0;19.0;1;0;0;4;1969;0;1;0;0;0;0;0;0;0;0;1;0;0;0;0;1;0;6.2
650000.0;61.36;3;1;0;2;2021;0;1;0;0;0;0;0;1;0;0;0;0;1;1;0;0;0;10.5
649000.0;45.62;2;0;1;17;2016;1;0;0;0;0;0;0;0;0;0;1;0;0;1;0;0;0;6.6
429000.0;49.8;2;0;5;10;1980;0;1;0;0;0;0;0;0;0;0;1;0;0;1;0;0;0;11.5
514000.0;46.58;3;0;2;4;1965;0;1;0;0;0;0;0;0;0;0;1;0;0;1;0;0;0;7.3
1100000.0;76.77;4;1;1;7;2022;1;0;0;0;0;0;0;0;0;0;1;0;1;1;0;0;0;3.7
305000.0;28.35;2;0;4;4;1974;0;1;0;0;0;0;0;0;0;0;1;0;0;0;0;1;0;14.4
775000.0;75.91;3;0;1;1;1935;0;0;0;1;0;0;0;0;0;0;1;0;0;1;0;0;0;2.8
365000.0;23.96;1;0;10;10;1966;0;1;0;0;0;0;0;0;0;0;1;0;0;1;0;0;0;9.1
929000.0;62.92;3;0;2;16;2011;1;0;0;0;0;0;0;0;0;0;1;0;0;1;0;0;0;7.8
159000.0;15.69;1;1;2;3;2016;1;0;0;0;0;0;0;0;0;0;1;0;0;1;0;0;0;8.1
320000.0;37.0;2;0;1;2;1936;0;0;0;1;0;0;1;0;0;0;0;0;0;1;0;0;0;12.1
1480000.0;122.0;4;0;0;3;1905;0;0;0;1;0;0;0;1;0;0;0;0;0;1;0;0;0;2.3
964500.0;61.0;3;1;1;3;2021;1;0;0;0;0;0;0;0;1;0;0;0;1;1;0;0;0;10.0
799000.0;72.2;3;0;1;3;2010;0;1;0;0;0;0;0;0;0;0;1;0;0;1;0;0;0;14.3
499000.0;35.1;2;0;1;3;1960;0;1;0;0;0;0;0;0;1;0;0;0;0;1;0;0;0;9.0
567312.0;45.86;2;1;7;16;2021;1;0;0;0;0;0;0;0;0;0;1;0;0;1;0;0;0;8.6
870195.0;74.85;3;1;7;16;2021;1;0;0;0;0;0;0;0;0;0;1;0;0;1;0;0;0;8.6
1600000.0;80.0;4;1;5;7;2022;1;0;0;0;0;0;0;0;0;0;1;0;0;1;0;0;0;4.9
480000.0;59.4;3;0;0;4;1983;0;1;0;0;0;0;0;0;0;0;1;0;0;0;0;1;0;7.4
1010000.0;102.0;4;0;11;14;2003;1;0;0;0;0;0;0;0;0;0;1;0;0;1;0;0;0;9.8
1034700.0;34.49;1;0;3;3;2006;0;0;0;1;0;0;0;0;0;1;0;0;0;1;0;0;0;1.3
439000.0;43.0;2;0;4;4;1968;0;1;0;0;0;0;0;0;0;0;1;0;0;1;0;0;0;5.3
560000.0;36.2;1;0;0;4;1969;0;0;0;1;0;0;0;0;0;0;1;0;0;1;0;0;0;8.9
895000.0;70.1;3;0;9;16;2009;1;0;0;0;0;0;0;0;0;0;1;0;0;1;0;0;0;8.1
549000.0;54.1;2;0;2;6;1960;0;1;0;0;0;0;0;0;0;0;1;0;0;1;0;0;0;10.1
2037600.0;67.92;3;0;3;3;2006;0;0;0;1;0;0;0;0;0;1;0;0;0;1;0;0;0;1.3
539000.0;64.0;4;0;3;4;1980;0;1;0;0;0;0;0;0;0;0;1;0;0;0;0;1;0;9.7
780000.0;76.88;4;0;1;4;2014;0;1;0;0;0;0;0;0;0;0;1;0;0;1;0;0;0;12.5
360000.0;40.6;2;0;0;4;1978;0;1;0;0;0;0;0;0;0;0;1;1;0;1;0;0;0;8.9
265000.0;17.0;1;0;2;10;1980;0;1;0;0;0;0;0;0;0;0;1;1;0;0;0;1;0;5.3
425000.0;55.3;2;0;1;4;1953;0;0;0;1;0;0;0;0;0;0;1;1;0;1;0;0;0;12.1
734300.0;61.35;2;0;2;2;1910;0;0;0;1;0;0;0;0;0;0;1;0;0;1;0;0;0;10.0
759000.0;78.1;4;0;3;4;1910;0;0;0;1;0;0;0;0;0;0;1;0;0;1;0;0;0;9.8
480000.0;48.0;2;0;4;4;1955;0;0;0;1;0;0;0;0;0;0;1;1;0;1;0;0;0;9.0
1020000.0;91.4;3;0;8;8;2003;0;1;0;0;0;0;0;0;0;0;1;0;0;1;0;0;0;9.2
640000.0;63.0;4;0;2;4;1980;0;1;0;0;0;0;0;0;0;0;1;0;0;0;1;0;0;9.7
936250.0;74.9;3;0;1;5;2009;0;1;0;0;0;0;0;0;0;0;1;1;0;1;0;0;0;4.9
639000.0;111.17;4;1;2;2;2020;0;0;0;0;1;0;0;1;0;0;0;0;1;1;0;0;0;11.9
465000.0;41.0;2;0;10;10;1973;0;1;0;0;0;0;0;0;0;0;1;1;0;1;0;0;0;4.2
540000.0;47.0;3;0;9;10;1970;0;1;0;0;0;0;0;0;0;0;1;0;0;0;0;1;0;5.2
319000.0;32.47;1;0;0;4;1980;0;1;0;0;0;0;0;0;0;0;1;0;1;1;0;0;0;9.7
1500000.0;77.1;4;0;2;2;1920;0;0;0;1;0;0;0;1;0;0;0;0;0;1;0;0;0;0.8
709000.0;51.84;3;0;2;2;1914;0;0;0;1;0;0;0;1;0;0;0;0;0;1;0;0;0;5.4
739000.0;46.0;2;0;3;3;2020;1;0;0;0;0;0;0;0;0;0;1;0;0;1;0;0;0;7.5
820000.0;93.0;3;0;1;3;1947;0;0;0;1;0;0;0;1;0;0;0;1;0;1;0;0;0;9.2
910000.0;99.4;3;0;0;3;1910;0;0;0;1;0;0;0;0;0;0;1;0;0;1;0;0;0;9.8
525000.0;46.7;3;0;4;4;1970;0;1;0;0;0;0;0;0;0;0;1;1;0;1;0;0;0;3.7
580000.0;53.0;2;0;2;3;2011;0;1;0;0;0;0;0;0;0;1;0;0;0;1;0;0;0;12.5
589000.0;51.2;3;0;1;4;1968;0;1;0;0;0;0;0;0;0;0;1;0;0;1;0;0;0;7.7
881000.0;55.39;3;1;1;3;2021;1;0;0;0;0;0;0;0;1;0;0;0;1;1;0;0;0;10.0
584000.0;37.0;2;1;0;3;2021;1;0;0;0;0;0;0;0;1;0;0;0;1;1;0;0;0;10.0
429000.0;34.0;1;0;0;2;1946;0;0;0;1;0;0;0;0;0;0;1;0;0;1;0;0;0;10.1
689000.0;60.0;3;0;1;3;2020;0;1;0;0;0;0;0;0;0;0;1;0;0;1;0;0;0;16.5
689000.0;60.0;3;0;3;4;2020;0;1;0;0;0;0;0;0;0;0;1;0;0;1;0;0;0;16.5
1100000.0;144.0;5;0;3;3;2014;1;0;0;0;0;0;0;0;0;0;1;0;0;1;0;0;0;14.3
2250000.0;81.83;3;0;6;6;2020;1;0;0;0;0;0;0;0;0;0;1;0;0;1;0;0;0;10.3
2175000.0;180.0;5;0;2;2;1907;0;0;0;1;0;0;0;1;0;0;0;1;0;1;0;0;0;0.0
1799000.0;79.0;3;0;4;5;2017;0;1;0;0;0;0;0;0;0;0;1;0;0;1;0;0;0;9.0
597000.0;54.73;2;0;3;4;1950;0;0;0;1;0;0;0;0;0;0;1;0;0;1;0;0;0;8.1
944000.0;100.7;4;0;3;3;1906;0;0;0;1;0;0;0;1;0;0;0;0;0;1;0;0;0;16.1
750000.0;48.11;2;0;0;3;2017;1;0;0;0;0;0;0;0;0;0;1;0;0;1;0;0;0;6.5
1180000.0;95.0;3;0;1;2;2001;1;0;0;0;0;0;0;0;0;0;1;0;0;1;0;0;0;7.4
514900.0;45.0;2;0;2;4;1980;0;1;0;0;0;0;0;0;0;0;1;0;0;0;0;1;0;6.6
1699000.0;93.0;3;0;0;2;1903;0;0;0;1;0;0;0;1;0;0;0;0;0;1;0;0;0;2.6
1498000.0;49.54;1;0;4;5;2015;1;0;0;0;0;0;0;0;0;0;1;0;0;1;0;0;0;10.0
2250000.0;130.0;4;0;0;3;1991;0;0;0;0;0;1;0;0;0;0;1;0;0;1;0;0;0;1.9
550000.0;44.5;2;0;6;10;1970;0;1;0;0;0;0;0;0;0;0;1;0;0;1;0;0;0;5.1
1000000.0;47.0;2;1;11;17;2021;1;0;0;0;0;0;0;0;0;0;1;0;1;1;0;0;0;8.2
1450000.0;74.0;3;0;2;3;1920;0;0;0;1;0;0;0;0;0;1;0;0;0;1;0;0;0;4.1
750000.0;42.07;2;0;4;4;1973;0;1;0;0;0;0;0;0;0;0;1;0;0;0;1;0;0;2.2
849000.0;39.4;2;0;1;2;2002;1;0;0;0;0;0;0;0;0;1;0;0;0;1;0;0;0;2.6
889000.0;102.0;3;0;3;3;1914;0;0;0;1;0;0;0;0;0;0;1;0;0;1;0;0;0;4.6
599000.0;66.08;3;0;2;2;1950;0;1;0;0;0;0;0;0;0;0;1;1;0;1;0;0;0;9.9
430000.0;33.15;2;0;3;3;1898;0;0;0;1;0;0;0;1;0;0;0;0;0;1;0;0;0;12.5
633004.0;49.41;3;1;1;3;2022;0;1;0;0;0;0;0;1;0;0;0;0;1;1;0;0;0;7.1
499000.0;50.0;3;0;3;8;1980;0;1;0;0;0;0;0;0;0;0;1;1;0;1;0;0;0;5.7
699000.0;54.2;2;0;7;10;1971;0;1;0;0;0;0;0;0;0;0;1;0;0;1;0;0;0;9.2
469000.0;49.3;2;0;4;4;1980;0;1;0;0;0;0;0;0;0;0;1;1;0;1;0;0;0;11.5
629000.0;49.0;2;0;0;4;1955;0;1;0;0;0;0;0;0;0;0;1;0;0;1;0;0;0;4.9
694000.0;78.5;2;0;2;2;1905;0;0;0;1;0;0;0;0;0;0;1;0;0;1;0;0;0;11.4
360000.0;27.0;1;0;3;4;1975;0;1;0;0;0;0;0;0;0;0;1;1;0;0;0;1;0;6.1
478000.0;36.8;2;0;3;4;1978;0;1;0;0;0;0;0;0;0;0;1;1;0;1;0;0;0;5.9
1795000.0;108.15;4;1;10;12;2021;1;0;0;0;0;0;0;0;0;0;1;0;1;1;0;0;0;5.4
640000.0;68.0;3;0;0;2;1995;0;1;0;0;0;0;0;0;0;0;1;0;0;1;0;0;0;16.4
420000.0;38.0;2;0;7;10;1971;0;1;0;0;0;0;0;0;0;0;1;1;0;1;0;0;0;6.5
425000.0;38.0;2;0;0;10;1970;0;1;0;0;0;0;0;0;0;0;1;0;0;0;0;1;0;5.3
769000.0;65.8;4;0;1;3;2011;0;1;0;0;0;0;0;0;0;0;1;0;0;1;0;0;0;12.5
1500000.0;83.0;4;0;3;3;1926;0;0;0;1;0;0;0;1;0;0;0;0;0;1;0;0;0;2.1
843000.0;60.22;3;1;0;2;2023;1;0;0;0;0;0;0;1;0;0;0;0;1;1;0;0;0;5.4
1795831.0;108.15;4;0;10;12;2021;1;0;0;0;0;0;0;0;0;0;1;0;1;1;0;0;0;6.5
1398908.0;68.73;3;1;11;12;2021;1;0;0;0;0;0;0;0;0;0;1;0;1;1;0;0;0;6.5
1990858.0;108.18;4;0;11;12;2021;1;0;0;0;0;0;0;0;0;0;1;0;1;1;0;0;0;6.5
699000.0;47.0;3;0;8;10;1980;0;1;0;0;0;0;0;0;0;0;1;0;0;1;0;0;0;2.3
599000.0;62.0;3;0;8;10;1980;0;1;0;0;0;0;0;0;0;0;1;0;0;1;0;0;0;11.5
465000.0;63.68;3;0;4;4;1989;0;1;0;0;0;0;0;0;0;0;1;0;0;0;1;0;0;10.3
699000.0;62.44;3;0;0;2;1912;0;0;0;1;0;0;0;0;0;0;1;0;0;1;0;0;0;13.3
490000.0;46.0;3;0;3;10;1965;0;1;0;0;0;0;0;0;0;0;1;1;0;1;0;0;0;10.5
1062120.0;88.51;4;1;1;3;2023;1;0;0;0;0;0;0;0;1;0;0;0;1;1;0;0;0;11.5
1155250.0;92.42;5;1;1;3;2023;1;0;0;0;0;0;0;0;1;0;0;0;1;1;0;0;0;11.5
1086405.0;94.47;5;1;2;3;2023;1;0;0;0;0;0;0;0;1;0;0;0;1;1;0;0;0;11.5
620000.0;61.7;3;0;1;10;1975;0;1;0;0;0;0;0;0;0;0;1;0;0;1;0;0;0;9.0
445000.0;37.0;2;0;9;10;1970;0;1;0;0;0;0;0;0;0;0;1;0;0;0;0;1;0;4.4
550000.0;51.8;2;0;5;10;1990;0;1;0;0;0;0;0;0;0;0;1;0;0;0;0;1;0;9.9
585000.0;79.0;3;0;3;3;2005;0;1;0;0;0;0;0;0;0;0;1;0;0;1;0;0;0;14.1
515000.0;40.4;2;0;2;3;1958;0;0;0;1;0;0;0;1;0;0;0;0;0;1;0;0;0;12.1
495000.0;46.0;2;0;1;4;1930;0;1;0;0;0;0;0;0;0;0;1;1;0;1;0;0;0;8.1
1285000.0;78.0;4;0;11;12;2015;1;0;0;0;0;0;0;0;0;0;1;0;0;1;0;0;0;7.7
990000.0;68.99;3;0;4;6;2013;1;0;0;0;0;0;0;0;0;0;1;0;0;1;0;0;0;6.8
820000.0;69.29;3;0;1;4;2016;0;1;0;0;0;0;0;0;0;0;1;0;0;1;0;0;0;11.7
480000.0;45.1;2;0;3;4;2008;0;1;0;0;0;0;0;0;0;0;1;0;0;1;0;0;0;8.3
990000.0;84.06;4;0;5;5;2021;1;0;0;0;0;0;0;0;0;0;1;0;1;1;0;0;0;10.5
1730000.0;121.0;5;0;1;3;2018;1;0;0;0;0;0;0;0;0;0;1;0;0;1;0;0;0;6.9
399000.0;59.72;3;0;2;3;1990;0;1;0;0;0;0;0;0;0;0;1;0;0;1;0;0;0;9.9
695000.0;58.1;3;1;1;7;2021;0;1;0;0;0;0;0;0;0;0;1;0;1;1;0;0;0;12.2
365000.0;30.0;1;0;5;10;1975;0;1;0;0;0;0;0;0;0;0;1;1;0;0;0;1;0;6.6
470000.0;42.0;2;0;2;4;1968;0;1;0;0;0;0;0;0;0;0;1;1;0;1;0;0;0;5.7
1150000.0;81.2;4;0;0;8;2003;1;0;0;0;0;0;0;0;0;0;1;1;0;1;0;0;0;7.5
736485.0;66.35;4;1;3;3;2022;0;1;0;0;0;0;0;1;0;0;0;0;1;1;0;0;0;7.1
919000.0;78.37;4;0;1;3;1928;0;0;0;1;0;0;1;0;0;0;0;0;0;1;0;0;0;9.2
499999.0;34.5;1;0;1;5;1980;0;1;0;0;0;0;0;0;0;0;1;0;0;1;0;0;0;12.1
520000.0;51.0;3;0;4;4;1963;0;1;0;0;0;0;0;0;0;0;1;0;0;0;0;1;0;6.2
360000.0;27.0;1;0;3;4;1970;0;1;0;0;0;0;0;0;0;0;1;1;0;0;0;1;0;6.1
349000.0;32.0;2;0;3;3;1985;0;1;0;0;0;0;0;0;0;0;1;0;0;1;0;0;0;13.7
1424250.0;75.0;3;0;5;11;2019;0;1;0;0;0;0;0;0;0;0;1;0;0;1;0;0;0;10.2
443000.0;32.0;1;0;3;3;2016;0;1;0;0;0;0;0;0;0;0;1;0;0;1;0;0;0;14.2
715000.0;53.18;3;1;6;10;2021;1;0;0;0;0;0;0;0;0;0;1;0;0;1;0;0;0;12.0
1382986.25;65.9;2;1;0;3;2021;1;0;0;0;0;0;0;0;0;0;1;0;1;1;0;0;0;9.3
1200000.0;88.6;4;0;4;8;2009;1;0;0;0;0;0;0;0;0;0;1;0;0;1;0;0;0;14.8
1550000.0;81.0;4;0;11;16;2019;0;1;0;0;0;0;0;0;0;0;1;0;0;1;0;0;0;7.2
899000.0;79.8;4;0;1;2;1928;0;0;0;1;0;0;1;0;0;0;0;0;0;1;0;0;0;10.1
685500.0;40.78;2;0;2;5;2021;0;1;0;0;0;0;0;0;0;0;1;0;1;1;0;0;0;9.6
720000.0;67.7;3;0;0;2;1930;0;0;0;1;0;0;0;0;0;0;1;0;0;1;0;0;0;8.7
990000.0;90.0;5;0;2;4;1975;0;1;0;0;0;0;0;0;0;0;1;0;0;1;0;0;0;10.2
830000.0;71.0;3;0;11;16;2019;1;0;0;0;0;0;0;0;0;0;1;0;0;1;0;0;0;10.4
1029000.0;94.0;3;0;2;4;1992;0;0;0;1;0;0;0;1;0;0;0;0;0;1;0;0;0;5.0
623000.0;48.0;2;0;5;10;1970;0;1;0;0;0;0;0;0;0;0;1;0;0;1;0;0;0;7.2
490000.0;49.0;2;0;1;6;2023;1;0;0;0;0;0;0;0;0;0;1;0;0;1;0;0;0;11.5
350000.0;42.0;1;0;4;4;1996;0;1;0;0;0;0;0;0;0;0;1;0;0;1;0;0;0;10.3
848000.0;45.63;3;0;2;17;2017;1;0;0;0;0;0;0;0;0;0;1;0;0;1;0;0;0;12.5
750000.0;53.17;2;0;3;4;1961;0;1;0;0;0;0;0;0;0;0;1;0;0;0;0;1;0;10.2
570000.0;59.0;2;0;5;6;1980;0;1;0;0;0;0;0;0;0;0;1;0;0;1;0;0;0;10.4
699000.0;52.0;2;0;5;17;2021;1;0;0;0;0;0;0;0;0;0;1;0;0;1;0;0;0;8.6
949100.0;38.78;2;0;0;3;1907;0;0;0;1;0;0;0;1;0;0;0;1;0;1;0;0;0;4.1
354900.0;31.85;2;0;3;3;1980;0;1;0;0;0;0;0;0;0;0;1;0;0;1;0;0;0;12.1
1200000.0;86.9;3;0;11;13;2002;0;1;0;0;0;0;0;0;1;0;0;0;0;1;0;0;0;7.5
420000.0;34.5;2;0;1;2;1990;0;1;0;0;0;0;0;0;0;0;1;0;0;1;0;0;0;14.2
570000.0;91.4;4;0;0;3;1970;0;0;0;1;0;0;0;0;1;0;0;0;0;1;0;0;0;0.8
899000.0;78.39;4;0;1;2;1928;0;0;0;1;0;0;1;0;0;0;0;0;0;1;0;0;0;10.1
709000.0;58.2;3;0;2;2;1914;0;0;0;1;0;0;0;1;0;0;0;0;0;1;0;0;0;5.4
410000.0;49.69;3;0;4;4;1970;0;1;0;0;0;0;0;0;0;0;1;1;0;1;0;0;0;16.5
650000.0;52.0;3;0;4;5;1975;0;1;0;0;0;0;0;0;0;0;1;0;0;1;0;0;0;9.4
849000.0;55.1;2;0;0;3;2019;0;1;0;0;0;0;0;0;0;0;1;0;0;1;0;0;0;10.9
489000.0;42.2;2;0;2;4;1950;0;0;0;1;0;0;0;0;0;0;1;0;0;1;0;0;0;9.7
663487.5;68.05;4;1;1;6;2023;0;1;0;0;0;0;0;0;0;0;1;0;1;1;0;0;0;12.3
1100000.0;71.6;3;0;1;11;2014;1;0;0;0;0;0;0;0;0;0;1;1;0;1;0;0;0;7.7
490000.0;46.8;2;0;2;2;1938;0;0;0;1;0;0;0;0;0;0;1;0;0;1;0;0;0;10.2
850000.0;51.44;2;0;4;5;2014;1;0;0;0;0;0;0;0;0;0;1;0;0;1;0;0;0;9.0
599000.0;54.0;3;0;4;4;1975;0;1;0;0;0;0;0;0;0;0;1;0;0;1;0;0;0;5.5
830000.0;66.6;3;0;7;9;2010;1;0;0;0;0;0;0;0;0;0;1;0;0;1;0;0;0;9.9
439000.0;49.7;2;0;3;3;1985;0;1;0;0;0;0;0;0;0;0;1;0;0;1;0;0;0;13.7
625000.0;59.4;3;0;4;4;1983;0;1;0;0;0;0;0;0;0;0;1;0;0;1;0;0;0;6.6
637450.0;57.95;3;0;1;2;1930;0;0;0;1;0;0;0;1;0;0;0;0;0;1;0;0;0;9.2
1225000.0;97.17;4;0;0;4;2018;1;0;0;0;0;0;0;0;0;0;1;0;1;1;0;0;0;13.9
860000.0;48.0;2;0;1;4;2019;1;0;0;0;0;0;0;0;0;0;1;0;0;1;0;0;0;9.2
550000.0;43.66;2;0;3;16;2021;1;0;0;0;0;0;0;0;0;0;1;0;1;1;0;0;0;12.3
560000.0;45.0;2;0;8;10;1979;0;1;0;0;0;0;0;0;0;0;1;0;0;1;0;0;0;9.2
1180000.0;95.0;3;0;1;2;2001;0;1;0;0;0;0;0;0;0;0;1;0;0;1;0;0;0;7.4
549000.0;41.0;2;0;1;10;1970;0;1;0;0;0;0;0;0;0;0;1;0;0;1;0;0;0;3.2
860000.0;127.17;5;0;3;3;1906;0;0;0;1;0;0;0;1;0;0;0;1;0;1;0;0;0;5.1
1498000.0;161.0;3;0;0;4;1995;0;1;0;0;0;0;0;0;0;0;1;0;0;1;0;0;0;7.5
479000.0;41.9;2;0;2;3;1990;0;1;0;0;0;0;0;0;0;0;1;0;0;1;0;0;0;6.4
569000.0;53.15;3;0;6;10;1980;0;1;0;0;0;0;0;0;0;0;1;0;0;1;0;0;0;4.2
549000.0;44.8;2;0;4;5;2004;0;1;0;0;0;0;0;0;0;0;1;1;0;0;0;1;0;7.7
550000.0;46.5;2;0;0;2;1960;0;0;0;1;0;0;0;0;0;0;1;0;0;1;0;0;0;7.7
699000.0;100.0;3;0;2;2;1999;0;1;0;0;0;0;0;0;0;0;1;0;0;1;0;0;0;12.1
395000.0;43.0;2;0;2;4;1990;0;1;0;0;0;0;0;0;0;0;1;0;0;1;0;0;0;11.6
2096999.0;92.22;3;0;2;5;2016;1;0;0;0;0;0;0;0;0;0;1;0;0;1;0;0;0;12.1
1290000.0;71.01;3;0;1;4;2009;0;1;0;0;0;0;0;0;0;0;1;0;0;1;0;0;0;4.9
495000.0;45.0;2;0;1;4;1975;0;1;0;0;0;0;0;0;0;0;1;1;0;0;0;1;0;7.8
704317.5;68.05;4;1;6;6;2023;0;1;0;0;0;0;0;0;0;0;1;0;1;1;0;0;0;12.3
697512.5;68.05;4;1;6;6;2023;0;1;0;0;0;0;0;0;0;0;1;0;1;1;0;0;0;12.3
579000.0;54.0;3;0;3;4;1970;0;1;0;0;0;0;0;0;0;0;1;1;0;0;0;1;0;6.5
435000.0;32.77;2;0;1;3;1960;0;1;0;0;0;0;0;0;0;0;1;0;0;1;0;0;0;10.5
569625.0;52.5;2;1;1;6;2023;0;1;0;0;0;0;0;0;0;0;1;0;1;1;0;0;0;12.3
1299500.0;132.5;4;0;3;3;2005;0;1;0;0;0;0;0;0;0;0;1;0;0;1;0;0;0;6.9
539000.0;45.0;3;0;1;1;1900;0;0;1;0;0;0;0;1;0;0;0;0;0;1;0;0;0;9.7
537000.0;43.92;2;0;4;4;1970;0;1;0;0;0;0;0;0;0;0;1;0;0;1;0;0;0;10.0
759000.0;47.5;2;0;9;16;2011;0;1;0;0;0;0;0;0;0;0;1;0;0;1;0;0;0;7.8
529000.0;42.5;2;0;1;4;1960;0;1;0;0;0;0;0;0;0;0;1;0;0;1;0;0;0;5.4
1208140.0;83.32;4;1;2;3;2020;1;0;0;0;0;0;0;0;0;0;1;0;1;1;0;0;0;8.1
700000.0;66.4;3;0;1;4;1994;0;1;0;0;0;0;0;0;0;0;1;0;0;1;0;0;0;12.1
580000.0;54.0;2;0;1;3;1997;0;1;0;0;0;0;0;0;0;0;1;0;0;1;0;0;0;9.7
1200000.0;62.27;3;0;1;2;1907;0;0;0;1;0;0;0;1;0;0;0;0;0;1;0;0;0;0.8
655347.0;56.74;3;1;5;17;2023;0;1;0;0;0;0;0;0;0;0;1;0;1;1;0;0;0;12.3
418779.0;35.34;1;1;1;17;2023;0;1;0;0;0;0;0;0;0;0;1;0;1;1;0;0;0;12.3
570454.5;49.39;2;1;6;17;2023;0;1;0;0;0;0;0;0;0;0;1;0;1;1;0;0;0;12.3
850000.0;44.28;2;0;11;17;2018;0;1;0;0;0;0;0;0;0;0;1;0;0;1;0;0;0;13.6
355000.0;38.0;1;0;1;3;1985;0;1;0;0;0;0;0;0;0;0;1;0;0;1;0;0;0;13.7
474862.5;47.25;2;1;0;17;2023;1;0;0;0;0;0;0;0;0;0;1;0;1;1;0;0;0;12.1
550615.0;51.22;2;1;5;17;2023;1;0;0;0;0;0;0;0;0;0;1;0;1;1;0;0;0;12.1
730558.0;40.3;2;1;10;12;2023;1;0;0;0;0;0;0;0;0;0;1;0;1;1;0;0;0;10.2
449000.0;57.3;2;0;2;3;1890;0;0;0;1;0;0;1;0;0;0;0;0;0;1;0;0;0;12.0
600000.0;46.5;2;0;2;4;1953;0;1;0;0;0;0;0;0;0;0;1;0;0;1;0;0;0;8.9
569000.0;51.3;2;0;1;3;2010;0;1;0;0;0;0;0;0;0;0;1;0;0;1;0;0;0;13.7
367000.0;31.7;1;0;3;3;2008;0;1;0;0;0;0;0;0;0;0;1;0;0;1;0;0;0;13.3
710000.0;48.0;2;0;2;3;2019;1;0;0;0;0;0;0;0;0;0;1;0;0;1;0;0;0;11.6
1199000.0;77.75;3;0;2;5;2007;0;1;0;0;0;0;0;0;0;0;1;0;0;1;0;0;0;7.4
1349000.0;173.0;5;0;1;2;1905;0;0;0;1;0;0;1;0;0;0;0;1;0;1;0;0;0;9.1
1299000.0;81.3;3;1;1;2;2021;1;0;0;0;0;0;0;0;0;1;0;0;1;1;0;0;0;10.0
2097000.0;87.38;3;0;2;5;2015;1;0;0;0;0;0;0;0;0;0;1;0;0;1;0;0;0;10.0
580000.0;49.27;3;0;2;3;2017;0;1;0;0;0;0;0;0;0;0;1;0;0;1;0;0;0;12.8
949000.0;80.0;3;0;0;2;1950;0;0;0;1;0;0;0;1;0;0;0;0;0;1;0;0;0;9.0
1190000.0;41.38;2;0;0;1;1925;0;0;1;0;0;0;0;1;0;0;0;0;0;1;0;0;0;9.9
419000.0;44.5;2;0;4;4;1977;0;1;0;0;0;0;0;0;0;0;1;0;0;1;0;0;0;11.5
499000.0;48.1;3;0;3;3;1963;0;1;0;0;0;0;0;0;0;0;1;1;0;0;1;0;0;4.6
950000.0;82.9;4;0;2;2;1935;0;0;0;1;0;0;0;1;0;0;0;1;0;1;0;0;0;8.4
668944.0;41.57;2;1;6;8;2021;1;0;0;0;0;0;0;0;0;0;1;0;1;1;0;0;0;9.2
1600000.0;78.25;3;0;11;16;2016;1;0;0;0;0;0;0;0;0;0;1;0;0;1;0;0;0;12.7
410000.0;38.0;2;0;1;10;1970;0;1;0;0;0;0;0;0;0;0;1;0;0;1;0;0;0;8.9
715000.0;71.7;4;0;9;9;1980;0;1;0;0;0;0;0;0;0;0;1;0;1;1;0;0;0;9.8
799000.0;90.4;3;0;2;2;2001;0;0;1;0;0;0;1;0;0;0;0;0;0;1;0;0;0;7.6
1270000.0;73.0;3;0;5;16;2011;1;0;0;0;0;0;0;0;0;0;1;0;0;1;0;0;0;8.9
680000.0;52.0;3;0;4;5;1980;0;1;0;0;0;0;0;0;0;0;1;0;0;1;0;0;0;9.4
984630.0;85.62;5;0;5;12;1994;0;1;0;0;0;0;0;0;0;0;1;0;0;1;0;0;0;7.7
795000.0;72.5;3;0;1;3;1973;0;1;0;0;0;0;0;0;0;0;1;1;0;1;0;0;0;5.0
961171.0;80.65;4;1;1;4;2022;0;1;0;0;0;0;0;0;0;0;1;0;1;1;0;0;0;9.7
940000.0;58.5;3;0;3;3;2003;1;0;0;0;0;0;0;0;0;0;1;0;0;1;0;0;0;9.3
499000.0;53.0;3;0;3;4;1950;0;0;0;1;0;0;0;0;0;0;1;0;0;1;0;0;0;8.4
699000.0;51.0;2;0;0;4;1968;0;1;0;0;0;0;0;0;0;0;1;0;0;1;0;0;0;5.5
374900.0;41.5;2;0;3;3;1995;0;1;0;0;0;0;0;0;0;0;1;0;0;1;0;0;0;9.7
399000.0;46.52;2;0;4;4;1968;0;1;0;0;0;0;0;0;0;0;1;0;0;1;0;0;0;11.4
1330000.0;38.0;1;0;0;2;2017;1;0;0;0;0;0;0;0;0;0;1;0;0;1;0;0;0;5.3
695000.0;53.0;2;0;2;6;2006;1;0;0;0;0;0;0;0;0;0;1;0;0;1;0;0;0;7.6
699000.0;70.0;3;0;0;2;1940;0;0;0;1;0;0;0;0;0;0;1;0;0;1;0;0;0;9.0
549000.0;36.8;1;0;1;4;1998;0;1;0;0;0;0;0;0;0;0;1;0;0;1;0;0;0;2.0
579000.0;82.4;5;0;2;4;1990;0;1;0;0;0;0;0;0;0;0;1;0;0;0;1;0;0;9.8
650000.0;70.0;3;0;10;10;1973;0;1;0;0;0;0;0;0;0;0;1;0;0;0;1;0;0;6.4
560000.0;46.03;2;0;0;3;1928;0;0;0;1;0;0;1;0;0;0;0;0;1;1;0;0;0;8.6
770000.0;71.66;3;0;3;3;1920;0;0;0;1;0;0;0;1;0;0;0;0;0;1;0;0;0;9.2
899000.0;78.39;4;0;1;2;1928;0;0;0;1;0;0;1;0;0;0;0;0;0;1;0;0;0;10.1
587000.0;58.23;3;0;4;5;1999;0;1;0;0;0;0;0;0;0;0;1;0;0;1;0;0;0;10.5
565298.0;53.33;3;1;0;3;2022;1;0;0;0;0;0;0;0;0;0;1;0;1;1;0;0;0;9.8
623990.0;54.26;3;1;3;3;2022;1;0;0;0;0;0;0;1;0;0;0;0;1;1;0;0;0;7.5
612360.0;58.32;3;1;1;3;2022;1;0;0;0;0;0;0;0;0;0;1;0;1;1;0;0;0;9.8
585000.0;78.0;3;0;3;3;2005;0;1;0;0;0;0;0;0;0;0;1;1;0;1;0;0;0;14.9
1700000.0;110.19;4;0;0;2;1936;0;0;0;1;0;0;0;1;0;0;0;0;0;1;0;0;0;4.6
1700000.0;110.19;4;0;1;2;1936;0;0;0;1;0;0;0;1;0;0;0;0;0;1;0;0;0;4.6
1549000.0;132.05;7;0;2;2;1914;0;0;0;1;0;0;0;1;0;0;0;0;0;1;0;0;0;5.4
1499900.0;139.2;7;0;3;3;1905;0;0;0;1;0;0;0;1;0;0;0;1;0;1;0;0;0;0.8
835000.0;75.3;2;1;3;3;2021;1;0;0;0;0;0;0;1;0;0;0;0;1;1;0;0;0;8.5
799000.0;46.21;2;0;1;2;2019;1;0;0;0;0;0;0;1;0;0;0;0;0;1;0;0;0;7.9
735000.0;66.22;4;1;1;3;2021;1;0;0;0;0;0;0;1;0;0;0;0;1;1;0;0;0;8.5
584000.0;73.0;4;0;4;4;1955;0;0;0;1;0;0;0;0;0;0;1;1;0;1;0;0;0;8.4
459000.0;43.0;2;0;4;4;1969;0;1;0;0;0;0;0;0;0;0;1;1;0;1;0;0;0;7.6
355000.0;38.0;1;0;1;4;1985;0;1;0;0;0;0;0;0;0;0;1;0;0;1;0;0;0;13.7
448950.0;27.05;1;0;3;5;2021;0;1;0;0;0;0;0;0;0;0;1;0;1;1;0;0;0;13.6
990000.0;111.0;5;0;1;3;1910;0;0;0;1;0;0;0;0;0;0;1;0;0;1;0;0;0;13.6
699000.0;61.06;2;0;4;4;1921;0;0;0;1;0;0;0;0;0;0;1;0;0;1;0;0;0;13.4
560000.0;39.48;2;0;3;6;2015;0;1;0;0;0;0;0;0;0;0;1;0;0;1;0;0;0;8.3
1000000.0;86.9;3;0;1;2;1960;0;0;1;0;0;0;0;1;0;0;0;0;0;1;0;0;0;8.1
2000000.0;104.0;4;0;11;17;2013;1;0;0;0;0;0;0;0;0;0;1;0;0;1;0;0;0;6.5
1359000.0;98.95;4;0;0;3;2021;1;0;0;0;0;0;0;0;0;0;1;0;1;1;0;0;0;9.9
735000.0;66.22;4;1;1;3;2021;0;1;0;0;0;0;0;0;0;0;1;0;1;1;0;0;0;8.5
1270000.0;74.86;3;0;2;3;1905;0;0;0;1;0;0;0;0;1;0;0;1;0;1;0;0;0;1.9
1550000.0;81.0;4;0;11;16;2019;0;1;0;0;0;0;0;0;0;0;1;0;0;1;0;0;0;12.1
1099000.0;87.0;3;0;1;2;1960;0;0;1;0;0;0;0;0;0;0;1;0;0;1;0;0;0;6.5
599000.0;41.0;2;0;11;18;2021;0;1;0;0;0;0;0;0;0;0;1;0;1;1;0;0;0;12.1
339000.0;27.0;1;0;7;10;1975;0;1;0;0;0;0;0;0;0;0;1;0;0;0;0;1;0;5.2
1450000.0;139.3;6;0;2;2;1870;0;0;0;1;0;0;0;1;0;0;0;0;0;1;0;0;0;4.9
625000.0;45.88;2;0;1;17;2016;1;0;0;0;0;0;0;0;0;0;1;0;0;1;0;0;0;6.6
598000.0;41.0;3;0;3;3;1905;0;0;0;1;0;0;0;1;0;0;0;0;0;1;0;0;0;9.2
598000.0;40.5;3;0;3;3;1905;0;0;0;1;0;0;0;1;0;0;0;0;0;1;0;0;0;9.2
770756.0;64.41;3;1;1;3;2022;0;1;0;0;0;0;0;0;0;0;1;0;1;1;0;0;0;7.5
599000.0;46.0;2;0;2;5;2007;0;1;0;0;0;0;0;0;0;0;1;0;0;1;0;0;0;7.6
695000.0;62.6;3;0;1;18;1980;0;1;0;0;0;0;0;0;0;0;1;0;0;1;0;0;0;6.2
525000.0;46.7;3;0;4;4;1970;0;1;0;0;0;0;0;0;0;0;1;1;0;1;0;0;0;3.7
520000.0;48.2;2;0;3;6;1976;0;1;0;0;0;0;0;0;0;0;1;0;0;1;0;0;0;8.9
399000.0;20.0;1;0;0;4;1924;0;0;0;1;0;0;0;0;0;0;1;0;0;1;0;0;0;12.5
660000.0;63.8;3;0;2;6;1980;0;1;0;0;0;0;0;0;0;0;1;0;0;1;0;0;0;8.2
529000.0;53.0;3;0;0;11;1970;0;1;0;0;0;0;0;0;0;0;1;1;0;1;0;0;0;5.3
560000.0;39.48;2;0;3;6;2015;0;1;0;0;0;0;0;0;0;0;1;0;0;1;0;0;0;8.3
949000.0;73.7;3;0;3;4;2005;1;0;0;0;0;0;0;0;0;0;1;0;0;1;0;0;0;5.4
999999.99;80.0;3;0;0;2;1950;0;0;0;1;0;0;0;1;0;0;0;0;0;1;0;0;0;9.0
549000.0;50.0;3;0;8;8;1980;0;1;0;0;0;0;0;0;0;0;1;1;0;1;0;0;0;6.0
1200000.0;100.0;4;0;1;4;1920;0;0;0;1;0;0;0;0;0;0;1;0;0;1;0;0;0;10.0
519000.0;53.0;3;0;0;10;1972;0;1;0;0;0;0;0;0;0;0;1;0;0;0;0;1;0;5.4
499000.0;53.0;2;0;3;4;1950;0;0;0;1;0;0;0;0;0;0;1;0;0;1;0;0;0;8.4
539000.0;45.0;3;0;1;1;1900;0;0;1;0;0;0;0;0;1;0;0;0;0;1;0;0;0;9.7
664000.0;84.0;3;0;3;3;1963;0;0;0;1;0;0;0;0;0;0;1;0;0;1;0;0;0;9.9
1990000.0;160.41;5;0;1;2;1900;0;0;0;1;0;0;0;1;0;0;0;0;0;1;0;0;0;0.1
668000.0;63.8;4;0;7;11;1978;0;1;0;0;0;0;0;0;0;0;1;0;0;1;0;0;0;8.2
517111.0;47.66;2;1;2;6;2023;0;1;0;0;0;0;0;0;0;0;1;0;1;1;0;0;0;12.3
662186.0;65.24;3;1;3;6;2023;0;1;0;0;0;0;0;0;0;0;1;0;1;1;0;0;0;12.3
445000.0;32.0;1;0;2;4;1930;0;0;0;1;0;0;0;0;0;0;1;1;0;1;0;0;0;12.1
399000.0;59.11;3;0;0;2;2000;0;1;0;0;0;0;0;0;1;0;0;0;0;1;0;0;0;9.6
599999.0;53.0;3;0;3;10;1981;0;1;0;0;0;0;0;0;0;0;1;0;0;1;0;0;0;5.4
649000.0;51.02;3;0;1;8;1960;0;1;0;0;0;0;0;0;0;0;1;0;0;1;0;0;0;9.2
670000.0;58.84;3;0;3;3;1938;0;0;0;1;0;0;0;1;0;0;0;0;0;1;0;0;0;4.0
920000.0;48.25;2;0;1;17;2012;1;0;0;0;0;0;0;0;0;0;1;0;0;1;0;0;0;6.6
799000.0;78.0;4;0;2;2;1905;0;0;0;1;0;0;0;1;0;0;0;0;0;1;0;0;0;8.4
430000.0;35.5;2;0;2;5;2021;0;1;0;0;0;0;0;0;0;0;1;0;1;1;0;0;0;11.5
599000.0;70.0;3;0;0;2;1920;0;0;0;1;0;0;0;0;0;0;1;0;0;1;0;0;0;9.9
1839000.0;76.0;3;0;2;29;2009;1;0;0;0;0;0;0;0;0;0;1;0;0;1;0;0;0;10.7
472500.0;49.0;2;0;0;6;2023;1;0;0;0;0;0;0;0;0;0;1;0;0;1;0;0;0;11.5
1530000.0;86.0;4;0;1;5;2018;0;1;0;0;0;0;0;0;0;0;1;0;0;1;0;0;0;9.4
780000.0;120.55;4;0;1;2;1990;0;0;1;0;0;0;0;1;0;0;0;0;0;1;0;0;0;9.3
784000.0;58.0;3;0;2;4;1957;0;1;0;0;0;0;0;0;0;0;1;0;0;1;0;0;0;6.0
1885000.0;250.0;5;0;1;3;2000;0;1;0;0;0;0;0;0;0;0;1;0;0;1;0;0;0;10.0
490000.0;28.0;2;0;1;5;2019;1;0;0;0;0;0;0;0;0;0;1;0;0;1;0;0;0;9.9
804081.6;47.1;1;1;3;17;2020;1;0;0;0;0;0;0;0;0;0;1;0;1;1;0;0;0;10.8
690000.0;61.6;3;0;2;10;1980;0;1;0;0;0;0;0;0;0;0;1;0;0;1;0;0;0;7.1
1399000.0;113.55;4;0;0;3;1905;0;0;0;1;0;0;0;1;0;0;0;1;0;1;0;0;0;5.4
450000.0;51.2;3;0;4;4;1967;0;1;0;0;0;0;0;0;0;0;1;0;1;1;0;0;0;16.7
1040000.0;77.87;3;0;2;5;2008;0;1;0;0;0;0;0;0;0;0;1;0;0;1;0;0;0;7.4
840225.0;87.07;4;1;4;17;2021;1;0;0;0;0;0;0;0;0;0;1;0;1;1;0;0;0;12.3
560000.0;43.0;2;0;2;4;1975;0;1;0;0;0;0;0;0;0;0;1;0;0;0;0;1;0;6.2
920000.0;48.25;2;0;1;17;2013;1;0;0;0;0;0;0;0;0;0;1;0;0;1;0;0;0;6.6
1130000.0;72.45;3;0;6;12;2012;1;0;0;0;0;0;0;0;0;0;1;0;0;1;0;0;0;7.7
1850000.0;96.0;3;0;11;29;2009;0;1;0;0;0;0;0;0;0;0;1;0;0;1;0;0;0;10.7
350000.0;26.4;2;0;3;4;1971;0;1;0;0;0;0;0;0;0;0;1;0;0;1;0;0;0;9.2
1799000.0;67.14;3;0;2;3;2015;1;0;0;0;0;0;0;0;0;0;1;0;0;1;0;0;0;5.3
350000.0;25.3;2;0;3;4;1970;0;1;0;0;0;0;0;0;0;0;1;0;0;1;0;0;0;9.2
520000.0;48.2;2;0;4;4;1980;0;1;0;0;0;0;0;0;0;0;1;0;1;1;0;0;0;9.0
339000.0;23.0;1;0;7;8;1980;0;1;0;0;0;0;0;0;0;0;1;0;0;1;0;0;0;8.2
529000.0;46.0;2;0;1;10;1975;0;1;0;0;0;0;0;0;0;0;1;0;0;1;0;0;0;5.5
1158250.0;56.5;2;0;2;2;2005;1;0;0;0;0;0;0;0;0;0;1;0;0;1;0;0;0;0.1
525000.0;57.6;3;0;0;4;1998;0;1;0;0;0;0;0;1;0;0;0;0;0;1;0;0;0;7.6
821788.5;81.77;4;1;4;6;2023;0;1;0;0;0;0;0;0;0;0;1;0;1;1;0;0;0;12.3
797257.5;81.77;4;1;3;6;2023;0;1;0;0;0;0;0;0;0;0;1;0;1;1;0;0;0;12.3
797257.5;81.77;4;1;1;6;2023;0;1;0;0;0;0;0;0;0;0;1;0;1;1;0;0;0;12.3
1003536.0;96.96;3;1;6;6;2023;0;1;0;0;0;0;0;0;0;0;1;0;1;1;0;0;0;12.3
789080.5;81.77;4;1;0;6;2023;0;1;0;0;0;0;0;0;0;0;1;0;1;1;0;0;0;12.3
940194.0;90.84;4;1;6;6;2023;0;1;0;0;0;0;0;0;0;0;1;0;1;1;0;0;0;12.3
931110.0;90.84;4;1;5;6;2023;0;1;0;0;0;0;0;0;0;0;1;0;1;1;0;0;0;12.3
912942.0;90.84;4;1;3;6;2023;0;1;0;0;0;0;0;0;0;0;1;0;1;1;0;0;0;12.3
922026.0;90.84;4;1;4;6;2023;0;1;0;0;0;0;0;0;0;0;1;0;1;1;0;0;0;12.3
470000.0;43.0;2;0;1;2;1920;0;0;0;1;0;0;0;1;0;0;0;0;0;1;0;0;0;6.1
560000.0;65.0;3;0;2;4;1986;0;1;0;0;0;0;0;0;0;0;1;0;0;1;0;0;0;7.1
849900.0;48.25;3;0;4;5;2021;0;1;0;0;0;0;0;0;0;0;1;0;0;1;0;0;0;12.7
619000.0;66.5;3;0;3;4;1923;0;0;0;1;0;0;0;0;0;0;1;0;0;1;0;0;0;8.6
819000.0;45.82;2;0;1;15;2012;1;0;0;0;0;0;0;0;0;0;1;0;0;1;0;0;0;7.8
879000.0;91.42;4;0;1;3;1930;0;0;0;1;0;0;0;1;0;0;0;1;0;1;0;0;0;2.3
2100683.0;108.22;4;1;11;12;2020;1;0;0;0;0;0;0;0;0;0;1;0;1;1;0;0;0;6.5
990000.0;58.2;2;0;1;3;1910;0;0;0;1;0;0;0;1;0;0;0;0;0;1;0;0;0;4.1
649000.0;59.0;3;0;4;4;1962;0;1;0;0;0;0;0;0;0;0;1;1;0;1;0;0;0;5.5
910000.0;49.0;2;0;1;6;2020;1;0;0;0;0;0;0;0;0;0;1;0;0;1;0;0;0;8.1
547768.0;52.67;2;1;1;6;2023;0;1;0;0;0;0;0;0;0;0;1;0;1;1;0;0;0;12.3
585079.5;60.63;3;1;0;6;2023;0;1;0;0;0;0;0;0;0;0;1;0;1;1;0;0;0;12.3
532688.0;51.22;2;1;0;8;2023;0;1;0;0;0;0;0;0;0;0;1;0;1;1;0;0;0;12.3
515000.0;40.75;2;0;0;10;1970;0;1;0;0;0;0;0;0;0;0;1;0;0;0;1;0;0;4.2
389000.0;26.4;2;0;11;11;1980;0;1;0;0;0;0;0;0;0;0;1;0;0;0;1;0;0;7.2
896000.0;74.67;2;0;3;3;1958;0;0;0;1;0;0;0;0;0;0;1;0;0;1;0;0;0;9.4
999989.0;55.0;2;0;8;12;2019;1;0;0;0;0;0;0;0;0;0;1;0;0;1;0;0;0;9.3
1631500.0;125.5;5;0;3;4;2001;0;1;0;0;0;0;0;0;0;0;1;0;0;1;0;0;0;7.8
599000.0;63.8;3;0;2;3;2002;0;1;0;0;0;0;0;0;0;0;1;0;0;1;0;0;0;10.8
699000.0;82.7;4;0;2;5;1986;0;1;0;0;0;0;0;0;0;0;1;0;0;0;0;1;0;12.0
439000.0;47.8;3;0;0;10;1980;0;1;0;0;0;0;0;0;0;0;1;1;0;1;0;0;0;8.5
1520000.0;119.0;4;0;1;3;1907;0;0;0;1;0;0;0;1;0;0;0;0;0;1;0;0;0;1.9
499000.0;59.4;3;0;0;4;1985;0;1;0;0;0;0;0;0;0;0;1;0;0;0;0;1;0;8.3
819000.0;108.0;3;0;2;2;2006;0;1;0;0;0;0;0;0;0;0;1;0;0;1;0;0;0;7.3
499000.0;54.0;3;0;4;4;1976;0;1;0;0;0;0;0;0;0;0;1;0;0;1;0;0;0;5.4
855000.0;82.7;3;0;1;4;1936;0;0;0;1;0;0;0;0;0;0;1;1;0;1;0;0;0;12.1
899000.0;78.4;4;0;1;2;1928;0;0;0;1;0;0;1;0;0;0;0;0;0;1;0;0;0;10.1
1250000.0;147.0;5;0;3;3;2000;0;1;0;0;0;0;0;0;0;0;1;0;0;1;0;0;0;8.7
399000.0;40.37;2;0;0;4;2021;0;1;0;0;0;0;0;0;0;0;1;0;1;1;0;0;0;16.5
455000.0;29.54;1;0;2;5;2020;1;0;0;0;0;0;0;0;0;0;1;0;0;1;0;0;0;13.6
1850000.0;135.8;5;0;0;6;2009;1;0;0;0;0;0;0;0;0;0;1;0;0;1;0;0;0;7.5
1549000.0;133.0;7;0;2;2;1914;0;0;0;1;0;0;0;1;0;0;0;0;0;1;0;0;0;5.4
999900.0;84.0;3;0;2;3;1950;0;0;0;1;0;0;0;0;0;0;1;0;0;1;0;0;0;9.6
579000.0;64.1;2;0;0;3;1997;0;1;0;0;0;0;0;0;0;0;1;0;0;0;0;1;0;10.2
359000.0;37.0;2;0;2;2;1950;0;0;0;1;0;0;0;1;0;0;0;0;0;1;0;0;0;7.8
449000.0;40.9;2;0;6;10;1970;0;1;0;0;0;0;0;0;0;0;1;1;0;0;0;1;0;4.9
839000.0;140.2;6;0;1;1;1978;0;0;1;0;0;0;0;1;0;0;0;0;0;1;0;0;0;9.8
1100000.0;74.0;3;0;3;3;1935;0;0;0;1;0;0;0;1;0;0;0;0;0;1;0;0;0;2.3
820000.0;70.44;3;0;0;1;1995;0;1;0;0;0;0;0;0;1;0;0;0;0;1;0;0;0;5.2
790000.0;77.25;4;0;1;4;1992;0;1;0;0;0;0;0;0;0;0;1;0;0;1;0;0;0;12.1
1599000.0;85.0;4;0;5;5;2018;0;1;0;0;0;0;0;0;0;0;1;0;0;1;0;0;0;9.2
660000.0;58.5;3;0;8;10;1982;0;1;0;0;0;0;0;0;0;0;1;1;0;1;0;0;0;6.5
410000.0;35.0;1;0;0;3;2003;1;0;0;0;0;0;0;1;0;0;0;0;0;1;0;0;0;12.0
2118000.0;114.3;4;0;6;7;2018;1;0;0;0;0;0;0;0;0;0;1;0;0;1;0;0;0;4.9
489000.0;60.0;3;0;2;4;1985;0;1;0;0;0;0;0;0;0;0;1;0;0;0;1;0;0;8.3
536000.0;50.5;3;0;2;9;1976;0;1;0;0;0;0;0;0;0;0;1;0;0;1;0;0;0;10.1
1750000.0;96.25;4;0;1;3;2010;1;0;0;0;0;0;0;0;0;0;1;1;0;1;0;0;0;3.3
739000.0;66.14;3;0;1;2;1957;0;0;0;1;0;0;0;0;0;0;1;0;0;1;0;0;0;4.9
565900.0;72.69;3;0;1;4;1977;0;1;0;0;0;0;0;0;0;0;1;1;0;1;0;0;0;10.4
899000.0;80.0;4;0;1;2;1965;0;0;0;1;0;0;1;0;0;0;0;0;0;1;0;0;0;9.2
1740000.0;74.0;3;0;1;3;1910;0;0;0;1;0;0;0;0;1;0;0;0;0;1;0;0;0;1.8
360000.0;27.0;1;0;6;10;1976;0;1;0;0;0;0;0;0;0;0;1;0;0;1;0;0;0;4.4
899000.0;78.4;4;0;1;3;1928;0;0;0;1;0;0;1;0;0;0;0;0;0;1;0;0;0;10.1
720000.0;35.23;1;0;2;4;2014;1;0;0;0;0;0;0;0;0;0;1;0;0;1;0;0;0;0.0
470000.0;45.0;2;0;4;4;1970;0;1;0;0;0;0;0;0;0;0;1;1;0;1;0;0;0;6.2
620000.0;50.0;2;0;4;4;2013;0;1;0;0;0;0;0;0;0;0;1;0;0;1;0;0;0;16.4
465000.0;55.2;3;0;2;3;1993;0;1;0;0;0;0;0;0;0;0;1;0;0;0;1;0;0;9.8
429000.0;31.0;1;0;1;10;1980;0;1;0;0;0;0;0;0;0;0;1;0;0;0;0;1;0;3.9
1480000.0;118.6;4;0;10;10;1985;0;1;0;0;0;0;0;0;0;0;1;0;0;0;0;1;0;9.5
648000.0;85.08;4;0;3;3;1965;0;0;0;1;0;0;0;0;0;0;1;1;0;1;0;0;0;9.0
749000.0;48.97;2;0;2;12;2019;0;1;0;0;0;0;0;0;0;0;1;0;0;1;0;0;0;9.2
899000.0;77.72;4;0;1;4;2020;0;1;0;0;0;0;0;0;0;0;1;0;1;1;0;0;0;11.5
915180.0;43.58;2;0;1;2;2020;0;1;0;0;0;0;0;0;1;0;0;0;0;1;0;0;0;11.1
1997000.0;230.0;8;0;3;3;1921;0;0;0;1;0;0;0;1;0;0;0;0;0;1;0;0;0;8.4
1677000.0;154.8;5;0;3;3;2000;0;1;0;0;0;0;0;0;0;0;1;0;0;0;0;1;0;11.4
1480000.0;122.0;4;0;0;3;1905;0;0;0;1;0;0;0;1;0;0;0;0;0;1;0;0;0;2.3
767142.0;74.12;4;1;6;6;2023;0;1;0;0;0;0;0;0;0;0;1;0;1;1;0;0;0;12.3
517803.0;48.62;2;1;6;6;2023;0;1;0;0;0;0;0;0;0;0;1;0;1;1;0;0;0;12.3
655662.0;65.24;3;1;2;6;2023;0;1;0;0;0;0;0;0;0;0;1;0;1;1;0;0;0;12.3
771005.0;75.22;4;1;5;6;2023;0;1;0;0;0;0;0;0;0;0;1;0;1;1;0;0;0;12.3
763483.0;75.22;4;1;4;6;2023;0;1;0;0;0;0;0;0;0;0;1;0;1;1;0;0;0;12.3
520000.0;51.0;3;0;4;4;1963;0;1;0;0;0;0;0;0;0;0;1;1;0;0;0;1;0;7.0
499000.0;48.46;2;0;4;4;1950;0;0;0;1;0;0;0;0;0;0;1;0;0;1;0;0;0;8.9
1390000.0;123.0;5;0;6;6;2006;1;0;0;0;0;0;0;1;0;0;0;0;0;1;0;0;0;10.2
490000.0;50.0;2;0;0;4;1976;0;1;0;0;0;0;0;0;0;0;1;1;0;1;0;0;0;5.4
585000.0;56.1;3;0;6;10;1974;0;1;0;0;0;0;0;0;0;0;1;0;0;0;0;1;0;4.2
850000.0;34.0;1;0;6;17;2019;0;1;0;0;0;0;0;0;0;0;1;0;0;1;0;0;0;12.5
1990000.0;62.1;2;0;3;3;2002;1;0;0;0;0;0;0;0;0;0;1;0;0;1;0;0;0;2.4
749600.0;58.0;2;0;0;4;2008;1;0;0;0;0;0;0;0;0;0;1;0;0;1;0;0;0;8.5
595000.0;54.67;3;1;1;3;2021;1;0;0;0;0;0;0;1;0;0;0;0;1;1;0;0;0;8.5
338400.0;42.3;2;0;2;4;1970;0;1;0;0;0;0;0;0;0;0;1;1;0;0;0;1;0;9.2
830000.0;47.55;2;0;5;7;2013;1;0;0;0;0;0;0;0;0;0;1;0;0;1;0;0;0;7.8
860000.0;82.3;3;0;0;3;1900;0;0;0;1;0;0;0;0;0;0;1;0;0;1;0;0;0;9.4
910000.0;99.4;3;0;1;2;1900;0;0;0;1;0;0;0;0;0;0;1;0;0;1;0;0;0;9.8
820000.0;83.5;4;0;3;5;1936;0;0;0;1;0;0;0;0;0;0;1;0;0;1;0;0;0;10.0
370000.0;42.25;1;0;0;3;2002;0;1;0;0;0;0;0;0;0;0;1;0;0;1;0;0;0;6.8
1799000.0;101.3;4;0;3;28;2009;1;0;0;0;0;0;0;0;0;0;1;0;0;1;0;0;0;10.7
738000.0;65.5;3;0;11;17;2021;1;0;0;0;0;0;0;0;0;0;1;0;0;1;0;0;0;10.5
732000.0;63.6;3;0;4;4;1990;0;1;0;0;0;0;0;0;0;0;1;0;0;1;0;0;0;9.3
1053000.0;78.5;3;0;1;5;1938;0;0;0;1;0;0;0;0;0;0;1;0;0;1;0;0;0;8.6
423000.0;42.3;2;0;4;4;1966;0;1;0;0;0;0;0;0;0;0;1;0;0;1;0;0;0;9.4
480000.0;48.4;2;0;4;4;1955;0;1;0;0;0;0;0;0;0;0;1;0;0;1;0;0;0;9.0
830000.0;47.55;2;0;5;16;2012;0;1;0;0;0;0;0;0;0;0;1;0;0;1;0;0;0;7.8
799000.0;54.0;3;0;1;2;1903;0;0;0;1;0;0;0;0;0;0;1;0;0;1;0;0;0;9.6
1099000.0;79.4;3;0;7;8;2002;1;0;0;0;0;0;0;0;0;0;1;0;0;1;0;0;0;7.1
555000.0;29.24;1;0;0;1;1910;0;0;0;1;0;0;0;1;0;0;0;0;0;1;0;0;0;0.8
489000.0;52.28;2;0;0;2;1954;0;0;0;1;0;0;0;0;0;0;1;1;0;1;0;0;0;9.9
850000.0;94.0;4;0;1;2;2014;1;0;0;0;0;0;0;0;1;0;0;0;0;1;0;0;0;13.2
759730.0;74.12;4;1;5;6;2023;0;1;0;0;0;0;0;0;0;0;1;0;1;1;0;0;0;12.3
752318.0;74.12;4;1;4;6;2023;0;1;0;0;0;0;0;0;0;0;1;0;1;1;0;0;0;12.3
744906.0;74.12;4;1;3;6;2023;0;1;0;0;0;0;0;0;0;0;1;0;1;1;0;0;0;12.3
733788.0;74.12;4;1;3;6;2023;0;1;0;0;0;0;0;0;0;0;1;0;1;1;0;0;0;12.3
722670.0;74.12;4;1;1;6;2023;0;1;0;0;0;0;0;0;0;0;1;0;1;1;0;0;0;12.3
636090.0;65.24;3;1;1;6;2023;0;1;0;0;0;0;0;0;0;0;1;0;1;1;0;0;0;12.3
512941.0;48.62;2;1;5;6;2023;0;1;0;0;0;0;0;0;0;0;1;0;1;1;0;0;0;12.3
498355.0;48.62;2;1;4;6;2023;0;1;0;0;0;0;0;0;0;0;1;0;1;1;0;0;0;12.3
498355.0;48.62;2;1;3;6;2023;0;1;0;0;0;0;0;0;0;0;1;0;1;1;0;0;0;12.3
493493.0;48.62;2;1;2;6;2023;0;1;0;0;0;0;0;0;0;0;1;0;1;1;0;0;0;12.3
778527.0;75.22;4;1;6;6;2023;0;1;0;0;0;0;0;0;0;0;1;0;1;1;0;0;0;12.3
755961.0;75.22;4;1;3;6;2023;0;1;0;0;0;0;0;0;0;0;1;0;1;1;0;0;0;12.3
744678.0;75.22;4;1;2;6;2023;0;1;0;0;0;0;0;0;0;0;1;0;1;1;0;0;0;12.3
540274.5;50.73;2;1;1;6;2023;0;1;0;0;0;0;0;0;0;0;1;0;1;1;0;0;0;12.3
517111.0;47.66;2;1;4;6;2023;0;1;0;0;0;0;0;0;0;0;1;0;1;1;0;0;0;12.3
526643.0;47.66;2;1;5;6;2023;0;1;0;0;0;0;0;0;0;0;1;0;1;1;0;0;0;12.3
495000.0;54.1;2;0;0;2;1936;0;0;0;1;0;0;0;1;0;0;0;0;0;1;0;0;0;10.1
1180000.0;98.0;3;0;1;2;2006;1;0;0;0;0;0;0;0;0;0;1;0;0;1;0;0;0;7.5
1090000.0;101.8;4;0;0;2;2000;0;1;0;0;0;0;0;0;1;0;0;0;0;1;0;0;0;13.8
1239000.0;72.26;4;0;2;5;2016;0;1;0;0;0;0;0;0;0;0;1;0;0;1;0;0;0;9.0
699000.0;65.0;3;0;4;4;1990;0;1;0;0;0;0;0;0;0;0;1;0;0;1;0;0;0;9.0
1457437.0;68.2;3;1;1;3;2021;1;0;0;0;0;0;0;0;0;0;1;0;1;1;0;0;0;9.3
340000.0;42.0;2;0;0;1;1980;0;1;0;0;0;0;0;0;1;0;0;1;0;1;0;0;0;16.2
588500.0;55.0;2;0;3;3;1960;0;0;0;1;0;0;0;1;0;0;0;0;0;1;0;0;0;5.0
1457000.0;68.2;3;1;1;3;2021;1;0;0;0;0;0;0;0;0;0;1;0;1;1;0;0;0;9.3
460000.0;43.0;2;0;2;4;1999;0;1;0;0;0;0;0;1;0;0;0;0;0;1;0;0;0;7.6
409000.0;47.6;2;0;4;4;1997;0;1;0;0;0;0;0;0;0;0;1;0;0;1;0;0;0;8.6
879000.0;81.0;5;0;0;3;1870;0;0;0;1;0;0;0;1;0;0;0;0;0;1;0;0;0;9.7
315000.0;26.0;1;0;0;4;1970;0;1;0;0;0;0;0;0;0;0;1;1;0;1;0;0;0;9.2
520000.0;46.27;2;0;11;16;2021;1;0;0;0;0;0;0;0;0;0;1;0;1;1;0;0;0;8.5
549000.0;56.3;3;0;3;10;1975;0;1;0;0;0;0;0;0;0;0;1;0;0;1;0;0;0;7.4
699000.0;60.5;2;0;3;4;1970;0;0;0;1;0;0;0;1;0;0;0;0;0;1;0;0;0;9.1
599000.0;44.4;2;0;3;4;1960;0;0;0;1;0;0;0;1;0;0;0;0;0;1;0;0;0;8.6
799000.0;44.58;2;0;1;17;2018;0;1;0;0;0;0;0;0;0;0;1;0;0;1;0;0;0;13.6
1590000.0;88.36;4;0;6;7;2012;1;0;0;0;0;0;0;0;0;0;1;0;0;1;0;0;0;10.3
670500.0;44.7;3;1;4;5;2020;1;0;0;0;0;0;0;0;0;0;1;0;1;1;0;0;0;12.5
517707.0;42.09;2;1;0;5;2020;1;0;0;0;0;0;0;0;0;0;1;0;1;1;0;0;0;12.5
559000.0;52.23;2;0;1;4;2002;0;1;0;0;0;0;0;0;0;0;1;0;0;1;0;0;0;9.4
1150000.0;102.0;3;0;1;2;2002;1;0;0;0;0;0;0;0;0;0;1;0;0;1;0;0;0;7.5
529000.0;53.0;3;0;0;10;1969;0;1;0;0;0;0;0;0;0;0;1;1;0;0;0;1;0;5.3
729000.0;65.0;3;0;2;3;1962;0;1;0;0;0;0;0;0;0;0;1;0;0;1;0;0;0;11.2
784000.0;58.0;3;0;2;4;1957;0;0;0;1;0;0;0;0;0;0;1;0;0;1;0;0;0;6.0
355000.0;30.0;2;0;2;10;1970;0;1;0;0;0;0;0;0;0;0;1;0;0;0;0;1;0;5.3
450000.0;43.0;2;0;4;4;1970;0;1;0;0;0;0;0;0;0;0;1;0;0;0;1;0;0;6.5
418500.0;52.3;2;0;1;3;1999;0;1;0;0;0;0;0;0;0;0;1;0;0;1;0;0;0;11.6
640000.0;64.1;2;0;1;3;1938;0;1;0;0;0;0;1;0;0;0;0;1;0;0;0;0;1;7.7
557796.0;60.63;3;1;0;17;2023;1;0;0;0;0;0;0;0;0;0;1;0;1;1;0;0;0;12.3
349000.0;26.6;1;0;10;10;1976;0;1;0;0;0;0;0;0;0;0;1;1;0;0;1;0;0;4.4
745000.0;64.26;4;1;3;3;2021;0;1;0;0;0;0;0;0;0;0;1;0;1;1;0;0;0;8.5
601575.0;61.7;3;1;2;7;2023;1;0;0;0;0;0;0;0;0;0;1;0;1;1;0;0;0;12.1
697512.0;68.05;4;1;5;17;2023;1;0;0;0;0;0;0;0;0;0;1;0;1;1;0;0;0;12.1
704317.0;68.05;4;1;6;17;2023;1;0;0;0;0;0;0;0;0;0;1;0;1;1;0;0;0;12.1
563576.0;54.19;3;1;0;17;2023;1;0;0;0;0;0;0;0;0;0;1;0;1;1;0;0;0;12.1
1385073.0;111.86;5;1;3;3;2022;0;1;0;0;0;0;0;0;0;0;1;0;1;1;0;0;0;7.5
985559.0;80.65;4;1;1;3;2022;0;1;0;0;0;0;0;0;0;0;1;0;1;1;0;0;0;7.5
470000.0;60.0;3;0;0;4;1986;0;1;0;0;0;0;0;0;0;0;1;0;0;1;0;0;0;7.4
423000.0;42.3;2;0;4;4;1966;0;1;0;0;0;0;0;0;0;0;1;0;0;1;0;0;0;9.4
936250.0;74.9;3;0;1;4;2009;1;0;0;0;0;0;0;0;0;0;1;0;0;1;0;0;0;4.9
1820000.0;88.34;3;0;2;4;1905;0;0;0;1;0;0;0;1;0;0;0;0;0;1;0;0;0;0.8
589900.0;69.4;3;0;2;2;1997;0;1;0;0;0;0;0;0;0;0;1;0;0;1;0;0;0;12.1
2200844.0;106.72;4;1;11;12;2021;1;0;0;0;0;0;0;0;0;0;1;0;1;1;0;0;0;5.4
740000.0;43.01;2;0;1;3;2022;1;0;0;0;0;0;0;0;0;0;1;0;1;1;0;0;0;16.6
887500.0;48.9;2;0;1;5;2012;0;1;0;0;0;0;0;0;0;0;1;0;0;1;0;0;0;7.8
580000.0;61.7;3;0;3;3;1950;0;1;0;0;0;0;0;0;0;0;1;0;0;1;0;0;0;8.8
519000.0;59.0;3;0;2;3;1930;0;0;0;1;0;0;0;1;0;0;0;1;0;1;0;0;0;8.4
619000.0;66.5;3;0;3;4;1923;0;0;0;1;0;0;0;0;0;0;1;0;0;1;0;0;0;9.1
649999.0;36.54;2;0;2;7;2021;1;0;0;0;0;0;0;0;0;0;1;0;1;1;0;0;0;4.9
699000.0;68.23;3;0;0;1;2008;0;1;0;0;0;0;0;0;1;0;0;0;0;1;0;0;0;13.5
259000.0;15.4;1;0;4;10;1970;0;1;0;0;0;0;0;0;0;0;1;0;0;1;0;0;0;1.8
550000.0;62.0;3;0;2;10;1980;0;1;0;0;0;0;0;0;0;0;1;0;0;1;0;0;0;12.1
920000.0;103.9;5;0;3;3;2010;0;1;0;0;0;0;0;0;0;0;1;0;0;1;0;0;0;14.5
570000.0;48.5;2;0;2;4;1958;0;0;0;1;0;0;0;0;0;0;1;1;0;1;0;0;0;9.2
525000.0;52.0;3;0;0;4;1980;0;1;0;0;0;0;0;0;0;0;1;0;0;0;0;1;0;9.2
1290000.0;58.0;2;0;3;4;2007;1;0;0;0;0;0;0;0;0;0;1;0;0;1;0;0;0;3.3
599000.0;63.0;2;0;0;3;1930;0;0;0;1;0;0;0;1;0;0;0;0;0;1;0;0;0;9.0
495000.0;54.1;2;0;0;2;1936;0;0;0;1;0;0;0;1;0;0;0;0;0;1;0;0;0;10.1
1530000.0;85.62;4;0;1;5;2018;1;0;0;0;0;0;0;0;0;0;1;0;0;1;0;0;0;9.4
440000.0;42.42;2;1;1;5;2021;0;1;0;0;0;0;0;0;0;0;1;0;1;1;0;0;0;12.1
580000.0;58.74;3;1;1;5;2021;0;1;0;0;0;0;0;0;0;0;1;0;1;1;0;0;0;12.1
795000.0;100.0;3;0;4;4;2000;0;1;0;0;0;0;0;0;0;0;1;0;0;1;0;0;0;10.8
623000.0;48.0;2;0;5;10;1980;0;1;0;0;0;0;0;0;0;0;1;0;0;1;0;0;0;8.2
545000.0;60.61;3;0;4;5;1950;0;1;0;0;0;0;0;0;0;0;1;0;0;1;0;0;0;8.7
507000.0;46.0;2;0;0;10;1970;0;1;0;0;0;0;0;0;0;0;1;0;0;1;0;0;0;6.6
1380000.0;82.0;2;0;4;4;2018;1;0;0;0;0;0;0;0;0;0;1;0;0;1;0;0;0;9.2
890000.0;68.0;3;0;11;16;2010;1;0;0;0;0;0;0;0;0;0;1;0;0;1;0;0;0;9.2
1300000.0;90.5;4;0;2;3;1900;0;0;0;1;0;0;0;1;0;0;0;0;0;1;0;0;0;4.9
828505.8;48.7;2;1;1;17;2020;1;0;0;0;0;0;0;0;0;0;1;0;1;1;0;0;0;10.8
1144850.0;65.42;2;1;0;2;2022;1;0;0;0;0;0;0;1;0;0;0;0;1;1;0;0;0;5.4
931000.0;53.2;2;1;1;2;2022;1;0;0;0;0;0;0;1;0;0;0;0;1;1;0;0;0;5.4
782600.0;44.72;2;1;0;2;2022;1;0;0;0;0;0;0;1;0;0;0;0;1;1;0;0;0;5.4
799000.0;70.0;3;0;1;1;1949;0;0;0;0;0;1;0;1;0;0;0;0;0;1;0;0;0;7.9
770756.0;64.47;3;0;1;3;2022;0;1;0;0;0;0;0;0;0;0;1;0;1;1;0;0;0;7.5
1851300.0;108.9;4;1;2;2;2022;1;0;0;0;0;0;0;1;0;0;0;0;1;1;0;0;0;5.4
570000.0;73.96;4;0;0;4;1989;0;1;0;0;0;0;0;0;0;0;1;1;0;1;0;0;0;8.0
1299000.0;173.6;5;0;1;3;1901;0;0;0;1;0;0;0;1;0;0;0;0;0;1;0;0;0;9.1
570000.0;51.45;2;0;1;4;1950;0;0;0;1;0;0;0;0;0;0;1;0;0;0;1;0;0;10.2
339000.0;24.5;1;0;1;3;2000;0;1;0;0;0;0;0;0;0;0;1;0;0;1;0;0;0;10.9
2200844.0;106.72;4;0;11;12;2021;1;0;0;0;0;0;0;0;0;0;1;0;1;1;0;0;0;6.5
749000.0;72.94;3;0;2;2;1950;0;0;0;1;0;0;0;1;0;0;0;0;0;1;0;0;0;7.7
699000.0;100.0;4;0;2;3;2000;0;0;1;0;0;0;0;0;1;0;0;0;0;1;0;0;0;9.9
950000.0;50.0;2;0;3;4;2007;1;0;0;0;0;0;0;0;0;0;1;0;0;1;0;0;0;8.1
1490000.0;69.63;3;0;2;3;1950;0;0;0;1;0;0;0;1;0;0;0;0;0;1;0;0;0;5.3
660000.0;63.8;3;0;2;6;1980;0;1;0;0;0;0;0;0;0;0;1;0;0;0;1;0;0;8.2
840000.0;99.12;4;0;0;3;1905;0;0;0;1;0;0;0;1;0;0;0;0;0;1;0;0;0;15.6
579000.0;71.0;3;0;0;3;1990;0;1;0;0;0;0;0;0;0;0;1;0;0;1;0;0;0;9.8
749000.0;72.94;3;0;2;2;1950;0;0;0;1;0;0;0;1;0;0;0;0;0;1;0;0;0;7.7
912500.0;91.26;4;0;3;4;1930;0;0;0;1;0;0;0;0;0;0;1;0;0;1;0;0;0;12.1
450000.0;60.0;3;0;2;2;1930;0;0;0;1;0;0;0;1;0;0;0;1;0;1;0;0;0;9.2
460000.0;43.0;2;0;2;4;1999;0;1;0;0;0;0;0;1;0;0;0;0;0;1;0;0;0;7.4
799000.0;135.28;4;0;2;2;2009;0;0;0;1;0;0;0;1;0;0;0;0;1;1;0;0;0;12.0
2076000.0;125.22;3;0;0;2;1889;0;0;0;1;0;0;0;1;0;0;0;0;0;1;0;0;0;2.1
849000.0;80.24;3;0;1;3;2019;1;0;0;0;0;0;0;0;0;0;1;0;1;1;0;0;0;13.9
500443.5;46.99;2;1;0;6;2023;0;1;0;0;0;0;0;0;0;0;1;0;1;1;0;0;0;12.3
1900000.0;58.8;2;0;10;11;2012;1;0;0;0;0;0;0;0;0;0;1;0;0;1;0;0;0;10.3
550000.0;33.0;1;0;1;5;2018;1;0;0;0;0;0;0;0;0;0;1;0;0;1;0;0;0;9.2
1500000.0;93.71;4;1;7;7;2022;1;0;0;0;0;0;0;0;0;0;1;0;1;1;0;0;0;3.7
1130000.0;73.61;3;1;6;7;2022;1;0;0;0;0;0;0;0;0;0;1;0;1;1;0;0;0;3.7
1110000.0;72.76;4;1;5;7;2022;1;0;0;0;0;0;0;0;0;0;1;0;1;1;0;0;0;3.7
349000.0;20.0;1;0;4;4;1930;0;0;0;1;0;0;0;0;0;0;1;0;0;1;0;0;0;4.1
1231767.0;79.1;3;1;5;7;2020;1;0;0;0;0;0;0;0;0;0;1;0;1;1;0;0;0;10.8
489000.0;52.4;3;0;2;4;1998;0;1;0;0;0;0;0;0;0;0;1;0;0;1;0;0;0;11.9
1015451.0;93.59;4;1;11;17;2023;1;0;0;0;0;0;0;0;0;0;1;0;1;1;0;0;0;12.1
718776.0;71.52;4;1;1;17;2023;1;0;0;0;0;0;0;0;0;0;1;0;1;1;0;0;0;12.1
802553.4;47.1;1;1;4;17;2020;1;0;0;0;0;0;0;0;0;0;1;0;1;1;0;0;0;10.8
1161449.28;77.3;4;1;2;6;2020;1;0;0;0;0;0;0;0;0;0;1;0;1;1;0;0;0;10.8
709000.0;51.84;3;0;3;3;1914;0;0;0;1;0;0;0;1;0;0;0;0;0;1;0;0;0;5.4
1233125.0;98.65;3;1;0;3;2020;1;0;0;0;0;0;0;0;0;0;1;0;1;1;0;0;0;8.1
962375.0;76.99;4;1;0;3;2020;1;0;0;0;0;0;0;0;0;0;1;0;1;1;0;0;0;8.1
390000.0;48.12;3;0;3;3;1935;0;0;0;1;0;0;0;0;1;0;0;0;1;1;0;0;0;6.0
683902.5;68.05;4;1;3;6;2023;0;1;0;0;0;0;0;0;0;0;1;0;1;1;0;0;0;12.3
650000.0;55.9;3;0;1;2;1999;0;1;0;0;0;0;0;1;0;0;0;0;0;1;0;0;0;6.5
345000.0;37.8;2;0;6;10;1970;0;1;0;0;0;0;0;0;0;0;1;0;0;1;0;0;0;9.2
546701.0;51.82;2;1;0;6;2023;0;1;0;0;0;0;0;0;0;0;1;0;1;1;0;0;0;12.3
797175.0;59.05;3;1;3;5;2021;1;0;0;0;0;0;0;0;0;0;1;0;1;1;0;0;0;13.3
799121.0;58.33;3;1;3;5;2021;1;0;0;0;0;0;0;0;0;0;1;0;1;1;0;0;0;13.3
1049720.0;74.98;4;1;2;5;2021;1;0;0;0;0;0;0;0;0;0;1;0;1;1;0;0;0;13.3
1050000.0;101.0;5;1;0;4;2021;0;1;0;0;0;0;0;0;0;0;1;0;1;1;0;0;0;12.1
420000.0;26.0;2;0;11;11;1980;0;1;0;0;0;0;0;0;0;0;1;0;0;0;1;0;0;7.4
1300000.0;127.3;3;0;1;1;1963;0;0;1;0;0;0;0;0;0;0;1;0;0;1;0;0;0;6.3
756500.0;89.0;2;0;1;3;1936;0;0;0;1;0;0;0;0;0;0;1;0;0;1;0;0;0;9.8
867000.0;88.0;3;0;0;2;1910;0;0;0;1;0;0;0;1;0;0;0;0;0;1;0;0;0;9.7
2116763.0;106.37;4;1;2;2;2023;1;0;0;0;0;0;0;1;0;0;0;0;1;1;0;0;0;7.9
1849518.0;93.41;3;1;2;2;2023;1;0;0;0;0;0;0;1;0;0;0;0;1;1;0;0;0;7.9
1042712.0;55.76;3;1;1;2;2023;1;0;0;0;0;0;0;1;0;0;0;0;1;1;0;0;0;7.9
740502.0;39.18;2;1;1;2;2023;1;0;0;0;0;0;0;1;0;0;0;0;1;1;0;0;0;7.9
1104796.0;59.08;3;1;1;2;2023;1;0;0;0;0;0;0;1;0;0;0;0;1;1;0;0;0;7.9
701379.0;37.11;2;1;1;2;2023;1;0;0;0;0;0;0;1;0;0;0;0;1;1;0;0;0;7.9
701322.0;39.18;2;1;0;2;2023;1;0;0;0;0;0;0;1;0;0;0;0;1;1;0;0;0;7.9
2150000.0;89.0;3;0;3;3;2017;1;0;0;0;0;0;0;0;0;0;1;0;0;1;0;0;0;9.6
869000.0;58.39;2;0;9;13;2021;1;0;0;0;0;0;0;0;0;0;1;0;1;1;0;0;0;7.8
899500.0;58.39;2;0;10;13;2021;1;0;0;0;0;0;0;0;0;0;1;0;1;1;0;0;0;7.8
899000.0;63.36;3;0;5;8;2021;1;0;0;0;0;0;0;0;0;0;1;0;1;1;0;0;0;7.8
799000.0;58.49;2;0;4;8;2021;1;0;0;0;0;0;0;0;0;0;1;0;1;1;0;0;0;7.8
839900.0;58.39;2;0;4;8;2021;1;0;0;0;0;0;0;0;0;0;1;0;1;1;0;0;0;7.8
799000.0;47.97;2;0;7;8;2021;1;0;0;0;0;0;0;0;0;0;1;0;1;1;0;0;0;7.8
423000.0;42.3;2;0;4;4;1968;0;1;0;0;0;0;0;0;0;0;1;0;0;1;0;0;0;9.4
1184000.0;59.2;3;0;1;2;1901;0;0;0;1;0;0;0;1;0;0;0;0;1;1;0;0;0;4.1
995000.0;85.5;4;0;11;12;1993;0;1;0;0;0;0;0;0;0;0;1;0;0;1;0;0;0;7.7
479000.0;85.86;4;0;1;2;1960;0;0;0;1;0;0;0;1;0;0;0;1;0;1;0;0;0;11.5
960000.0;84.0;4;0;4;4;2017;0;1;0;0;0;0;0;1;0;0;0;0;0;1;0;0;0;11.7
499000.0;40.3;2;0;1;2;1937;0;0;0;1;0;0;0;1;0;0;0;0;0;1;0;0;0;2.2
789000.0;64.0;4;0;1;10;1970;0;1;0;0;0;0;0;0;0;0;1;0;0;0;1;0;0;4.4
1289000.0;90.25;3;0;0;1;1969;0;0;1;0;0;0;0;1;0;0;0;0;0;1;0;0;0;7.9
575000.0;70.3;3;0;0;3;1990;0;1;0;0;0;0;0;0;0;0;1;0;0;0;1;0;0;10.8
725000.0;49.24;3;0;4;12;2019;0;1;0;0;0;0;0;0;0;0;1;0;0;1;0;0;0;10.2
550615.0;51.22;2;1;2;17;2021;0;1;0;0;0;0;0;0;0;0;1;0;0;1;0;0;0;12.3
1450000.0;139.03;6;0;2;2;1870;0;0;0;1;0;0;0;1;0;0;0;0;0;1;0;0;0;5.8
1300000.0;90.5;3;0;2;3;1900;0;0;0;1;0;0;0;1;0;0;0;0;0;1;0;0;0;4.9
440000.0;55.3;2;0;1;4;1953;0;0;0;1;0;0;0;0;0;0;1;1;0;1;0;0;0;10.2
859000.0;33.5;1;0;3;1;2013;1;0;0;0;0;0;0;0;0;0;1;0;0;1;0;0;0;2.2
1444000.0;69.3;2;0;0;3;2013;1;0;0;0;0;0;0;0;0;0;1;0;0;1;0;0;0;2.2
1550000.0;137.0;4;0;0;1;1924;0;0;0;1;0;0;0;0;0;0;1;0;0;1;0;0;0;10.9
604305.0;61.98;3;1;1;6;2023;0;1;0;0;0;0;0;0;0;0;1;0;1;1;0;0;0;12.3
690707.5;68.05;4;1;4;6;2023;0;1;0;0;0;0;0;0;0;0;1;0;1;1;0;0;0;12.3
2100000.0;89.0;3;0;4;4;2017;1;0;0;0;0;0;0;0;0;0;1;0;0;1;0;0;0;9.6
1380000.0;107.82;3;0;2;3;1931;0;0;0;1;0;0;0;0;0;0;1;0;0;1;0;0;0;10.1
1500000.0;112.3;4;0;2;7;2013;0;1;0;0;0;0;0;0;0;0;1;0;0;1;0;0;0;10.3
1425000.0;76.5;4;0;6;7;2013;1;0;0;0;0;0;0;0;0;0;1;0;0;1;0;0;0;10.3
1190000.0;89.02;4;0;2;7;2013;1;0;0;0;0;0;0;0;0;0;1;0;0;1;0;0;0;10.3
1400000.0;77.88;3;0;0;3;2009;1;0;0;0;0;0;0;0;0;0;1;0;0;1;0;0;0;6.9
1345206.0;111.86;5;1;3;3;2022;1;0;0;0;0;0;0;0;0;0;1;0;1;1;0;0;0;6.7
584000.0;72.8;4;0;4;4;1955;0;0;0;1;0;0;0;0;0;0;1;1;0;1;0;0;0;8.4
769000.0;78.0;4;0;3;4;1940;0;0;0;1;0;0;0;0;0;0;1;0;0;1;0;0;0;9.0
1851300.0;108.9;4;1;2;2;2022;1;0;0;0;0;0;0;0;0;0;1;0;1;1;0;0;0;5.7
1144850.0;65.42;3;1;0;2;2022;1;0;0;0;0;0;0;0;0;0;1;0;1;1;0;0;0;5.7
931000.0;53.2;2;1;1;2;2022;1;0;0;0;0;0;0;0;0;0;1;0;1;1;0;0;0;5.7
1144850.0;65.42;2;1;0;2;2022;1;0;0;0;0;0;0;0;0;0;1;0;1;1;0;0;0;5.7
782600.0;44.72;2;1;0;2;2022;1;0;0;0;0;0;0;0;0;0;1;0;1;1;0;0;0;5.7
1990000.0;108.18;4;1;11;12;2021;1;0;0;0;0;0;0;0;0;0;1;0;1;1;0;0;0;5.4
450000.0;45.05;2;0;1;4;1999;0;1;0;0;0;0;0;0;0;0;1;0;0;1;0;0;0;13.8
390000.0;48.12;3;0;3;3;1935;0;0;0;1;0;0;1;0;0;0;0;0;1;1;0;0;0;6.0
1382000.0;65.9;3;1;0;3;2021;1;0;0;0;0;0;0;0;0;0;1;0;1;1;0;0;0;9.3
718776.0;71.52;4;1;0;17;2023;0;1;0;0;0;0;0;0;0;0;1;0;1;1;0;0;0;12.3
840225.5;87.07;4;1;0;7;2023;0;1;0;0;0;0;0;0;0;0;1;0;1;1;0;0;0;12.3
815000.0;70.7;3;0;7;17;2013;1;0;0;0;0;0;0;0;0;0;1;0;0;1;0;0;0;11.6
1390000.0;73.0;3;0;0;3;2005;1;0;0;0;0;0;0;0;0;0;1;0;0;1;0;0;0;3.3
808350.0;53.89;3;0;4;17;2017;1;0;0;0;0;0;0;0;0;0;1;0;0;1;0;0;0;13.6
349000.0;27.0;1;0;4;4;1978;0;1;0;0;0;0;0;0;0;0;1;0;0;1;0;0;0;9.3
824040.0;39.24;2;0;0;2;2020;0;1;0;0;0;0;0;0;1;0;0;0;0;1;0;0;0;11.1
1485874.8;89.4;4;1;1;7;2020;1;0;0;0;0;0;0;0;0;0;1;0;1;1;0;0;0;10.8
898500.0;57.5;3;0;1;5;2009;1;0;0;0;0;0;0;0;0;0;1;0;0;1;0;0;0;6.5
423000.0;42.3;2;0;4;4;1966;0;1;0;0;0;0;0;0;0;0;1;0;0;1;0;0;0;9.4
559000.0;52.23;2;0;1;3;2002;0;1;0;0;0;0;0;0;0;0;1;0;0;1;0;0;0;9.4
452000.0;40.83;2;0;3;3;2000;0;1;0;0;0;0;0;0;0;0;1;0;0;1;0;0;0;13.9
499000.0;72.8;3;0;2;4;1980;0;1;0;0;0;0;0;0;0;0;1;1;0;1;0;0;0;16.6
690000.0;72.0;3;0;5;5;2004;0;1;0;0;0;0;0;0;0;0;1;0;0;1;0;0;0;12.1
549000.0;52.66;2;0;4;4;1950;0;1;0;0;0;0;0;0;1;0;0;0;1;1;0;0;0;9.0
299000.0;34.0;1;0;0;3;1934;0;0;0;1;0;0;0;0;0;0;1;0;0;1;0;0;0;12.0
610000.0;85.2;3;0;4;4;1930;0;0;0;1;0;0;0;1;0;0;0;1;0;1;0;0;0;9.9
1990000.0;222.95;4;0;0;1;2001;1;0;0;0;0;0;0;1;0;0;0;0;0;1;0;0;0;6.5
473883.5;48.11;2;1;4;17;2023;0;1;0;0;0;0;0;0;0;0;1;0;1;1;0;0;0;12.3
1150000.0;110.4;4;0;2;2;1910;0;0;0;1;0;0;0;1;0;0;0;0;0;1;0;0;0;6.1
1242000.0;69.0;2;0;2;2;1910;0;0;0;1;0;0;0;1;0;0;0;0;0;1;0;0;0;1.8
673695.0;68.05;4;1;2;5;2023;0;1;0;0;0;0;0;0;0;0;1;0;1;1;0;0;0;12.3
545000.0;42.0;2;0;2;9;1975;0;1;0;0;0;0;0;0;0;0;1;0;0;0;1;0;0;7.8
990000.0;80.0;3;0;0;3;1950;0;0;0;1;0;0;0;1;0;0;0;0;0;1;0;0;0;9.0
1371189.0;115.42;4;1;0;8;2020;0;1;0;0;0;0;0;0;0;0;1;0;0;1;0;0;0;9.2
698345.0;49.36;2;1;5;8;2020;0;1;0;0;0;0;0;0;0;0;1;0;0;1;0;0;0;9.2
840682.0;57.66;3;1;5;8;2020;0;1;0;0;0;0;0;0;0;0;1;0;0;1;0;0;0;9.2
420000.0;43.0;2;0;3;4;1970;0;1;0;0;0;0;0;0;0;0;1;1;0;0;0;1;0;6.6
687000.0;76.49;3;0;0;2;1905;0;0;0;1;0;0;0;0;0;0;1;1;0;1;0;0;0;11.9
1079157.0;83.14;3;1;1;3;2019;0;0;1;0;0;0;0;1;0;0;0;0;0;1;0;0;0;7.2
1340000.0;85.4;3;0;6;7;2007;1;0;0;0;0;0;0;0;0;0;1;0;0;1;0;0;0;6.5
699900.0;72.37;3;0;2;2;1920;0;0;0;1;0;0;0;1;0;0;0;0;0;1;0;0;0;8.1
520410.0;47.31;2;1;2;3;2022;1;0;0;0;0;0;0;0;0;0;1;0;1;1;0;0;0;9.8
581297.0;53.33;3;1;2;3;2022;1;0;0;0;0;0;0;0;0;0;1;0;1;1;0;0;0;9.8
635688.0;58.32;3;1;2;3;2022;1;0;0;0;0;0;0;0;0;0;1;0;1;1;0;0;0;9.8
683382.0;64.47;3;1;1;3;2022;1;0;0;0;0;0;0;0;0;0;1;0;1;1;0;0;0;9.8
570631.0;53.33;3;1;1;3;2022;1;0;0;0;0;0;0;0;0;0;1;0;1;1;0;0;0;9.8
559965.0;53.33;3;1;1;3;2022;1;0;0;0;0;0;0;0;0;0;1;0;1;1;0;0;0;9.8
506217.0;47.31;2;1;0;3;2022;1;0;0;0;0;0;0;0;0;0;1;0;1;1;0;0;0;9.8
506217.0;47.31;2;1;0;3;2022;1;0;0;0;0;0;0;0;0;0;1;0;1;1;0;0;0;9.8
570631.0;53.33;3;1;0;3;2022;1;0;0;0;0;0;0;0;0;0;1;0;1;1;0;0;0;9.8
683123.5;70.79;4;1;0;6;2023;0;1;0;0;0;0;0;0;0;0;1;0;1;1;0;0;0;12.3
635000.0;63.8;3;0;0;2;2002;0;1;0;0;0;0;0;0;0;0;1;0;0;0;1;0;0;9.6
649000.0;51.0;3;0;2;10;1980;0;1;0;0;0;0;0;0;0;0;1;0;0;0;0;1;0;2.2
610000.0;48.5;2;0;2;4;1958;0;0;0;1;0;0;0;0;0;0;1;1;0;1;0;0;0;8.9
1600000.0;72.0;3;0;2;4;2017;1;0;0;0;0;0;0;0;0;0;1;0;0;1;0;0;0;10.2
479000.0;86.0;4;0;1;2;1930;0;0;0;1;0;0;0;1;0;0;0;1;0;1;0;0;0;11.5
1020000.0;71.2;3;0;2;3;2005;1;0;0;0;0;0;0;0;0;0;1;0;0;1;0;0;0;2.2
950000.0;106.5;4;0;2;2;1923;0;0;0;1;0;0;0;1;0;0;0;1;0;1;0;0;0;9.2
854000.0;105.14;4;0;3;3;1989;0;0;0;1;0;0;0;0;0;0;1;0;0;1;0;0;0;10.1
526643.0;47.66;2;1;6;18;2023;0;1;0;0;0;0;0;0;0;0;1;0;1;1;0;0;0;12.3
550615.0;51.22;2;1;6;18;2023;0;1;0;0;0;0;0;0;0;0;1;0;1;1;0;0;0;12.3
635295.0;61.98;3;1;6;18;2023;0;1;0;0;0;0;0;0;0;0;1;0;1;1;0;0;0;12.3
1300000.0;85.5;2;0;0;2;1900;0;0;0;1;0;0;1;0;0;0;0;1;0;1;0;0;0;4.4
1900000.0;97.6;3;0;4;32;2009;1;0;0;0;0;0;0;0;0;0;1;0;0;1;0;0;0;10.7
499900.0;42.0;2;0;1;9;1970;0;1;0;0;0;0;0;0;0;0;1;0;0;0;0;1;0;7.8
1899000.0;97.6;3;0;4;41;2009;1;0;0;0;0;0;0;0;0;0;1;0;0;1;0;0;0;10.7
2103120.0;87.63;4;1;1;2;2020;1;0;0;0;0;0;0;0;0;0;1;0;0;1;0;0;0;8.1
1805269.0;78.49;3;1;0;2;2020;1;0;0;0;0;0;0;0;0;0;1;0;0;1;0;0;0;8.1
595130.0;45.73;2;1;0;3;2022;0;1;0;0;0;0;0;0;0;0;1;0;1;1;0;0;0;7.5
395000.0;41.0;2;0;0;1;1930;0;0;0;1;0;0;0;1;0;0;0;0;0;1;0;0;0;4.9
850000.0;62.72;3;0;1;1;1910;0;0;0;1;0;0;1;0;0;0;0;0;0;1;0;0;0;0.1
665000.0;94.6;4;0;0;3;1897;0;0;0;1;0;0;0;0;1;0;0;0;0;1;0;0;0;9.7
625000.0;52.5;3;0;2;4;1958;0;1;0;0;0;0;0;0;0;0;1;1;0;1;0;0;0;8.9
580000.0;70.3;3;0;0;3;1990;0;1;0;0;0;0;0;0;0;0;1;0;0;1;0;0;0;10.8
463000.0;64.45;3;0;0;4;1999;0;1;0;0;0;0;0;0;0;0;1;1;0;1;0;0;0;8.4
567000.0;60.0;3;0;1;2;1930;0;0;0;1;0;0;1;0;0;0;0;0;0;1;0;0;0;9.6
880700.0;66.72;2;0;2;2;2012;0;1;0;0;0;0;0;0;0;0;1;0;0;1;0;0;0;7.6
839628.0;73.33;4;1;11;17;2023;1;0;0;0;0;0;0;0;0;0;1;0;1;1;0;0;0;12.1
789530.0;63.68;3;1;3;3;2022;0;1;0;0;0;0;0;0;0;0;1;0;1;1;0;0;0;7.5
1724140.0;78.37;3;0;0;2;2020;1;0;0;0;0;0;0;1;0;0;0;0;1;1;0;0;0;8.1
975000.0;101.0;4;0;2;3;1950;0;0;0;1;0;0;0;1;0;0;0;0;0;1;0;0;0;4.9
975000.0;101.0;3;0;2;3;1950;0;0;0;1;0;0;0;1;0;0;0;0;0;1;0;0;0;4.9
709000.0;58.2;3;0;2;2;1914;0;0;0;1;0;0;1;0;0;0;0;0;0;1;0;0;0;5.4
585000.0;44.3;3;0;2;10;1980;0;1;0;0;0;0;0;0;0;0;1;0;0;1;0;0;0;2.2
320000.0;42.0;3;0;4;4;1970;0;1;0;0;0;0;0;0;0;0;1;0;0;1;0;0;0;9.3
1679000.0;84.0;4;0;5;5;2020;1;0;0;0;0;0;0;0;0;0;1;0;0;1;0;0;0;8.1
1135500.0;75.7;4;0;2;2;2022;1;0;0;0;0;0;0;0;1;0;0;0;1;1;0;0;0;7.6
1208140.0;83.32;4;0;1;2;2022;1;0;0;0;0;0;0;0;1;0;0;0;1;1;0;0;0;7.6
1099000.0;56.35;2;0;5;5;2019;1;0;0;0;0;0;0;0;0;0;1;0;0;1;0;0;0;10.0
1448464.0;104.5;4;0;1;12;2021;1;0;0;0;0;0;0;0;0;0;1;0;0;1;0;0;0;6.5
1099000.0;56.35;2;0;5;5;2019;1;0;0;0;0;0;0;0;0;0;1;0;0;1;0;0;0;12.1
1250000.0;74.0;3;0;0;4;1910;0;0;0;1;0;0;0;0;1;0;0;1;0;1;0;0;0;1.8
601575.0;61.7;3;1;2;6;2022;0;1;0;0;0;0;0;0;0;0;1;0;1;1;0;0;0;12.3
604305.0;61.98;3;1;1;17;2022;0;1;0;0;0;0;0;0;0;0;1;0;1;1;0;0;0;12.3
899316.0;90.84;4;1;2;6;2022;0;1;0;0;0;0;0;0;0;0;1;0;1;1;0;0;0;12.3
570836.0;56.24;3;1;2;6;2022;0;1;0;0;0;0;0;0;0;0;1;0;1;1;0;0;0;12.3
680000.0;65.71;4;0;1;10;1970;0;1;0;0;0;0;0;0;0;0;1;1;0;1;0;0;0;9.0
797257.5;81.77;4;1;1;6;2022;0;1;0;0;0;0;0;0;0;0;1;0;1;1;0;0;0;12.3
733395.0;75.22;4;1;1;7;2022;0;1;0;0;0;0;0;0;0;0;1;0;1;1;0;0;0;12.3
563576.0;54.22;3;1;0;17;2022;0;1;0;0;0;0;0;0;0;0;1;0;1;1;0;0;0;12.3
565000.0;56.0;2;0;3;5;1956;0;1;0;0;0;0;0;0;0;0;1;1;0;1;0;0;0;9.3
728000.0;71.7;3;0;8;11;1980;0;1;0;0;0;0;0;0;0;0;1;0;0;0;1;0;0;8.2
850000.0;94.0;4;0;1;3;2012;1;0;0;0;0;0;0;0;1;0;0;0;0;1;0;0;0;13.2
1200000.0;50.0;2;0;0;3;2016;1;0;0;0;0;0;0;0;0;0;1;0;0;1;0;0;0;9.2
799000.0;65.8;4;0;1;5;1960;0;0;0;1;0;0;0;0;0;0;1;0;0;0;1;0;0;12.1
2199000.0;243.0;5;0;3;3;2003;1;0;0;0;0;0;0;0;0;0;1;0;0;1;0;0;0;11.4
599000.0;49.8;2;0;2;11;2013;1;0;0;0;0;0;0;0;0;0;1;0;0;1;0;0;0;7.7
1549000.0;133.0;7;0;2;2;1914;0;0;0;1;0;0;0;1;0;0;0;0;0;1;0;0;0;5.4
517000.0;51.8;2;0;2;3;1930;0;0;0;1;0;0;0;0;0;0;1;0;0;1;0;0;0;9.9
969000.0;84.0;4;0;3;3;1960;0;1;0;0;0;0;0;0;0;0;1;0;0;1;0;0;0;2.3
848491.0;63.68;3;1;4;8;2021;1;0;0;0;0;0;0;0;0;0;1;0;1;1;0;0;0;9.2
969000.0;128.0;5;0;3;3;1904;0;0;0;1;0;0;0;1;0;0;0;0;0;1;0;0;0;9.0
632865.0;68.05;4;1;2;17;2022;1;0;0;0;0;0;0;0;0;0;1;0;1;1;0;0;0;12.3
655000.0;89.5;4;0;3;4;1993;0;1;0;0;0;0;0;0;0;0;1;0;0;1;0;0;0;9.9
1700000.0;120.0;5;0;0;1;1929;0;0;1;0;0;0;0;1;0;0;0;1;0;1;0;0;0;4.9
970000.0;98.0;6;0;3;4;1938;0;0;0;1;0;0;0;0;0;0;1;0;0;1;0;0;0;10.1
750000.0;80.0;4;1;3;5;2021;0;1;0;0;0;0;0;0;0;0;1;0;1;1;0;0;0;12.1
549000.0;48.63;2;0;0;3;1960;0;1;0;0;0;0;0;0;0;0;1;0;0;1;0;0;0;9.2
569000.0;78.0;4;0;3;3;1998;0;1;0;0;0;0;0;0;0;0;1;1;0;1;0;0;0;14.9
2200844.0;106.72;4;1;11;12;2021;1;0;0;0;0;0;0;0;0;0;1;0;1;1;0;0;0;5.4
599900.0;32.1;1;0;4;17;2020;1;0;0;0;0;0;0;0;0;0;1;0;1;1;0;0;0;10.8
520000.0;51.0;3;0;4;4;1963;0;1;0;0;0;0;0;0;0;0;1;0;0;0;0;1;0;5.4
1398908.0;68.73;3;1;11;12;2021;1;0;0;0;0;0;0;0;0;0;1;0;1;0;1;0;0;5.4
1890440.0;108.15;4;1;11;12;2021;1;0;0;0;0;0;0;0;0;0;1;0;1;1;0;0;0;5.4
479000.0;86.0;4;0;1;2;1930;0;0;0;1;0;0;0;1;0;0;0;1;0;1;0;0;0;11.5
1600000.0;101.8;3;0;1;3;1920;0;0;0;1;0;0;0;1;0;0;0;0;0;1;0;0;0;2.3
939000.0;91.5;6;0;2;3;1906;0;0;0;1;0;0;0;0;0;0;1;0;0;1;0;0;0;8.7
1999000.0;243.0;5;0;3;3;2005;0;1;0;0;0;0;0;0;0;0;1;0;0;1;0;0;0;11.0
1100000.0;98.8;4;0;1;2;1902;0;0;0;1;0;0;0;1;0;0;0;0;0;1;0;0;0;2.3
990000.0;53.0;2;0;3;4;1960;0;1;0;0;0;0;0;1;0;0;0;0;0;1;0;0;0;1.2
1212000.0;57.95;2;0;1;1;1940;0;0;1;0;0;0;0;1;0;0;0;1;0;1;0;0;0;2.7
1045799.0;80.57;3;0;0;2;2019;0;0;1;0;0;0;0;1;0;0;0;0;1;1;0;0;0;7.2
995306.0;76.68;3;1;1;3;2019;0;0;1;0;0;0;0;1;0;0;0;0;1;1;0;0;0;7.2
1335000.0;110.0;8;0;1;1;1930;0;0;0;1;0;0;0;1;0;0;0;1;0;1;0;0;0;9.0
1185000.0;91.5;3;0;0;2;1939;0;0;0;1;0;0;0;0;0;0;1;0;0;1;0;0;0;7.3
710000.0;67.32;3;0;2;3;2016;0;1;0;0;0;0;0;0;0;0;1;0;0;1;0;0;0;14.3
880000.0;99.0;3;0;2;4;1997;0;1;0;0;0;0;0;0;0;0;1;0;0;1;0;0;0;6.5
479000.0;86.0;4;0;1;3;1930;0;0;0;1;0;0;0;1;0;0;0;0;0;1;0;0;0;11.5
1197000.0;166.7;6;0;3;4;1998;0;1;0;0;0;0;0;0;0;0;1;0;0;0;0;1;0;10.2
550000.0;50.0;2;0;5;8;2008;1;0;0;0;0;0;0;0;0;0;1;0;0;1;0;0;0;7.6
1990000.0;110.66;4;0;6;6;2019;1;0;0;0;0;0;0;0;0;0;1;0;0;1;0;0;0;10.0
570000.0;91.4;4;0;0;4;1930;0;0;0;1;0;0;0;0;1;0;0;0;0;1;0;0;0;1.8
799000.0;56.06;3;0;11;16;2021;0;1;0;0;0;0;0;0;0;0;1;0;0;1;0;0;0;12.3
1990000.0;110.66;4;0;6;6;2019;1;0;0;0;0;0;0;0;0;0;1;0;0;1;0;0;0;10.2
1740000.0;177.0;4;0;4;4;2006;1;0;0;0;0;0;0;0;0;0;1;0;1;1;0;0;0;7.1
370000.0;26.1;1;0;3;10;1970;0;1;0;0;0;0;0;0;0;0;1;1;0;1;0;0;0;5.1
990000.0;47.04;2;0;8;8;2012;1;0;0;0;0;0;0;0;0;0;1;0;0;1;0;0;0;7.8
2172767.01;108.3;4;1;1;4;2020;0;1;0;0;0;0;0;0;0;0;1;0;0;1;0;0;0;9.3
990000.0;47.04;2;0;8;8;2012;1;0;0;0;0;0;0;0;0;0;1;0;0;1;0;0;0;6.9
1820000.0;125.0;4;0;0;2;1930;1;0;0;0;0;0;0;1;0;0;0;0;0;1;0;0;0;4.6
710000.0;67.35;3;0;2;3;2017;0;1;0;0;0;0;0;0;0;0;1;0;0;1;0;0;0;14.3
836000.0;76.0;2;0;4;10;1973;0;1;0;0;0;0;0;0;0;0;1;0;0;0;0;1;0;12.1
1145500.0;79.0;2;0;1;4;1996;1;0;0;0;0;0;0;1;0;0;0;0;0;1;0;0;0;5.0
399000.0;30.2;1;0;0;4;1980;0;1;0;0;0;0;0;0;0;0;1;0;0;1;0;0;0;4.1
750000.0;86.0;3;0;4;4;1960;0;0;0;1;0;0;0;0;0;0;1;0;0;1;0;0;0;9.7
1100000.0;75.0;4;0;1;4;1955;0;0;0;1;0;0;0;0;0;0;1;0;0;1;0;0;0;9.1
1199000.0;52.6;2;0;1;4;2000;0;0;0;1;0;0;0;0;0;0;1;0;0;1;0;0;0;3.9
499000.0;37.9;2;0;2;4;1955;0;0;0;1;0;0;0;0;0;0;1;1;0;1;0;0;0;12.6
