Cena;Powierzchnia;Liczba pokoi;Rynek;Piętro;Liczba pięter;Rok budowy;Rodzaj zabudowy_apartamentowiec;Rodzaj zabudowy_blok;Rodzaj zabudowy_dom wolnostojący;Rodzaj zabudowy_kamienica;Rodzaj zabudowy_plomba;Rodzaj zabudowy_szeregowiec;Ogrzewanie_elektryczne;Ogrzewanie_gazowe;Ogrzewanie_inne;Ogrzewanie_kotłownia;Ogrzewanie_miejskie;Ogrzewanie_piece kaflowe;Stan wykończenia_do remontu;Stan wykończenia_do wykończenia;Forma własności_pełna własność;Forma własności_spółdzielcze wł z KW;Forma własności_spółdzielcze własnościowe;API_Google_Distance
469000.0;77.0;3;0;0;2;1930;0;0;0;1;0;0;0;1;0;0;0;0;1;0;1;0;0;3.2
290000.0;31.0;1;0;2;3;2021;1;0;0;0;0;0;0;0;0;0;1;0;0;1;1;0;0;7.0
539000.0;88.11;5;0;0;4;1900;0;0;0;1;0;0;0;0;1;0;0;0;0;0;1;0;0;0.7
449000.0;86.33;3;0;1;3;1930;0;0;0;1;0;0;1;0;0;0;0;0;0;0;1;0;0;0.0
545000.0;48.0;3;0;0;1;2010;1;0;0;0;0;0;0;1;0;0;0;0;0;0;1;0;0;7.1
498800.0;58.0;1;1;1;4;2021;1;0;0;0;0;0;0;0;0;0;1;0;0;1;1;0;0;6.4
599000.0;51.5;2;0;2;4;2014;0;1;0;0;0;0;0;0;0;0;1;0;0;0;1;0;0;5.7
549000.0;69.0;2;0;0;2;1998;0;1;0;0;0;0;0;1;0;0;0;0;0;0;0;1;0;6.4
319900.0;41.81;2;0;3;11;1978;0;1;0;0;0;0;0;0;0;0;1;0;1;0;1;0;0;3.8
479000.0;85.27;4;1;0;2;2021;0;0;1;0;0;0;0;1;0;0;0;0;0;1;1;0;0;0.5
599000.0;106.0;5;1;0;2;2021;0;0;1;0;0;0;0;1;0;0;0;0;0;1;1;0;0;0.5
610000.0;122.0;4;0;3;4;1930;0;0;0;1;0;0;0;0;0;0;0;1;1;0;1;0;0;0.0
409000.0;48.65;2;0;0;4;1930;0;0;0;1;0;0;0;0;0;0;1;0;0;0;1;0;0;0.7
485000.0;100.0;4;0;4;4;1930;0;0;0;1;0;0;0;1;0;0;0;0;0;0;1;0;0;0.9
480000.0;74.19;3;0;0;1;1935;0;0;1;0;0;0;0;0;1;0;0;0;0;0;1;0;0;20.1
545000.0;63.1;3;0;2;3;2009;1;0;0;0;0;0;0;0;1;0;0;0;0;0;1;0;0;8.0
590000.0;56.0;3;0;0;3;1950;0;0;0;1;0;0;0;1;0;0;0;0;0;0;1;0;0;3.3
269000.0;31.0;1;0;3;11;1980;0;1;0;0;0;0;0;0;0;0;1;0;0;0;0;0;1;10.9
520000.0;64.14;3;0;2;4;1960;0;1;0;0;0;0;0;0;0;0;1;0;0;0;1;0;0;0.0
339000.0;48.63;2;0;4;10;1972;0;1;0;0;0;0;0;0;0;0;1;0;1;0;1;0;0;3.8
519000.0;47.0;2;0;0;4;2014;1;0;0;0;0;0;0;0;0;0;1;0;0;0;1;0;0;6.4
799000.0;70.79;3;0;3;3;2019;1;0;0;0;0;0;0;0;0;0;1;0;0;0;1;0;0;3.5
425700.0;49.5;2;1;1;4;2021;1;0;0;0;0;0;0;0;0;0;1;0;0;1;1;0;0;6.4
429000.0;44.18;2;0;1;4;2015;0;1;0;0;0;0;0;0;0;0;1;0;0;0;1;0;0;6.4
649000.0;98.6;4;0;3;4;2002;0;1;0;0;0;0;0;1;0;0;0;0;0;0;1;0;0;4.9
300000.0;33.0;2;0;1;4;1974;0;1;0;0;0;0;0;0;0;0;1;0;0;0;0;0;1;11.4
414000.0;53.0;3;0;4;4;1987;0;1;0;0;0;0;0;0;0;0;1;0;0;0;1;0;0;10.7
419000.0;57.9;3;0;3;4;1987;0;1;0;0;0;0;0;0;0;0;1;0;1;0;0;0;1;0.5
399000.0;40.51;2;0;1;2;1960;0;1;0;0;0;0;0;1;0;0;0;0;0;0;1;0;0;3.2
495000.0;47.2;2;0;0;3;2019;0;1;0;0;0;0;0;0;0;0;1;0;0;0;1;0;0;3.2
815000.0;77.36;3;0;1;2;2015;1;0;0;0;0;0;0;0;0;1;0;0;0;0;1;0;0;5.9
418400.0;43.61;2;1;5;10;2023;1;0;0;0;0;0;0;0;0;0;1;0;0;1;1;0;0;1.3
538000.0;54.0;3;0;0;4;1991;0;1;0;0;0;0;0;0;0;0;1;0;0;0;0;1;0;5.4
245000.0;24.0;1;0;1;3;1920;0;0;0;1;0;0;1;0;0;0;0;0;0;0;1;0;0;0.5
299000.0;26.61;1;0;3;3;2011;1;0;0;0;0;0;0;1;0;0;0;0;0;0;1;0;0;4.0
347000.0;40.16;2;0;2;2;1960;0;0;0;1;0;0;0;1;0;0;0;0;0;0;1;0;0;3.9
699000.0;85.0;4;1;0;2;2022;0;0;1;0;0;0;0;1;0;0;0;0;0;1;1;0;0;8.3
571000.0;77.0;4;0;1;12;1980;0;1;0;0;0;0;0;0;0;0;1;0;1;0;0;0;1;10.7
359000.0;46.5;2;0;1;10;1985;0;1;0;0;0;0;0;0;0;0;1;0;0;0;0;0;1;3.6
525000.0;68.15;4;0;0;2;2006;0;1;0;0;0;0;0;1;0;0;0;0;1;0;1;0;0;3.2
415000.0;48.51;2;0;0;3;2001;0;1;0;0;0;0;0;1;0;0;0;0;0;0;0;1;0;6.4
539460.0;59.94;3;1;0;1;2021;0;1;0;0;0;0;0;1;0;0;0;0;0;1;1;0;0;6.8
539460.0;59.94;3;1;0;1;2021;0;0;1;0;0;0;0;1;0;0;0;0;0;1;1;0;0;6.8
259000.0;31.3;1;0;11;12;1980;0;1;0;0;0;0;0;0;0;0;1;0;0;0;0;0;1;3.1
399000.0;71.47;3;0;3;3;1920;0;0;0;1;0;0;0;1;0;0;0;0;0;0;1;0;0;0.5
735000.0;82.66;4;0;1;1;2018;1;0;0;0;0;0;0;1;0;0;0;0;0;0;1;0;0;7.1
464000.0;54.8;3;0;2;4;1966;0;1;0;0;0;0;0;0;0;0;1;0;0;0;1;0;0;0.0
265000.0;29.6;1;0;6;10;1980;0;1;0;0;0;0;0;0;0;0;1;0;0;0;0;1;0;3.5
239000.0;28.5;1;0;3;10;1972;0;1;0;0;0;0;0;0;0;0;1;0;1;0;0;0;1;3.4
565000.0;63.0;3;0;1;4;1900;0;0;0;1;0;0;0;1;0;0;0;0;0;1;1;0;0;3.5
599000.0;71.3;4;0;4;4;1990;0;1;0;0;0;0;0;0;0;0;1;0;0;0;1;0;0;11.6
399000.0;53.94;3;0;3;4;1985;0;1;0;0;0;0;0;0;0;0;1;0;0;0;1;0;0;6.4
429000.0;66.0;3;0;1;4;1958;0;0;0;1;0;0;0;0;1;0;0;0;0;0;1;0;0;0.7
319900.0;41.81;2;0;3;11;1978;0;1;0;0;0;0;0;0;0;0;1;0;0;0;1;0;0;3.8
647000.0;66.5;3;0;2;2;2016;1;0;0;0;0;0;0;1;0;0;0;0;0;0;1;0;0;8.0
499000.0;46.71;2;0;3;4;2015;1;0;0;0;0;0;0;0;0;0;1;0;0;0;1;0;0;6.4
370000.0;65.9;3;0;3;3;1910;0;0;0;1;0;0;0;0;0;0;0;1;1;0;1;0;0;1.9
195000.0;45.0;3;0;4;4;1930;0;0;0;1;0;0;0;0;0;0;0;1;1;0;1;0;0;0.0
295000.0;40.0;2;0;11;11;1980;0;1;0;0;0;0;0;0;0;0;1;0;1;0;0;1;0;2.3
459000.0;72.0;3;0;0;11;1980;0;1;0;0;0;0;0;0;0;0;1;0;0;0;0;0;1;6.4
449000.0;48.5;2;0;10;12;1980;0;1;0;0;0;0;0;0;0;0;1;0;0;0;1;0;0;10.9
610000.0;68.0;3;0;2;2;1938;0;0;0;1;0;0;0;1;0;0;0;0;0;0;1;0;0;2.7
259000.0;40.24;2;0;2;2;1920;0;0;0;1;0;0;0;0;1;0;0;0;0;0;1;0;0;6.4
619000.0;82.09;4;0;3;4;1998;0;1;0;0;0;0;0;0;0;0;1;0;0;0;0;1;0;7.1
619000.0;82.09;4;0;3;4;1998;0;1;0;0;0;0;0;0;0;0;1;0;0;0;0;1;0;7.1
545000.0;63.1;3;0;2;3;2007;0;1;0;0;0;0;0;0;0;0;1;0;0;0;1;0;0;8.0
199000.0;41.5;2;0;0;3;1930;0;0;0;1;0;0;1;0;0;0;0;0;1;0;1;0;0;4.6
285000.0;51.0;2;0;1;2;1920;0;0;0;1;0;0;0;1;0;0;0;0;1;0;1;0;0;9.3
410000.0;40.22;2;0;11;17;2009;1;0;0;0;0;0;0;0;0;0;1;0;0;0;1;0;0;3.9
605000.0;63.1;3;1;1;2;2019;0;1;0;0;0;0;0;1;0;0;0;0;0;0;1;0;0;4.8
806943.0;83.19;3;1;0;2;2021;1;0;0;0;0;0;0;1;0;0;0;0;0;1;1;0;0;0.5
886730.0;93.34;3;1;2;2;2021;1;0;0;0;0;0;0;1;0;0;0;0;0;1;1;0;0;0.5
319000.0;30.94;2;0;0;4;1970;0;1;0;0;0;0;0;0;0;0;1;0;0;0;0;0;1;5.1
319000.0;32.58;1;0;1;4;2005;0;1;0;0;0;0;0;1;0;0;0;0;0;0;1;0;0;0.0
325000.0;47.91;2;0;3;4;1930;0;0;0;1;0;0;0;1;0;0;0;0;1;0;1;0;0;6.4
619000.0;65.8;3;0;3;5;2007;0;1;0;0;0;0;0;0;0;0;1;0;0;0;0;1;0;2.0
720000.0;78.0;3;0;2;2;2017;0;1;0;0;0;0;0;1;0;0;0;0;0;0;1;0;0;9.3
425700.0;49.5;2;1;3;4;2021;1;0;0;0;0;0;0;0;0;0;1;0;0;1;1;0;0;6.0
307000.0;38.11;2;0;8;10;1980;0;1;0;0;0;0;0;0;0;0;1;0;0;0;1;0;0;3.8
784000.0;128.0;4;0;2;3;1903;0;0;0;1;0;0;0;0;0;0;1;0;0;0;1;0;0;0.7
375000.0;44.41;3;0;4;4;1963;0;1;0;0;0;0;0;0;0;0;1;0;1;0;1;0;0;1.9
591500.0;65.0;2;0;2;4;2010;0;0;0;1;0;0;0;1;0;0;0;0;0;0;1;0;0;1.9
420000.0;47.65;2;0;4;11;1969;0;1;0;0;0;0;0;0;0;0;1;0;0;0;1;0;0;0.0
409000.0;57.59;4;0;2;2;2000;0;1;0;0;0;0;0;1;0;0;0;0;0;0;1;0;0;8.6
699000.0;110.0;3;0;2;2;2007;0;1;0;0;0;0;0;1;0;0;0;0;0;0;1;0;0;6.4
469000.0;47.8;3;0;1;12;1982;0;1;0;0;0;0;0;0;0;0;1;0;0;0;0;1;0;3.8
269000.0;36.8;1;0;1;2;1980;0;1;0;0;0;0;0;1;0;0;0;0;0;0;1;0;0;3.2
587000.0;94.03;6;0;3;4;1900;0;0;0;1;0;0;0;1;0;0;0;0;0;0;1;0;0;0.0
630000.0;106.44;7;0;2;4;1940;0;0;0;1;0;0;1;0;0;0;0;0;0;0;1;0;0;0.5
357000.0;53.0;2;0;3;4;1950;0;1;0;0;0;0;0;1;0;0;0;0;0;0;1;0;0;0.0
447300.0;63.0;3;1;1;3;2021;0;1;0;0;0;0;0;0;0;0;1;0;0;1;1;0;0;18.6
478000.0;57.51;2;0;1;4;1993;0;1;0;0;0;0;0;0;0;0;1;0;0;0;1;0;0;3.2
325606.0;39.07;2;1;0;4;2023;1;0;0;0;0;0;0;0;0;0;1;0;0;1;1;0;0;5.3
375000.0;56.91;4;0;3;4;1930;0;0;0;1;0;0;0;1;0;0;0;0;0;0;1;0;0;1.7
357000.0;33.0;2;0;2;4;1975;0;1;0;0;0;0;0;0;0;0;1;0;0;0;1;0;0;3.8
595000.0;75.83;3;0;1;3;2020;0;1;0;0;0;0;0;1;0;0;0;0;0;0;1;0;0;17.0
749000.0;80.22;3;0;0;4;2012;0;1;0;0;0;0;0;0;0;0;1;0;0;0;1;0;0;6.4
654000.0;90.0;3;0;0;3;1930;0;0;0;1;0;0;0;0;0;0;1;0;0;0;1;0;0;1.9
440000.0;54.0;3;0;2;4;1980;0;1;0;0;0;0;0;0;0;0;1;0;0;0;0;1;0;3.8
471500.0;53.27;3;1;2;10;2023;0;1;0;0;0;0;0;0;0;0;1;0;0;1;1;0;0;1.3
479000.0;63.95;3;0;3;10;1980;0;1;0;0;0;0;0;0;0;0;1;0;0;0;0;1;0;18.6
498000.0;92.0;3;0;4;4;1930;0;0;0;1;0;0;0;1;0;0;0;0;0;0;1;0;0;1.9
455000.0;48.0;3;0;1;12;1978;0;1;0;0;0;0;0;0;0;0;1;0;0;0;0;1;0;4.4
449000.0;52.0;2;0;3;4;1912;0;0;0;1;0;0;0;1;0;0;0;0;0;0;1;0;0;1.9
715000.0;72.0;3;0;2;2;2018;0;1;0;0;0;0;0;0;0;0;1;0;0;0;1;0;0;7.5
449000.0;50.2;2;0;5;5;2005;0;1;0;0;0;0;0;0;0;0;1;0;0;0;1;0;0;3.2
295000.0;36.89;2;0;1;1;1976;0;1;0;0;0;0;0;0;0;0;1;0;0;0;1;0;0;6.4
285000.0;32.0;1;0;2;4;2016;1;0;0;0;0;0;0;0;0;0;1;0;0;0;1;0;0;8.6
459000.0;71.82;3;0;0;11;1980;0;1;0;0;0;0;0;0;0;0;1;0;0;0;0;0;1;6.4
680000.0;68.32;3;0;0;4;2007;1;0;0;0;0;0;0;0;0;0;1;0;0;0;1;0;0;2.8
629000.0;75.0;4;0;4;4;1991;0;1;0;0;0;0;0;0;0;0;1;0;0;0;1;0;0;11.0
352500.0;47.0;2;0;2;4;2000;0;1;0;0;0;0;0;0;0;0;1;0;0;0;0;0;1;1.6
265000.0;29.45;1;0;0;11;1970;0;1;0;0;0;0;0;0;0;0;1;0;0;0;0;1;0;3.8
366995.0;38.63;2;0;4;5;2021;1;0;0;0;0;0;0;0;0;0;1;0;0;1;1;0;0;1.3
335000.0;49.0;2;0;6;12;1980;0;1;0;0;0;0;0;0;0;0;1;0;1;0;1;0;0;10.9
470000.0;75.04;3;0;0;2;1930;0;0;1;0;0;0;0;1;0;0;0;0;1;0;1;0;0;3.2
568000.0;63.2;4;0;3;4;1990;0;1;0;0;0;0;0;0;0;0;1;0;0;0;0;1;0;12.1
465000.0;82.0;3;0;2;4;1935;0;0;0;1;0;0;0;0;1;0;0;0;0;0;1;0;0;0.0
320000.0;48.0;2;0;1;4;1935;0;0;0;1;0;0;0;1;0;0;0;0;1;0;1;0;0;0.0
405000.0;45.0;2;0;1;4;2010;0;1;0;0;0;0;0;0;0;0;1;0;0;0;1;0;0;5.2
280000.0;48.0;2;0;2;3;1935;0;0;0;1;0;0;1;0;0;0;0;0;0;0;1;0;0;9.9
610000.0;122.0;4;0;3;3;1900;0;0;0;1;0;0;0;0;1;0;0;0;1;0;1;0;0;0.0
295000.0;40.0;2;0;11;11;1975;0;1;0;0;0;0;0;0;0;0;1;0;1;0;0;1;0;7.1
592816.0;52.93;3;1;2;3;2020;1;0;0;0;0;0;0;0;0;0;1;0;0;1;1;0;0;1.9
435000.0;54.6;2;0;0;4;1940;0;0;0;1;0;0;0;0;0;0;1;0;0;0;1;0;0;0.0
533200.0;62.0;3;1;2;4;2021;1;0;0;0;0;0;0;0;0;0;1;0;0;1;1;0;0;6.4
259924.5;26.7;1;1;4;4;2022;0;0;0;1;0;0;0;1;0;0;0;0;0;0;1;0;0;0.7
350460.0;36.0;2;1;4;4;2022;0;0;0;1;0;0;0;1;0;0;0;0;0;0;1;0;0;0.7
429000.0;40.91;2;0;1;8;2018;1;0;0;0;0;0;0;0;0;0;1;0;0;0;1;0;0;3.4
365000.0;58.2;2;0;4;4;1917;0;0;0;1;0;0;0;0;0;0;1;0;0;0;1;0;0;0.0
542250.0;72.3;3;1;1;1;2022;0;1;0;0;0;0;0;1;0;0;0;0;0;1;1;0;0;8.6
449000.0;60.9;2;0;4;4;1994;0;1;0;0;0;0;0;0;0;0;1;0;0;0;0;1;0;3.2
295000.0;48.05;2;1;1;1;2020;0;1;0;0;0;0;0;0;0;0;1;0;0;0;1;0;0;27.0
599000.0;82.0;3;0;1;1;2018;0;0;1;0;0;0;0;1;0;0;0;0;0;1;1;0;0;6.4
280000.0;33.39;1;0;7;7;2020;1;0;0;0;0;0;0;0;0;0;1;0;0;1;1;0;0;5.9
440000.0;34.18;2;0;2;4;2016;0;1;0;0;0;0;0;0;0;0;1;0;0;0;1;0;0;6.4
285000.0;32.13;1;0;2;4;2016;0;1;0;0;0;0;0;0;1;0;0;0;0;0;1;0;0;8.6
800000.0;125.18;4;0;2;4;1930;0;0;0;1;0;0;0;1;0;0;0;0;1;0;1;0;0;0.0
318000.0;34.9;1;0;3;3;2003;0;1;0;0;0;0;0;0;0;0;1;0;0;0;1;0;0;3.8
89000.0;10.39;1;0;1;4;1930;0;0;0;1;0;0;0;0;1;0;0;0;1;0;1;0;0;0.0
459000.0;71.82;3;0;0;11;1980;0;1;0;0;0;0;0;0;0;0;1;0;0;0;0;0;1;6.4
475000.0;71.0;3;0;3;4;1930;0;0;0;1;0;0;1;0;0;0;0;0;0;0;1;0;0;0.0
295000.0;39.95;2;0;11;11;1975;0;1;0;0;0;0;0;0;0;0;1;0;1;0;0;1;0;7.1
730000.0;132.2;5;0;3;4;1920;0;0;0;1;0;0;0;0;1;0;0;0;1;0;1;0;0;0.0
650000.0;112.7;4;0;2;4;1930;0;0;0;1;0;0;0;1;0;0;0;0;0;0;1;0;0;1.7
470000.0;76.67;3;0;0;2;1930;0;0;1;0;0;0;0;1;0;0;0;0;1;0;1;0;0;3.7
485000.0;63.21;3;0;3;4;1930;0;0;0;1;0;0;0;1;0;0;0;0;0;0;1;0;0;3.7
453520.0;56.69;2;1;4;4;1920;0;0;0;1;0;0;0;1;0;0;0;0;0;1;1;0;0;0.5
510680.0;60.08;3;1;4;4;1920;0;0;0;1;0;0;0;1;0;0;0;0;0;1;1;0;0;0.5
475000.0;89.06;3;0;1;3;1930;0;0;0;1;0;0;0;0;0;0;1;0;0;0;1;0;0;2.0
360000.0;46.6;2;1;4;4;1920;0;0;0;1;0;0;0;1;0;0;0;0;0;1;1;0;0;0.5
310000.0;41.35;2;0;1;3;1940;0;1;0;0;0;0;0;0;0;0;1;0;1;0;1;0;0;3.5
319900.0;41.81;2;0;3;10;1980;0;1;0;0;0;0;0;0;0;0;1;0;1;0;1;0;0;3.8
319000.0;36.43;2;0;6;10;1972;0;1;0;0;0;0;0;0;0;0;1;0;0;0;0;1;0;3.4
500000.0;68.0;3;1;1;1;2021;1;0;0;0;0;0;0;1;0;0;0;0;0;1;1;0;0;7.1
285000.0;32.0;2;0;6;10;1970;0;1;0;0;0;0;0;0;0;0;1;0;1;0;0;0;1;0.0
320000.0;40.0;2;0;3;4;1930;0;0;0;1;0;0;0;1;0;0;0;0;0;0;1;0;0;4.3
399999.0;38.26;2;0;1;6;2021;1;0;0;0;0;0;0;0;0;0;1;0;0;0;1;0;0;6.4
340000.0;40.0;2;0;3;4;1930;0;0;0;1;0;0;0;1;0;0;0;0;1;0;1;0;0;4.3
499000.0;52.4;2;0;0;3;2006;0;1;0;0;0;0;0;1;0;0;0;0;0;0;0;1;0;4.3
749000.0;62.19;3;0;3;3;2005;0;1;0;0;0;0;0;1;0;0;0;0;0;0;1;0;0;9.2
545000.0;47.63;2;0;0;4;2015;0;1;0;0;0;0;0;0;0;0;1;0;0;0;1;0;0;6.4
410000.0;52.96;2;0;2;2;1992;0;1;0;0;0;0;0;0;0;0;1;0;0;0;1;0;0;6.4
522000.0;58.0;3;1;0;4;2021;1;0;0;0;0;0;0;0;0;0;1;0;0;1;1;0;0;6.4
445500.0;49.5;2;1;0;4;2021;1;0;0;0;0;0;0;0;0;0;1;0;0;1;1;0;0;6.4
689000.0;73.86;3;0;0;3;2004;0;1;0;0;0;0;0;1;0;0;0;0;0;0;1;0;0;5.9
375000.0;54.0;3;0;2;2;1955;0;1;0;0;0;0;0;1;0;0;0;0;0;0;0;0;1;3.7
485000.0;38.0;2;0;8;10;1970;0;1;0;0;0;0;0;0;0;0;1;0;0;0;0;1;0;4.6
729000.0;66.19;3;0;3;6;2018;1;0;0;0;0;0;0;0;0;0;1;0;0;0;1;0;0;1.9
525000.0;47.27;2;0;5;6;2018;0;1;0;0;0;0;0;0;0;0;1;0;0;0;1;0;0;3.8
360000.0;45.0;3;0;7;8;1970;0;1;0;0;0;0;0;0;0;0;1;0;0;0;1;0;0;0.7
319000.0;38.11;2;0;8;10;1970;0;1;0;0;0;0;0;0;0;0;1;0;0;0;1;0;0;3.8
550000.0;67.96;2;0;4;4;1930;0;0;0;1;0;0;0;1;0;0;0;0;0;0;1;0;0;1.8
470000.0;77.0;3;0;2;3;1960;0;0;0;1;0;0;0;1;0;0;0;0;0;0;1;0;0;0.5
299000.0;40.37;2;0;1;3;1940;0;0;0;1;0;0;0;1;0;0;0;0;0;0;1;0;0;0.0
534900.0;71.3;4;0;1;4;1985;0;1;0;0;0;0;0;0;0;0;1;0;0;0;0;1;0;11.6
318000.0;48.43;3;0;11;12;1980;0;1;0;0;0;0;0;0;0;0;1;0;1;0;0;0;1;5.0
470000.0;54.65;3;0;2;4;1970;0;1;0;0;0;0;0;0;0;0;1;0;0;0;0;0;1;3.8
240000.0;48.42;2;0;3;4;1955;0;1;0;0;0;0;0;1;0;0;0;0;0;1;1;0;0;8.8
459000.0;56.0;2;0;3;3;2001;0;1;0;0;0;0;0;1;0;0;0;0;0;0;0;0;1;3.9
470000.0;77.0;3;0;2;3;1930;0;0;0;1;0;0;0;1;0;0;0;0;0;0;1;0;0;0.5
619000.0;74.2;3;0;1;2;2000;0;1;0;0;0;0;0;1;0;0;0;0;0;0;1;0;0;6.8
610000.0;57.42;3;0;2;4;2017;1;0;0;0;0;0;0;0;0;0;1;0;0;0;1;0;0;1.7
319900.0;41.81;2;1;3;10;1970;0;1;0;0;0;0;0;0;0;0;1;0;1;0;1;0;0;3.8
350000.0;47.1;2;0;3;4;1970;0;1;0;0;0;0;0;0;0;0;1;0;0;0;1;0;0;4.2
849000.0;79.35;4;0;3;4;2019;1;0;0;0;0;0;0;0;0;0;1;0;0;0;1;0;0;5.9
261800.0;26.7;1;1;4;4;1935;0;0;0;1;0;0;0;0;1;0;0;0;0;0;1;0;0;0.5
599000.0;74.2;3;0;1;2;2000;1;0;0;0;0;0;0;1;0;0;0;0;0;0;1;0;0;7.6
274900.0;43.78;2;1;1;3;2021;0;1;0;0;0;0;0;1;0;0;0;0;0;1;1;0;0;27.0
690000.0;109.76;4;0;1;1;1930;0;1;0;0;0;0;0;1;0;0;0;0;0;0;1;0;0;3.2
530000.0;76.2;3;0;3;12;1980;0;1;0;0;0;0;0;0;0;0;1;0;0;0;0;1;0;10.7
390821.76;43.08;2;1;3;6;2022;1;0;0;0;0;0;0;0;0;0;1;0;0;1;1;0;0;2.7
321000.0;47.65;2;0;6;10;1983;0;1;0;0;0;0;0;0;0;0;1;0;1;0;0;0;1;3.8
565000.0;74.5;4;0;3;3;1920;0;1;0;0;0;0;0;1;0;0;0;0;0;0;1;0;0;3.2
389000.0;49.0;3;0;0;4;1980;0;1;0;0;0;0;0;0;0;0;1;0;0;0;0;0;1;11.4
265100.0;26.51;1;1;3;6;2022;1;0;0;0;0;0;0;0;0;0;1;0;0;1;1;0;0;2.7
469000.0;48.5;2;0;10;12;1980;0;1;0;0;0;0;0;0;0;0;1;0;0;0;1;0;0;10.7
580000.0;61.0;3;0;3;4;2012;0;1;0;0;0;0;0;0;0;0;1;0;0;0;1;0;0;6.4
499000.0;30.57;1;1;4;27;2021;1;0;0;0;0;0;0;0;0;0;1;0;0;1;1;0;0;0.0
324000.0;38.14;1;0;5;10;1980;0;1;0;0;0;0;0;0;0;0;1;0;0;0;0;1;0;6.4
470000.0;54.65;3;0;2;4;1970;0;1;0;0;0;0;0;0;0;0;1;0;0;0;0;0;1;3.8
299000.0;44.0;2;0;6;8;1974;0;1;0;0;0;0;0;0;0;0;1;0;0;0;0;0;1;3.2
624000.0;106.0;5;1;0;2;2021;0;0;1;0;0;0;0;1;0;0;0;0;0;1;1;0;0;0.5
550000.0;101.0;4;1;0;2;2021;0;0;1;0;0;0;0;1;0;0;0;0;0;1;1;0;0;0.5
459000.0;85.27;4;1;0;2;2021;0;0;1;0;0;0;0;1;0;0;0;0;0;1;1;0;0;0.5
320000.0;41.0;2;0;2;4;1965;0;1;0;0;0;0;0;0;0;0;1;0;0;0;1;0;0;0.6
749000.0;95.0;4;0;1;4;1930;0;0;0;1;0;0;0;0;0;0;1;0;0;1;1;0;0;0.7
799000.0;70.79;3;0;3;3;2019;1;0;0;0;0;0;0;0;0;0;1;0;0;0;1;0;0;3.5
579000.0;65.0;3;0;0;2;2010;0;1;0;0;0;0;0;1;0;0;0;0;0;0;1;0;0;8.1
540000.0;110.54;5;0;2;3;1945;0;0;0;1;0;0;0;0;1;0;0;0;0;0;1;0;0;1.7
359000.0;30.0;2;0;0;3;2009;0;1;0;0;0;0;0;0;0;0;1;0;0;0;1;0;0;7.9
500000.0;54.0;2;0;2;4;2009;0;1;0;0;0;0;0;0;0;0;1;0;0;0;1;0;0;3.2
519000.0;63.4;3;0;3;4;1988;0;1;0;0;0;0;0;0;0;0;1;0;0;0;1;0;0;11.9
479000.0;75.0;3;0;1;4;1900;0;0;0;1;0;0;0;1;0;0;0;0;0;1;1;0;0;0.0
299000.0;48.0;2;0;5;11;1970;0;1;0;0;0;0;0;0;0;0;1;0;1;0;0;1;0;12.4
430000.0;46.9;2;0;4;10;1980;0;1;0;0;0;0;0;0;0;0;1;0;0;0;0;1;0;3.4
530000.0;45.8;2;0;1;2;2003;1;0;0;0;0;0;0;0;1;0;0;0;0;0;1;0;0;3.2
195000.0;45.0;3;0;4;4;1930;0;0;0;1;0;0;0;0;1;0;0;0;1;0;1;0;0;0.0
430000.0;43.0;2;0;3;4;2020;1;0;0;0;0;0;0;0;0;0;1;0;0;0;1;0;0;10.6
579000.0;72.63;4;0;0;4;1990;0;1;0;0;0;0;0;0;0;0;1;0;0;0;1;0;0;3.2
470000.0;76.67;3;0;0;2;1930;0;0;1;0;0;0;0;1;0;0;0;0;1;0;1;0;0;3.2
399000.0;65.83;3;0;11;12;1980;0;1;0;0;0;0;0;0;0;0;1;0;1;0;1;0;0;5.0
269000.0;36.6;1;0;7;10;1980;0;1;0;0;0;0;0;0;0;0;1;0;0;0;0;0;1;1.9
299000.0;73.6;4;0;0;2;1930;0;1;0;0;0;0;0;0;1;0;0;0;1;0;1;0;0;5.2
417000.0;81.5;3;0;2;3;1930;0;0;0;1;0;0;0;1;0;0;0;0;1;0;1;0;0;0.7
479999.0;60.0;3;0;1;4;1980;0;1;0;0;0;0;0;0;0;0;1;0;0;0;0;1;0;3.4
297000.0;33.8;2;0;2;4;1980;0;1;0;0;0;0;0;0;0;0;1;0;0;0;0;1;0;12.4
379000.0;47.0;2;0;1;4;1976;0;1;0;0;0;0;0;0;0;0;1;0;0;0;0;0;1;0.7
627183.0;77.43;3;1;0;2;2022;0;1;0;0;0;0;0;0;0;0;1;0;0;1;1;0;0;5.9
547000.0;50.0;2;0;0;4;2014;1;0;0;0;0;0;0;0;0;0;1;0;0;0;1;0;0;6.4
750000.0;94.41;3;0;2;3;1920;0;0;0;1;0;0;0;1;0;0;0;0;0;0;1;0;0;1.6
595085.0;70.01;4;1;1;1;2021;0;1;0;0;0;0;0;1;0;0;0;0;0;1;1;0;0;6.8
429000.0;75.5;2;0;1;2;2000;0;1;0;0;0;0;0;1;0;0;0;0;0;0;1;0;0;6.4
595085.0;70.01;4;1;1;1;2021;0;0;1;0;0;0;0;1;0;0;0;0;0;1;1;0;0;6.8
359000.0;63.56;4;0;4;4;1980;0;1;0;0;0;0;0;0;0;0;1;0;0;0;0;1;0;27.0
329000.0;70.49;3;0;3;3;1930;0;0;0;1;0;0;0;1;0;0;0;0;0;0;1;0;0;5.2
699000.0;150.0;5;0;1;4;1932;0;0;0;1;0;0;0;1;0;0;0;0;0;0;1;0;0;2.0
470000.0;54.65;3;0;2;4;1970;0;1;0;0;0;0;0;0;0;0;1;0;0;0;0;0;1;4.3
840000.0;121.07;4;0;1;2;2001;1;0;0;0;0;0;0;1;0;0;0;0;0;0;1;0;0;6.4
590000.0;54.7;3;0;2;2;2008;0;1;0;0;0;0;0;0;0;0;1;0;0;0;1;0;0;11.9
518000.0;60.0;3;0;0;4;1982;0;1;0;0;0;0;0;0;0;0;1;0;0;0;1;0;0;3.6
689000.0;73.86;3;0;0;3;2004;0;1;0;0;0;0;0;1;0;0;0;0;0;0;0;1;0;3.9
389000.0;49.0;2;0;3;12;1980;0;1;0;0;0;0;0;0;0;0;1;0;0;0;1;0;0;10.7
335000.0;45.0;1;0;5;5;1998;0;1;0;0;0;0;0;0;0;0;1;0;0;0;0;1;0;4.8
455000.0;68.3;3;0;3;8;1977;0;1;0;0;0;0;0;0;0;0;1;0;0;0;1;0;0;3.4
299000.0;37.6;2;0;3;4;1970;0;1;0;0;0;0;0;0;0;0;1;0;0;0;1;0;0;12.4
239000.0;35.0;2;1;3;3;2022;0;1;0;0;0;0;0;1;0;0;0;0;0;1;1;0;0;27.0
520000.0;77.0;3;0;0;2;1938;0;0;1;0;0;0;0;1;0;0;0;0;1;0;1;0;0;4.6
550000.0;104.0;4;0;1;4;1935;0;0;0;1;0;0;0;0;0;0;1;0;0;0;1;0;0;0.0
279000.0;52.0;2;0;2;3;1940;0;0;0;1;0;0;0;1;0;0;0;0;0;0;1;0;0;8.8
650500.0;72.4;3;0;0;2;2010;1;0;0;0;0;0;0;0;0;0;1;0;0;0;1;0;0;5.9
725000.0;74.14;3;0;0;2;2012;0;1;0;0;0;0;0;1;0;0;0;0;0;0;1;0;0;11.4
649000.0;93.34;3;0;1;4;1930;0;0;0;1;0;0;0;1;0;0;0;0;0;0;1;0;0;0.0
420000.0;45.0;2;0;1;4;2010;0;1;0;0;0;0;0;0;0;0;1;0;0;0;1;0;0;3.5
620000.0;70.38;3;0;1;2;2009;0;1;0;0;0;0;0;0;0;0;1;0;0;0;1;0;0;7.9
447300.0;63.0;3;1;1;3;2021;0;1;0;0;0;0;0;0;0;0;1;0;0;1;1;0;0;18.6
275000.0;27.2;2;0;4;4;1930;0;0;0;1;0;0;0;1;0;0;0;0;0;0;1;0;0;0.0
570416.0;74.08;4;1;2;2;2023;0;1;0;0;0;0;0;0;0;0;1;0;0;1;1;0;0;5.9
421000.0;48.51;2;0;0;4;2001;0;1;0;0;0;0;0;1;0;0;0;0;0;0;0;1;0;6.4
575000.0;83.34;4;0;0;10;1985;0;1;0;0;0;0;0;0;0;0;1;0;0;0;0;1;0;10.7
359000.0;63.0;2;0;2;3;1920;0;0;0;1;0;0;0;1;0;0;0;0;0;0;1;0;0;3.4
439000.0;49.5;3;0;0;4;1990;0;1;0;0;0;0;0;0;0;0;1;0;0;0;1;0;0;0.5
377000.0;54.0;2;0;6;7;1990;0;1;0;0;0;0;0;0;0;0;1;0;1;0;1;0;0;10.7
359000.0;86.81;2;0;4;4;1930;0;0;0;1;0;0;0;1;0;0;0;0;1;0;1;0;0;0.7
474000.0;79.75;3;0;3;3;1936;0;0;0;1;0;0;0;1;0;0;0;0;0;0;1;0;0;0.7
355900.0;57.78;3;1;1;3;2021;0;1;0;0;0;0;0;1;0;0;0;0;0;1;1;0;0;27.0
549000.0;47.9;2;0;0;2;2010;0;1;0;0;0;0;0;1;0;0;0;0;0;0;1;0;0;7.1
336999.0;33.13;1;0;6;7;2021;1;0;0;0;0;0;0;0;0;0;1;0;0;0;1;0;0;5.0
349000.0;36.57;2;0;3;10;1980;0;1;0;0;0;0;0;0;0;0;1;0;0;0;0;1;0;0.8
475000.0;73.98;3;0;4;4;1995;0;1;0;0;0;0;0;0;0;0;1;0;0;0;1;0;0;4.9
535512.23;59.88;3;1;3;3;2020;1;0;0;0;0;0;0;0;0;0;1;0;0;1;1;0;0;1.9
398000.0;42.5;1;0;3;4;1998;0;1;0;0;0;0;0;0;0;0;1;0;0;0;0;0;1;3.8
290000.0;42.62;2;0;4;4;1930;0;0;0;1;0;0;0;1;0;0;0;0;1;0;1;0;0;1.7
520000.0;76.6;3;0;11;12;1982;0;1;0;0;0;0;0;0;0;0;1;0;0;0;1;0;0;11.0
820000.0;70.79;3;0;3;3;2018;0;1;0;0;0;0;0;0;0;0;1;0;0;0;1;0;0;2.9
630000.0;58.75;2;0;1;3;2003;0;1;0;0;0;0;0;1;0;0;0;0;0;0;1;0;0;5.9
359000.0;37.65;2;0;6;10;1989;0;1;0;0;0;0;0;0;0;0;1;0;0;0;1;0;0;3.4
312000.0;38.11;2;0;8;10;1970;0;1;0;0;0;0;0;0;0;0;1;0;1;0;1;0;0;3.8
329000.0;38.5;2;0;2;11;1975;0;1;0;0;0;0;0;0;0;0;1;0;0;0;1;0;0;4.2
749000.0;125.6;5;1;1;1;2021;0;1;0;0;0;0;0;1;0;0;0;0;0;1;1;0;0;12.6
545865.0;72.3;3;1;1;1;2022;0;1;0;0;0;0;0;1;0;0;0;0;0;1;1;0;0;8.6
490000.0;66.5;2;0;1;3;1998;0;1;0;0;0;0;0;1;0;0;0;0;0;0;0;1;0;3.2
279000.0;37.2;1;0;5;12;1990;0;1;0;0;0;0;0;0;0;0;1;0;0;0;0;1;0;17.0
610000.0;122.0;4;0;3;4;1930;0;0;0;1;0;0;0;0;1;0;0;0;1;0;1;0;0;0.0
470450.0;55.37;2;1;3;3;2019;1;0;0;0;0;0;0;0;0;0;1;0;0;1;1;0;0;5.0
195520.0;15.04;1;1;0;4;2022;1;0;0;0;0;0;0;0;0;0;1;0;0;1;1;0;0;4.3
499000.0;82.0;3;0;2;4;1990;0;1;0;0;0;0;0;0;0;0;1;0;0;1;0;1;0;0.0
633165.0;74.49;4;1;1;1;2021;0;1;0;0;0;0;0;1;0;0;0;0;0;1;1;0;0;6.8
308000.0;38.11;2;0;8;10;1980;0;1;0;0;0;0;0;0;0;0;1;0;0;0;1;0;0;3.3
379000.0;47.15;2;0;2;10;1979;0;1;0;0;0;0;0;0;0;0;1;0;0;0;0;1;0;3.4
480000.0;60.0;3;0;1;4;1983;0;1;0;0;0;0;0;0;0;0;1;0;0;0;0;0;1;3.5
455000.0;68.3;3;0;3;8;77;0;1;0;0;0;0;0;0;0;0;1;0;0;0;1;0;0;3.2
410750.0;53.0;3;0;2;4;1970;0;1;0;0;0;0;0;0;0;0;1;0;0;0;0;1;0;12.4
467000.0;59.81;3;0;0;1;1930;0;0;1;0;0;0;0;1;0;0;0;0;1;0;1;0;0;11.4
445500.0;49.5;2;1;0;4;2021;0;1;0;0;0;0;0;0;0;0;1;0;0;1;1;0;0;6.4
599000.0;84.9;5;0;2;4;1990;0;1;0;0;0;0;0;0;0;0;1;0;0;0;0;1;0;12.1
580000.0;61.0;3;0;3;4;2012;0;1;0;0;0;0;0;0;0;0;1;0;0;0;1;0;0;5.9
320000.0;48.5;2;0;11;12;1983;0;1;0;0;0;0;0;0;0;0;1;0;0;0;0;0;1;5.7
395000.0;63.33;4;0;3;4;1977;0;1;0;0;0;0;0;0;0;0;1;0;0;0;1;0;0;18.6
590000.0;56.0;3;0;0;3;1950;0;1;0;0;0;0;0;1;0;0;0;0;0;0;1;0;0;3.2
320000.0;47.64;2;0;1;3;1930;0;0;0;1;0;0;0;1;0;0;0;0;1;0;1;0;0;0.7
385000.0;53.45;3;0;4;5;1980;0;1;0;0;0;0;0;0;0;0;1;0;1;0;1;0;0;4.2
529000.0;58.89;3;0;1;4;1979;0;1;0;0;0;0;0;0;0;0;1;0;0;0;0;1;0;3.8
489000.0;65.0;2;0;0;4;1902;0;0;0;1;0;0;0;1;0;0;0;0;0;0;1;0;0;0.0
439000.0;61.0;2;0;0;4;1950;0;1;0;0;0;0;0;0;1;0;0;0;0;0;1;0;0;0.5
514000.0;85.75;3;0;0;4;1930;0;0;0;1;0;0;0;1;0;0;0;0;0;0;1;0;0;1.7
320000.0;48.5;3;0;11;12;1960;0;1;0;0;0;0;0;0;0;0;1;0;1;0;0;0;1;3.2
369000.0;47.0;2;0;7;10;1980;0;1;0;0;0;0;0;0;0;0;1;0;0;0;0;0;1;3.6
545865.0;72.3;3;1;1;1;2021;0;1;0;0;0;0;0;1;0;0;0;0;0;1;1;0;0;8.6
629000.0;75.0;4;0;2;2;2005;0;1;0;0;0;0;0;1;0;0;0;0;0;0;1;0;0;5.9
499000.0;71.5;5;0;3;4;1940;0;0;0;1;0;0;0;1;0;0;0;0;0;0;1;0;0;1.7
509000.0;50.5;2;0;1;7;2013;1;0;0;0;0;0;0;0;0;0;1;0;0;0;1;0;0;3.8
631000.0;71.9;3;0;2;2;2008;0;1;0;0;0;0;0;1;0;0;0;0;0;0;1;0;0;5.9
550000.0;56.5;2;0;4;4;2010;0;1;0;0;0;0;0;1;0;0;0;0;0;0;1;0;0;0.0
633165.0;74.49;4;1;1;1;2021;0;1;0;0;0;0;0;1;0;0;0;0;0;1;1;0;0;6.8
195000.0;45.0;3;0;4;4;1930;0;0;0;1;0;0;0;0;1;0;0;0;1;0;1;0;0;0.0
469000.0;72.0;3;0;0;11;1980;0;1;0;0;0;0;0;0;0;0;1;0;0;0;0;0;1;6.4
532000.0;56.0;2;0;3;3;1950;0;1;0;0;0;0;0;0;0;0;1;0;0;0;1;0;0;3.2
565000.0;62.62;3;0;1;4;1935;0;0;0;1;0;0;0;1;0;0;0;0;0;0;1;0;0;1.7
495000.0;59.2;3;0;1;4;1983;0;1;0;0;0;0;0;0;0;0;1;0;0;0;0;1;0;3.6
760000.0;137.11;4;0;1;4;1930;0;0;0;1;0;0;0;1;0;0;0;0;0;0;1;0;0;0.0
299000.0;40.0;2;0;11;11;1980;0;1;0;0;0;0;0;0;0;0;1;0;1;0;0;1;0;7.1
289000.0;84.86;3;0;0;1;1950;0;1;0;0;0;0;0;0;1;0;0;0;0;0;1;0;0;30.8
495000.0;47.9;2;0;1;2;2010;1;0;0;0;0;0;0;1;0;0;0;0;0;0;1;0;0;7.1
195000.0;45.0;3;0;4;4;1930;0;0;0;1;0;0;0;0;1;0;0;0;1;0;1;0;0;0.0
360000.0;38.14;1;0;2;11;1980;0;1;0;0;0;0;0;0;0;0;1;0;0;0;0;1;0;6.4
584968.23;82.17;4;1;3;3;2021;0;1;0;0;0;0;0;0;0;0;1;0;0;1;1;0;0;5.9
373000.0;37.37;2;0;1;2;2012;0;1;0;0;0;0;0;1;0;0;0;0;0;0;1;0;0;5.9
499000.0;71.5;5;0;1;4;1920;0;0;0;1;0;0;0;1;0;0;0;0;0;0;1;0;0;0.0
305000.0;47.19;2;0;1;3;1930;0;1;0;0;0;0;0;0;0;0;1;0;1;0;1;0;0;2.5
799000.0;117.35;8;0;1;4;1930;0;0;0;1;0;0;0;1;0;0;0;0;0;0;1;0;0;0.0
468000.0;49.25;3;0;2;4;1930;0;0;0;1;0;0;0;1;0;0;0;0;0;1;1;0;0;0.0
875000.0;108.0;4;0;2;2;2016;1;0;0;0;0;0;0;0;0;0;1;0;0;0;1;0;0;6.4
855600.0;93.0;4;0;2;3;2007;0;1;0;0;0;0;0;0;0;0;1;0;0;0;1;0;0;7.8
555600.0;46.3;2;0;0;4;2009;0;1;0;0;0;0;0;0;0;0;1;0;0;0;1;0;0;6.4
389000.0;49.0;3;0;0;4;1980;0;1;0;0;0;0;0;0;0;0;1;0;0;0;0;0;1;11.4
850000.0;87.87;4;0;3;3;2014;0;1;0;0;0;0;0;0;0;0;1;0;0;0;1;0;0;5.9
582873.0;60.09;3;1;1;4;2020;0;1;0;0;0;0;0;0;0;0;1;0;0;1;1;0;0;2.9
495000.0;60.0;3;0;1;4;1983;0;1;0;0;0;0;0;0;0;0;1;0;0;0;0;1;0;3.5
536000.0;66.5;3;0;4;5;1994;0;1;0;0;0;0;0;0;0;0;1;0;0;0;0;1;0;5.5
335000.0;54.13;2;0;3;4;1995;0;1;0;0;0;0;0;0;0;0;1;0;1;0;1;0;0;4.9
285000.0;51.0;2;0;1;2;1920;0;0;0;1;0;0;0;1;0;0;0;0;1;0;1;0;0;9.3
345000.0;56.0;2;0;3;4;1945;0;0;0;1;0;0;0;1;0;0;0;0;0;0;1;0;0;3.5
580000.0;76.82;6;0;3;3;1960;0;1;0;0;0;0;0;0;0;0;1;0;0;0;1;0;0;1.2
555000.0;92.3;4;0;2;2;2002;0;1;0;0;0;0;0;1;0;0;0;0;0;0;1;0;0;6.8
680000.0;68.32;3;0;0;4;2007;0;1;0;0;0;0;0;0;0;0;1;0;0;0;1;0;0;2.8
345000.0;38.5;2;0;4;4;2000;0;1;0;0;0;0;0;0;0;0;1;0;0;0;0;0;1;10.9
320000.0;36.19;1;0;3;3;2001;0;1;0;0;0;0;0;0;0;0;1;0;0;0;0;1;0;13.6
320000.0;43.0;2;0;3;4;1980;0;1;0;0;0;0;0;0;0;0;1;0;0;0;0;0;1;0.5
579000.0;71.5;4;0;2;4;2005;0;1;0;0;0;0;0;0;0;0;1;0;0;0;0;1;0;11.4
390000.0;51.93;3;0;2;3;2010;0;0;0;0;0;1;0;0;0;0;1;0;0;0;1;0;0;18.6
170000.0;36.45;2;0;0;1;1966;0;1;0;0;0;0;0;1;0;0;0;0;0;0;1;0;0;25.5
359000.0;63.47;3;0;2;4;1992;0;1;0;0;0;0;0;0;0;0;1;0;0;0;0;1;0;27.0
515000.0;85.75;3;0;0;4;1930;0;0;0;1;0;0;0;1;0;0;0;0;0;0;1;0;0;0.0
797900.0;134.0;4;0;0;4;1930;0;0;0;1;0;0;0;1;0;0;0;0;0;0;1;0;0;0.0
720000.0;116.0;4;0;1;2;1937;0;0;0;1;0;0;0;1;0;0;0;0;0;0;1;0;0;11.7
399000.0;25.74;1;0;2;5;2020;1;0;0;0;0;0;0;0;0;0;1;0;0;0;1;0;0;3.2
294900.0;45.56;3;1;3;3;2021;0;1;0;0;0;0;0;1;0;0;0;0;0;1;1;0;0;26.7
634000.0;71.9;4;0;2;2;2008;0;1;0;0;0;0;0;1;0;0;0;0;0;0;1;0;0;5.9
304000.0;33.86;1;0;3;10;1975;0;1;0;0;0;0;0;0;0;0;1;0;0;0;1;0;0;5.0
459000.0;63.6;4;0;4;4;1980;0;1;0;0;0;0;0;0;0;0;1;0;0;0;1;0;0;10.7
399999.0;61.9;3;1;0;3;2021;1;0;0;0;0;0;0;0;0;0;1;0;0;1;1;0;0;18.6
689800.0;104.0;4;0;1;3;1926;0;0;0;1;0;0;0;1;0;0;0;0;0;0;1;0;0;0.0
456000.0;37.94;1;0;1;2;2008;0;1;0;0;0;0;0;1;0;0;0;0;0;0;1;0;0;11.4
395000.0;52.74;3;0;4;4;1983;0;1;0;0;0;0;0;0;0;0;1;0;0;0;1;0;0;17.4
360000.0;36.0;3;0;3;3;2001;0;1;0;0;0;0;0;1;0;0;0;0;0;0;0;0;1;8.7
587238.0;60.54;3;1;1;3;2022;1;0;0;0;0;0;0;0;0;0;1;0;0;1;1;0;0;0.0
509000.0;56.4;3;0;10;12;1980;0;1;0;0;0;0;0;0;0;0;1;0;0;0;0;1;0;11.2
360000.0;37.0;2;0;3;10;1979;0;1;0;0;0;0;0;0;0;0;1;0;0;0;0;0;1;3.4
569000.0;115.0;3;0;3;3;1938;0;1;0;0;0;0;0;1;0;0;0;0;0;0;1;0;0;0.0
330000.0;31.0;1;0;2;4;1980;0;1;0;0;0;0;0;0;0;0;1;0;0;0;1;0;0;9.1
739000.0;73.61;3;0;2;2;2017;0;1;0;0;0;0;0;1;0;0;0;0;0;0;1;0;0;9.3
418000.0;35.2;1;0;3;3;2008;0;1;0;0;0;0;0;0;0;0;1;0;0;0;1;0;0;3.2
562275.0;66.15;3;1;1;1;2021;0;1;0;0;0;0;0;1;0;0;0;0;0;1;1;0;0;6.8
604373.0;78.49;4;1;1;2;2022;0;1;0;0;0;0;0;0;0;0;1;0;0;1;1;0;0;5.9
509328.0;62.88;3;1;1;2;2022;0;1;0;0;0;0;0;0;0;0;1;0;0;1;1;0;0;5.9
545000.0;63.1;3;0;2;3;2007;0;1;0;0;0;0;0;0;1;0;0;0;0;0;1;0;0;8.0
587000.0;68.0;3;0;3;3;1938;0;0;0;1;0;0;0;1;0;0;0;0;0;0;1;0;0;3.2
749990.0;50.0;2;0;3;3;2018;1;0;0;0;0;0;0;0;0;0;1;0;0;0;1;0;0;1.6
389000.0;46.14;2;0;3;4;1971;0;1;0;0;0;0;0;0;0;0;1;0;1;0;1;0;0;0.4
320000.0;36.16;1;0;3;3;2009;0;1;0;0;0;0;0;1;0;0;0;0;0;0;1;0;0;11.4
373000.0;36.43;1;0;1;4;1998;0;1;0;0;0;0;0;0;0;0;1;0;0;0;0;0;1;3.4
415000.0;44.7;2;0;1;4;2010;1;0;0;0;0;0;0;0;0;0;1;0;0;0;1;0;0;5.6
259000.0;30.8;1;0;7;11;1980;0;1;0;0;0;0;0;0;0;0;1;0;1;0;1;0;0;9.1
430000.0;66.07;3;0;2;3;1938;0;1;0;0;0;0;0;0;0;0;1;0;0;0;1;0;0;3.4
285000.0;30.8;1;0;3;11;1980;0;1;0;0;0;0;0;0;0;0;1;0;0;0;0;1;0;9.1
309000.0;35.5;1;0;0;2;2002;0;1;0;0;0;0;0;0;1;0;0;0;0;0;1;0;0;8.0
539000.0;68.24;3;0;3;4;1997;0;1;0;0;0;0;0;1;0;0;0;0;0;0;1;0;0;8.7
544000.0;60.4;2;0;3;5;1945;0;0;0;1;0;0;0;0;0;0;1;0;0;0;1;0;0;1.1
249000.0;30.94;1;0;4;4;1980;0;1;0;0;0;0;0;0;0;0;1;0;1;0;0;0;1;3.8
825000.0;138.46;5;0;3;3;2001;0;0;0;1;0;0;0;0;0;0;1;0;0;0;1;0;0;2.3
699500.0;69.95;3;0;2;7;2017;0;1;0;0;0;0;0;0;0;0;1;0;0;0;1;0;0;3.4
550000.0;104.25;4;0;1;3;1935;0;0;0;1;0;0;0;0;0;0;1;0;0;0;1;0;0;0.0
458000.0;59.94;3;1;0;3;2022;0;1;0;0;0;0;0;1;0;0;0;0;0;1;1;0;0;8.2
327000.0;42.02;3;1;0;3;2022;0;1;0;0;0;0;0;1;0;0;0;0;0;1;1;0;0;8.2
480000.0;63.08;3;1;0;3;2022;0;1;0;0;0;0;0;1;0;0;0;0;0;1;1;0;0;8.2
458000.0;59.94;3;1;0;3;2022;0;1;0;0;0;0;0;1;0;0;0;0;0;1;1;0;0;8.2
327000.0;42.02;3;1;0;3;2022;0;1;0;0;0;0;0;1;0;0;0;0;0;1;1;0;0;8.2
528000.0;59.94;3;1;0;3;2022;0;1;0;0;0;0;0;1;0;0;0;0;0;1;1;0;0;8.2
357000.0;42.02;2;1;0;3;2022;0;1;0;0;0;0;0;1;0;0;0;0;0;1;1;0;0;8.2
501000.0;57.39;3;1;0;3;2022;0;1;0;0;0;0;0;1;0;0;0;0;0;1;1;0;0;8.2
620000.0;86.8;3;0;3;4;2005;1;0;0;0;0;0;0;1;0;0;0;0;0;0;1;0;0;5.6
269000.0;31.0;1;0;3;10;1980;0;1;0;0;0;0;0;0;0;0;1;0;0;0;0;0;1;10.7
488000.0;70.2;3;0;2;2;2017;0;1;0;0;0;0;0;0;1;0;0;0;0;0;1;0;0;8.0
545000.0;63.1;3;0;2;3;2007;0;1;0;0;0;0;0;0;0;0;1;0;0;0;1;0;0;8.0
355000.0;60.08;3;0;3;8;1960;0;1;0;0;0;0;0;0;0;0;1;0;0;0;1;0;0;18.6
650000.0;79.69;3;0;4;4;1935;0;0;0;1;0;0;0;0;0;0;1;0;0;0;1;0;0;1.7
359000.0;63.73;3;0;0;4;1900;0;0;0;1;0;0;0;1;0;0;0;0;0;0;1;0;0;0.7
449000.0;69.0;3;0;1;5;1995;0;1;0;0;0;0;0;0;0;0;1;0;0;0;0;1;0;18.6
343000.0;49.25;2;0;2;3;1940;0;0;0;1;0;0;0;0;0;0;1;0;1;0;1;0;0;0.0
575244.0;66.12;3;1;0;3;2022;1;0;0;0;0;0;0;0;0;0;1;0;0;1;1;0;0;0.0
299000.0;44.24;2;0;1;4;1930;0;1;0;0;0;0;0;0;1;0;0;0;1;0;1;0;0;3.4
295000.0;33.8;2;0;0;4;1980;0;1;0;0;0;0;0;0;0;0;1;0;0;0;1;0;0;3.8
449000.0;54.0;3;0;4;4;1978;0;1;0;0;0;0;0;0;0;0;1;0;0;0;0;0;1;5.0
309000.0;38.11;2;0;8;10;1970;0;1;0;0;0;0;0;0;0;0;1;0;1;0;1;0;0;3.8
629000.0;59.63;3;0;4;7;2021;0;1;0;0;0;0;0;0;0;0;1;0;0;0;1;0;0;3.4
519000.0;62.9;3;0;2;4;1985;0;1;0;0;0;0;0;0;0;0;1;0;0;0;0;1;0;9.1
419000.0;49.4;3;0;2;4;1980;0;1;0;0;0;0;0;0;0;0;1;0;0;0;0;1;0;11.6
370000.0;65.58;3;0;0;1;1935;0;1;0;0;0;0;0;0;1;0;0;0;1;0;1;0;0;16.7
590226.0;62.79;3;1;0;5;2023;0;1;0;0;0;0;0;0;0;0;1;0;0;1;1;0;0;5.2
584064.0;60.84;3;1;0;5;2023;0;1;0;0;0;0;0;0;0;0;1;0;0;1;1;0;0;5.2
528105.0;55.59;3;1;0;5;2023;0;1;0;0;0;0;0;0;0;0;1;0;0;1;1;0;0;5.2
520380.0;57.82;3;1;1;5;2023;0;1;0;0;0;0;0;0;0;0;1;0;0;1;1;0;0;5.2
468192.0;48.77;3;1;0;5;2023;0;1;0;0;0;0;0;0;0;0;1;0;0;1;1;0;0;5.2
492492.0;54.12;3;1;1;5;2023;0;1;0;0;0;0;0;0;0;0;1;0;0;1;1;0;0;5.2
487080.0;59.4;3;1;1;2;2022;0;1;0;0;0;0;0;0;0;0;1;0;0;1;1;0;0;5.9
514170.0;59.1;3;1;0;5;2023;0;1;0;0;0;0;0;0;0;0;1;0;0;1;1;0;0;5.2
699500.0;69.95;3;0;2;7;2017;1;0;0;0;0;0;0;0;0;0;1;0;0;0;1;0;0;5.9
475000.0;50.1;2;0;0;4;2004;0;1;0;0;0;0;0;0;0;0;1;0;0;0;1;0;0;11.9
569000.0;115.0;3;0;3;3;1938;0;1;0;0;0;0;0;1;0;0;0;0;0;0;1;0;0;0.0
438000.0;63.0;2;0;2;3;1938;0;0;0;1;0;0;0;1;0;0;0;0;0;0;1;0;0;0.0
391500.0;39.15;2;1;0;5;2023;0;1;0;0;0;0;0;0;0;0;1;0;0;1;1;0;0;5.2
290000.0;31.06;1;1;2;4;2021;1;0;0;0;0;0;0;0;0;0;1;0;0;1;1;0;0;6.4
250000.0;40.01;2;0;2;4;1920;0;0;0;1;0;0;0;0;1;0;0;0;1;0;1;0;0;0.5
680000.0;68.32;4;0;0;4;2007;1;0;0;0;0;0;0;0;0;0;1;0;0;0;1;0;0;3.4
490000.0;63.6;4;0;2;4;1979;0;1;0;0;0;0;0;0;0;0;1;0;0;0;1;0;0;11.2
359000.0;30.33;1;0;3;6;2018;0;1;0;0;0;0;0;0;0;0;1;0;0;0;1;0;0;2.9
590000.0;54.7;3;0;2;2;2008;0;1;0;0;0;0;0;0;0;0;1;0;0;0;1;0;0;11.9
299000.0;31.8;1;0;6;8;1970;0;1;0;0;0;0;0;0;0;0;1;0;0;0;1;0;0;2.9
799000.0;117.35;8;0;1;4;1940;0;0;0;1;0;0;1;0;0;0;0;0;0;0;1;0;0;0.5
479000.0;60.0;2;0;1;3;1900;0;0;0;1;0;0;0;1;0;0;0;0;0;0;1;0;0;1.9
437255.0;40.3;1;1;2;3;2020;1;0;0;0;0;0;0;0;0;0;1;0;0;1;1;0;0;0.0
379122.5;54.55;3;1;0;3;2022;0;1;0;0;0;0;0;0;1;0;0;0;0;1;1;0;0;25.3
485000.0;55.37;2;1;3;3;2020;1;0;0;0;0;0;0;0;0;0;1;0;0;1;1;0;0;5.0
699500.0;69.95;3;0;2;8;2017;1;0;0;0;0;0;0;0;0;0;1;0;0;0;1;0;0;5.9
500000.0;50.0;2;0;3;7;2020;1;0;0;0;0;0;0;0;0;0;1;0;0;1;1;0;0;5.9
399000.0;40.51;2;0;1;2;1960;0;1;0;0;0;0;0;1;0;0;0;0;0;0;1;0;0;3.2
330000.0;46.4;2;0;1;4;1980;0;1;0;0;0;0;0;0;0;0;1;0;0;0;1;0;0;18.6
296000.0;31.0;1;0;10;10;1980;0;1;0;0;0;0;0;0;0;0;1;0;0;0;0;0;1;11.8
629000.0;59.63;3;0;4;6;2021;0;1;0;0;0;0;0;0;0;0;1;0;0;0;1;0;0;3.8
285000.0;32.0;1;0;2;4;2016;0;1;0;0;0;0;0;0;0;0;1;0;0;0;1;0;0;8.6
240000.0;67.6;3;0;0;2;2009;0;1;0;0;0;0;0;1;0;0;0;0;0;0;1;0;0;20.6
240000.0;67.15;3;0;1;2;2009;0;1;0;0;0;0;0;1;0;0;0;0;0;0;1;0;0;20.6
240000.0;67.55;3;0;1;2;2009;0;1;0;0;0;0;0;1;0;0;0;0;0;0;1;0;0;20.6
240000.0;68.0;3;0;2;2;2009;0;1;0;0;0;0;0;1;0;0;0;0;0;0;1;0;0;20.6
299000.0;47.5;2;0;3;8;1970;0;1;0;0;0;0;0;0;0;0;1;0;1;0;0;0;1;11.4
189000.0;20.0;1;0;1;7;2001;0;1;0;0;0;0;0;0;0;0;1;0;0;0;0;0;1;0.0
240000.0;67.6;3;0;2;2;2009;0;1;0;0;0;0;0;1;0;0;0;0;0;0;1;0;0;20.6
426000.0;59.2;3;0;3;4;1982;0;1;0;0;0;0;0;0;0;0;1;0;1;0;1;0;0;3.6
493000.0;56.86;3;0;3;4;1962;0;1;0;0;0;0;0;0;0;0;1;0;0;0;1;0;0;0.0
510000.0;51.61;2;0;0;7;2014;0;1;0;0;0;0;0;0;0;0;1;0;0;0;1;0;0;3.1
374000.0;42.0;2;0;8;12;1980;0;1;0;0;0;0;0;0;0;0;1;0;0;0;1;0;0;5.5
275000.0;45.48;2;0;1;2;1930;0;0;0;1;0;0;0;1;0;0;0;0;1;0;1;0;0;0.5
619000.0;74.94;3;0;0;2;2017;0;1;0;0;0;0;0;1;0;0;0;0;0;0;1;0;0;11.2
320000.0;48.43;3;0;11;12;1983;0;1;0;0;0;0;0;0;0;0;1;0;0;0;0;0;1;7.1
680000.0;68.32;4;0;0;4;2007;0;1;0;0;0;0;0;0;0;0;1;0;0;0;1;0;0;3.6
495040.0;61.88;3;1;1;2;2021;0;1;0;0;0;0;0;0;0;0;1;0;0;1;1;0;0;5.9
674828.0;87.64;4;1;0;2;2021;0;1;0;0;0;0;0;0;0;0;1;0;0;1;1;0;0;5.9
601986.0;78.18;4;1;2;2;2021;0;1;0;0;0;0;0;0;0;0;1;0;0;1;1;0;0;5.9
596981.0;77.53;4;1;2;2;2021;0;1;0;0;0;0;0;0;0;0;1;0;0;1;1;0;0;5.9
604065.0;78.45;4;1;2;2;2021;0;1;0;0;0;0;0;0;0;0;1;0;0;1;1;0;0;5.9
320000.0;47.64;2;0;1;4;1930;0;0;0;1;0;0;0;1;0;0;0;0;1;0;1;0;0;0.0
410000.0;67.35;3;0;2;4;1939;0;0;0;1;0;0;0;1;0;0;0;0;0;0;1;0;0;0.5
394000.0;57.66;2;0;1;4;1930;0;0;0;1;0;0;0;1;0;0;0;0;0;0;1;0;0;0.0
289000.0;30.56;1;0;4;4;1900;0;0;0;1;0;0;0;1;0;0;0;0;0;0;1;0;0;0.4
650000.0;145.0;4;0;1;1;2004;1;0;0;0;0;0;1;0;0;0;0;0;0;0;1;0;0;8.6
344520.0;39.6;2;1;0;5;2023;0;1;0;0;0;0;0;0;0;0;1;0;0;1;1;0;0;5.2
325000.0;34.01;2;0;5;10;1970;0;1;0;0;0;0;0;0;0;0;1;0;0;0;1;0;0;0.9
489000.0;51.4;3;0;1;2;2010;0;1;0;0;0;0;0;0;0;0;1;0;0;0;1;0;0;8.0
340725.0;35.0;2;1;4;4;1930;0;0;0;1;0;0;0;1;0;0;0;0;0;0;1;0;0;0.0
260000.0;26.7;1;1;4;4;1930;0;0;0;1;0;0;0;1;0;0;0;0;0;0;1;0;0;0.0
292050.0;30.0;2;1;4;4;1930;0;0;0;1;0;0;0;1;0;0;0;0;0;0;1;0;0;0.0
398162.0;40.9;2;1;4;4;1930;0;0;0;1;0;0;0;1;0;0;0;0;0;0;1;0;0;0.0
275000.0;33.0;1;0;4;4;1982;0;1;0;0;0;0;0;0;0;0;1;0;0;0;0;0;1;11.0
320000.0;47.64;2;0;1;3;1930;0;0;0;1;0;0;0;1;0;0;0;0;1;0;1;0;0;0.0
339000.0;66.0;2;0;4;4;2000;0;1;0;0;0;0;0;0;0;0;1;0;0;0;0;0;1;11.9
349000.0;51.1;2;0;5;12;1982;0;1;0;0;0;0;0;0;0;0;1;0;1;0;0;0;1;3.6
524628.0;67.26;3;1;1;2;2021;0;1;0;0;0;0;0;0;0;0;1;0;0;1;1;0;0;5.9
458964.0;60.39;3;1;0;3;2021;0;1;0;0;0;0;0;0;0;0;1;0;0;1;1;0;0;11.4
383112.0;50.08;2;1;0;3;2021;0;1;0;0;0;0;0;0;0;0;1;0;0;1;1;0;0;11.4
588675.0;78.49;4;1;3;3;2021;0;1;0;0;0;0;0;0;0;0;1;0;0;1;1;0;0;11.4
539000.0;91.89;4;0;2;2;2013;0;1;0;0;0;0;0;1;0;0;0;0;0;0;1;0;0;18.6
789000.0;141.3;4;0;1;2;1930;0;0;0;1;0;0;0;1;0;0;0;0;0;0;1;0;0;3.2
447300.0;63.0;3;1;1;3;2021;0;1;0;0;0;0;0;0;0;0;1;0;0;1;1;0;0;18.6
505563.0;80.89;4;1;3;3;2021;0;1;0;0;0;0;0;0;0;0;1;0;0;1;1;0;0;18.6
724000.0;98.62;3;0;3;4;1920;0;0;0;1;0;0;0;1;0;0;0;0;0;0;1;0;0;1.9
520000.0;76.2;4;0;11;12;1984;0;1;0;0;0;0;0;0;0;0;1;0;0;0;0;0;1;17.8
589000.0;72.4;3;0;0;1;2005;0;1;0;0;0;0;0;0;0;0;1;0;0;0;1;0;0;8.0
613000.0;66.0;3;0;2;3;2010;1;0;0;0;0;0;0;0;0;0;1;0;0;0;1;0;0;6.4
549900.0;60.7;3;0;2;2;2014;0;1;0;0;0;0;0;1;0;0;0;0;0;0;1;0;0;7.5
419000.0;41.7;2;0;4;11;1977;0;1;0;0;0;0;0;0;0;0;1;0;0;0;0;1;0;3.8
562275.0;66.15;3;1;1;1;2021;0;0;1;0;0;0;0;1;0;0;0;0;0;1;1;0;0;6.8
295000.0;33.8;2;0;0;4;1980;0;1;0;0;0;0;0;0;0;0;1;0;0;0;1;0;0;3.8
269000.0;33.3;1;0;1;4;2000;0;1;0;0;0;0;0;0;1;0;0;0;0;0;0;0;1;11.6
495000.0;59.2;3;0;1;4;1985;0;1;0;0;0;0;0;0;0;0;1;0;0;0;0;1;0;3.6
629000.0;59.63;3;0;4;6;2021;0;1;0;0;0;0;0;0;0;0;1;0;0;0;1;0;0;3.8
280000.0;48.0;2;0;2;3;1930;0;0;0;1;0;0;1;0;0;0;0;0;0;0;1;0;0;9.9
349000.0;40.14;2;0;1;2;1900;0;1;0;0;0;0;0;0;0;0;1;0;1;0;1;0;0;0.0
499000.0;41.23;4;0;4;4;1930;0;0;0;1;0;0;0;1;0;0;0;0;0;0;1;0;0;3.8
299000.0;68.0;2;0;3;3;1930;0;0;0;1;0;0;0;1;0;0;0;0;0;0;1;0;0;5.2
647000.0;66.82;3;0;2;2;2016;0;1;0;0;0;0;0;1;0;0;0;0;0;0;1;0;0;8.6
599000.0;71.9;3;0;3;3;1920;0;0;0;1;0;0;0;1;0;0;0;0;0;0;1;0;0;0.7
529000.0;147.0;3;0;4;10;1985;0;1;0;0;0;0;0;0;0;0;1;0;0;0;1;0;0;10.7
499000.0;124.41;3;0;5;6;2005;0;0;0;0;1;0;0;1;0;0;0;0;0;0;1;0;0;2.0
890000.0;58.0;4;0;1;1;1970;0;0;1;0;0;0;0;1;0;0;0;0;0;0;1;0;0;3.7
339000.0;53.0;3;0;3;4;1950;0;0;0;1;0;0;0;1;0;0;0;0;0;0;1;0;0;0.5
299000.0;66.5;1;0;6;8;1970;0;1;0;0;0;0;0;0;0;0;1;0;0;0;0;1;0;0.5
550000.0;57.01;3;0;2;3;2011;0;1;0;0;0;0;0;1;0;0;0;0;0;0;1;0;0;6.4
329000.0;40.48;3;0;3;3;1950;0;0;0;1;0;0;0;1;0;0;0;0;0;0;1;0;0;0.7
559000.0;37.86;2;0;5;5;2003;0;0;0;1;0;0;0;0;0;0;1;0;0;1;1;0;0;0.0
346500.0;67.0;2;1;0;10;2023;1;0;0;0;0;0;0;0;0;0;1;0;0;1;1;0;0;1.3
328800.0;67.0;1;1;0;8;2023;1;0;0;0;0;0;0;0;0;0;1;0;0;1;1;0;0;1.3
378000.0;60.0;3;0;0;3;1950;0;1;0;0;0;0;0;1;0;0;0;0;0;0;1;0;0;17.4
650000.0;89.47;3;0;0;6;2018;1;0;0;0;0;0;0;0;0;0;1;0;0;0;1;0;0;3.4
470000.0;76.0;3;0;3;4;1985;0;1;0;0;0;0;0;0;0;0;1;0;0;0;0;0;1;3.8
429000.0;63.1;3;0;4;4;1939;0;0;0;1;0;0;0;0;0;0;1;0;1;0;1;0;0;3.8
520000.0;54.12;5;0;2;4;1930;0;0;0;1;0;0;0;1;0;0;0;0;0;0;1;0;0;0.0
545000.0;131.36;3;0;2;3;2007;0;0;1;0;0;0;0;0;0;1;0;0;0;0;1;0;0;8.0
492492.0;33.61;3;1;2;5;2023;0;1;0;0;0;0;0;0;0;0;1;0;0;1;1;0;0;5.2
784000.0;29.84;4;0;4;4;1935;0;0;0;1;0;0;0;1;0;0;0;0;0;0;1;0;0;0.4
440000.0;64.0;2;0;4;4;2021;0;0;0;1;0;0;0;0;0;0;1;0;0;0;1;0;0;0.0
420000.0;38.11;1;0;4;4;2021;0;0;0;1;0;0;0;0;0;0;1;0;0;0;1;0;0;0.0
550000.0;54.3;3;0;3;4;1989;0;1;0;0;0;0;0;0;0;0;1;0;0;0;0;1;0;10.6
308000.0;59.15;2;0;8;10;1970;0;1;0;0;0;0;0;0;0;0;1;0;0;0;1;0;0;3.8
449560.0;25.2;3;1;5;5;2023;0;1;0;0;0;0;0;0;0;0;1;0;0;1;1;0;0;0.5
420000.0;101.0;3;0;0;2;1950;0;0;0;1;0;0;0;1;0;0;0;0;0;0;1;0;0;27.0
190000.0;86.4;1;0;2;3;1970;0;1;0;0;0;0;0;0;0;0;1;0;1;0;1;0;0;17.4
635000.0;45.77;4;0;3;3;2001;0;1;0;0;0;0;0;0;0;0;1;0;0;0;1;0;0;5.9
840000.0;62.88;4;0;1;2;2019;0;1;0;0;0;0;0;1;0;0;0;0;0;0;1;0;0;5.4
439392.0;54.12;2;1;0;4;2022;0;1;0;0;0;0;0;0;0;0;1;0;0;1;1;0;0;2.9
509328.0;39.65;3;1;1;2;2022;0;1;0;0;0;0;0;0;0;0;1;0;0;1;1;0;0;5.8
497904.0;54.3;3;1;4;5;2023;0;1;0;0;0;0;0;0;0;0;1;0;0;1;1;0;0;3.4
356850.0;37.0;2;1;0;5;2023;0;1;0;0;0;0;0;0;0;0;1;0;0;1;1;0;0;3.4
429000.0;31.8;3;0;2;2;2002;0;1;0;0;0;0;0;1;0;0;0;0;0;0;1;0;0;3.2
285000.0;137.11;2;0;3;12;1985;0;1;0;0;0;0;0;0;0;0;1;0;0;0;0;0;1;3.6
299000.0;66.53;1;0;6;8;1970;0;1;0;0;0;0;0;0;0;0;1;0;0;0;0;1;0;3.5
750000.0;61.42;4;0;2;4;1910;0;0;0;1;0;0;0;1;0;0;0;0;0;0;1;0;0;0.0
500000.0;48.8;3;1;3;4;2023;0;1;0;0;0;0;0;0;0;0;1;0;0;1;1;0;0;6.4
419000.0;44.54;3;0;4;4;1980;0;1;0;0;0;0;0;0;0;0;1;0;0;0;0;0;1;18.6
480000.0;91.89;2;0;3;4;2013;0;1;0;0;0;0;0;0;0;0;1;0;0;0;1;0;0;6.4
390000.0;53.6;2;0;7;10;1978;0;1;0;0;0;0;0;0;0;0;1;0;0;0;1;0;0;3.2
549000.0;86.59;4;0;2;2;2013;0;1;0;0;0;0;0;1;0;0;0;0;0;0;1;0;0;18.6
499000.0;119.74;3;0;3;3;2008;0;1;0;0;0;0;0;0;0;0;1;0;0;0;1;0;0;11.9
865000.0;90.67;3;0;3;4;2011;0;1;0;0;0;0;0;1;0;0;0;0;0;0;1;0;0;5.9
740000.0;72.0;6;0;4;5;2000;0;1;0;0;0;0;0;0;0;0;1;0;0;0;0;0;1;1.7
599000.0;59.54;4;0;2;3;2000;0;1;0;0;0;0;0;1;0;0;0;0;0;0;1;0;0;6.4
679000.0;35.5;3;0;1;2;2007;0;1;0;0;0;0;0;0;0;0;1;0;0;0;1;0;0;4.0
365000.0;97.0;3;0;2;3;1938;0;0;0;1;0;0;0;1;0;0;0;0;1;0;1;0;0;1.6
309000.0;66.15;1;0;0;2;2002;0;1;0;0;0;0;0;0;0;0;1;0;0;0;1;0;0;8.0
590000.0;68.15;5;0;3;3;1929;0;0;0;1;0;0;0;1;0;0;0;0;0;0;1;0;0;0.0
562275.0;62.3;3;1;1;1;2021;0;1;0;0;0;0;0;1;0;0;0;0;0;1;1;0;0;6.8
525000.0;77.66;3;0;0;2;1930;0;1;0;0;0;0;0;1;0;0;0;0;1;0;1;0;0;3.2
535780.0;61.88;3;1;3;4;2021;1;0;0;0;0;0;0;0;0;0;1;0;0;1;1;0;0;6.0
597982.0;43.17;4;1;1;2;2022;0;1;0;0;0;0;0;0;0;0;1;0;0;1;1;0;0;5.9
495040.0;59.1;3;1;1;2;2022;0;1;0;0;0;0;0;0;0;0;1;0;0;1;1;0;0;6.7
370000.0;45.77;2;0;5;10;1970;0;1;0;0;0;0;0;0;0;0;1;0;0;0;1;0;0;0.7
426000.0;66.12;3;0;3;4;1981;0;1;0;0;0;0;0;0;0;0;1;0;0;0;1;0;0;3.4
439392.0;62.88;2;1;0;4;2022;0;1;0;0;0;0;0;0;0;0;1;0;0;0;1;0;0;6.4
575244.0;98.06;3;1;0;4;2022;0;1;0;0;0;0;0;0;0;0;1;0;0;0;1;0;0;6.4
509328.0;123.0;3;1;1;3;2020;0;1;0;0;0;0;0;0;0;0;1;0;0;0;1;0;0;5.9
740000.0;52.97;5;1;0;1;2022;0;0;0;0;0;1;0;0;1;0;0;0;0;1;1;0;0;6.4
799000.0;69.63;4;0;4;5;1980;0;1;0;0;0;0;0;1;0;0;0;0;0;0;1;0;0;1.9
359000.0;74.08;3;0;1;4;1970;0;1;0;0;0;0;0;0;0;0;1;0;0;0;1;0;0;27.0
499000.0;61.09;3;0;0;4;1995;0;1;0;0;0;0;0;1;0;0;0;0;0;0;0;1;0;8.7
570416.0;58.9;4;1;2;2;2023;0;1;0;0;0;0;0;0;0;0;1;0;0;1;1;0;0;4.8
482611.0;39.0;3;1;2;2;2023;0;1;0;0;0;0;0;0;0;0;1;0;0;1;1;0;0;5.9
325000.0;46.79;3;0;3;4;1970;0;1;0;0;0;0;0;0;0;0;1;0;0;0;1;0;0;27.0
299900.0;38.87;1;0;4;4;1999;0;1;0;0;0;0;0;0;0;0;1;0;0;0;0;1;0;11.4
442000.0;72.0;2;1;4;4;1920;0;0;0;1;0;0;0;1;0;0;0;0;0;1;1;0;0;0.0
346000.0;49.0;2;1;4;4;1920;0;0;0;1;0;0;0;1;0;0;0;0;0;1;1;0;0;0.0
459000.0;41.72;3;0;1;3;1930;0;0;0;1;0;0;0;1;0;0;0;0;1;0;1;0;0;0.0
355000.0;63.93;2;0;0;4;1914;0;0;0;1;0;0;0;0;0;0;1;0;0;0;1;0;0;2.2
429000.0;69.01;2;0;2;2;2012;0;1;0;0;0;0;0;1;0;0;0;0;0;0;1;0;0;9.1
480000.0;63.0;3;0;2;3;1920;0;1;0;0;0;0;0;0;0;0;1;0;0;0;1;0;0;3.2
699000.0;55.8;3;0;1;4;2021;0;0;0;1;0;0;0;0;0;0;1;0;0;1;1;0;0;0.0
359000.0;61.0;2;0;2;4;1930;0;0;0;1;0;0;0;1;0;0;0;0;1;0;1;0;0;3.4
509000.0;61.0;3;0;3;5;2015;1;0;0;0;0;0;0;0;0;0;1;0;0;0;1;0;0;0.7
435000.0;63.1;2;0;0;3;1940;0;1;0;0;0;0;0;0;0;0;1;0;0;0;1;0;0;0.0
449000.0;47.74;3;0;2;2;1960;0;0;0;1;0;0;0;1;0;0;0;0;0;0;0;0;1;3.7
545000.0;45.3;3;0;2;3;2007;0;1;0;0;0;0;0;0;0;0;1;0;0;0;1;0;0;8.0
220000.0;67.55;2;0;3;3;1910;0;0;0;1;0;0;0;1;0;0;0;0;1;0;1;0;0;6.4
407700.0;54.12;2;1;1;4;2000;1;0;0;0;0;0;0;0;0;0;1;0;0;1;1;0;0;0.0
611550.0;43.08;4;1;4;5;2022;0;1;0;0;0;0;0;0;0;0;1;0;0;0;1;0;0;5.2
492492.0;53.08;3;1;3;5;2022;0;1;0;0;0;0;0;0;0;0;1;0;0;0;1;0;0;5.2
435000.0;48.0;2;0;0;4;2016;0;1;0;0;0;0;0;0;0;0;1;0;0;0;1;0;0;0.5
430000.0;58.0;3;0;2;2;2002;0;1;0;0;0;0;0;0;0;0;1;0;0;0;1;0;0;8.0
359000.0;150.0;2;0;0;4;1985;0;1;0;0;0;0;0;0;0;0;1;0;1;0;1;0;0;4.2
498800.0;105.0;3;1;1;4;2021;1;0;0;0;0;0;0;0;0;0;1;0;0;1;1;0;0;6.4
640000.0;50.0;4;0;1;3;1938;0;0;0;1;0;0;0;1;0;0;0;0;0;0;1;0;0;0.0
599000.0;68.0;3;0;1;4;1889;0;0;0;1;0;0;0;0;1;0;0;0;1;0;1;0;0;0.9
360000.0;39.6;2;0;1;4;1975;0;1;0;0;0;0;0;0;0;0;1;0;0;0;1;0;0;4.4
240000.0;43.6;3;0;0;2;2009;0;1;0;0;0;0;0;1;0;0;0;0;0;0;1;0;0;20.6
356400.0;114.0;2;1;2;4;2022;0;1;0;0;0;0;0;0;0;0;1;0;0;0;1;0;0;5.2
345000.0;68.3;2;0;2;2;2000;0;1;0;0;0;0;0;1;0;0;0;0;0;0;1;0;0;6.8
749000.0;54.0;5;1;1;1;2021;0;0;1;0;0;0;0;1;0;0;0;0;0;1;1;0;0;5.9
640000.0;97.0;4;1;0;1;2021;0;0;1;0;0;0;0;1;0;0;0;0;0;1;1;0;0;5.9
360000.0;62.24;3;0;2;3;1930;0;1;0;0;0;0;1;0;0;0;0;0;1;0;0;0;1;3.2
425000.0;52.6;4;0;1;1;1930;0;0;1;0;0;0;0;1;0;0;0;0;0;0;1;0;0;9.1
497000.0;77.43;3;0;2;3;2005;0;1;0;0;0;0;0;0;1;0;0;0;0;0;1;0;0;8.0
359000.0;52.0;2;0;4;12;1988;0;1;0;0;0;0;0;0;0;0;1;0;0;0;1;0;0;10.7
674700.0;63.8;4;1;4;10;2023;0;1;0;0;0;0;0;0;0;0;1;0;0;1;1;0;0;1.3
390000.0;74.0;2;0;2;3;2010;0;1;0;0;0;0;0;0;0;0;1;0;0;0;1;0;0;18.6
561440.0;31.8;3;0;1;3;2005;0;1;0;0;0;0;0;1;0;0;0;0;0;0;1;0;0;6.4
499000.0;52.5;3;0;3;5;1940;0;0;0;1;0;0;0;1;0;0;0;0;0;0;1;0;0;0.7
299000.0;41.8;1;0;6;8;1970;0;1;0;0;0;0;0;0;0;0;1;0;0;0;0;1;0;3.5
499000.0;31.0;2;0;1;2;2008;0;1;0;0;0;0;0;0;0;0;1;0;0;0;1;0;0;8.0
364200.0;101.0;2;1;4;4;1935;0;0;0;1;0;0;0;0;1;0;0;0;0;0;1;0;0;0.5
329000.0;42.0;2;0;2;3;2005;0;1;0;0;0;0;0;0;0;0;1;0;0;0;0;0;1;11.9
570000.0;61.2;4;1;0;2;2021;0;0;1;0;0;0;0;1;0;0;0;0;0;1;1;0;0;0.5
175000.0;47.65;1;0;1;2;1900;0;0;0;1;0;0;0;1;0;0;0;0;1;0;0;0;1;9.9
427000.0;59.96;3;0;4;4;1980;0;1;0;0;0;0;0;0;0;0;1;0;0;0;0;1;0;5.2
295430.0;46.3;2;1;1;1;2021;0;1;0;0;0;0;0;0;0;0;1;0;0;0;1;0;0;27.0
539640.0;49.1;3;1;0;1;2021;0;1;0;0;0;0;0;1;0;0;0;0;0;1;1;0;0;6.8
399000.0;49.06;2;0;2;2;2001;0;1;0;0;0;0;0;0;0;0;1;0;0;0;1;0;0;8.0
430000.0;38.5;2;0;1;4;1985;0;1;0;0;0;0;0;0;0;0;1;0;0;0;0;0;1;0.5
539000.0;84.0;2;0;3;8;2020;0;1;0;0;0;0;0;0;0;0;1;0;0;0;1;0;0;5.9
339000.0;221.08;1;0;2;3;2009;0;1;0;0;0;0;0;1;0;0;0;0;0;0;1;0;0;10.9
629000.0;29.7;4;0;3;4;1991;0;1;0;0;0;0;0;0;0;0;1;0;0;0;0;1;0;11.9
265000.0;65.14;1;0;0;3;1993;0;1;0;0;0;0;0;0;0;0;1;0;0;0;0;0;1;5.2
570000.0;68.0;3;0;0;3;1914;0;0;0;1;0;0;0;1;0;0;0;0;0;0;1;0;0;3.2
469000.0;29.4;4;0;5;5;1962;0;1;0;0;0;0;0;0;0;0;1;0;0;0;1;0;0;0.7
398000.0;37.47;3;0;7;8;1970;0;1;0;0;0;0;0;0;0;0;1;0;0;0;0;0;1;3.2
219000.0;62.62;2;0;0;1;1925;0;1;0;0;0;0;1;0;0;0;0;0;0;0;1;0;0;8.6
349000.01;102.16;2;0;1;4;1930;0;0;0;1;0;0;0;1;0;0;0;0;0;0;1;0;0;0.7
565000.0;130.8;3;0;1;3;1935;0;0;0;1;0;0;0;1;0;0;0;0;0;1;1;0;0;1.7
900000.0;46.25;4;0;2;3;2009;1;0;0;0;0;0;0;0;0;0;1;0;0;0;1;0;0;5.9
359000.0;48.89;2;0;1;4;1935;0;0;0;1;0;0;0;0;0;0;1;0;1;0;1;0;0;0.5
409000.0;71.3;3;0;2;3;1938;0;0;0;1;0;0;0;1;0;0;0;0;0;0;1;0;0;0.0
380000.0;163.4;2;0;1;4;1952;0;1;0;0;0;0;0;0;0;0;1;0;1;0;1;0;0;12.4
582000.0;84.08;3;0;3;4;1988;0;1;0;0;0;0;0;0;0;0;1;0;0;0;0;1;0;11.6
750000.0;63.07;7;0;1;5;1905;0;0;0;1;0;0;0;0;1;0;0;0;1;0;1;0;0;1.7
626396.0;82.79;3;1;2;3;2023;1;0;0;0;0;0;0;0;0;0;1;0;0;1;1;0;0;5.6
510867.0;67.62;3;1;2;3;2023;1;0;0;0;0;0;0;0;0;0;1;0;0;1;1;0;0;5.6
620925.0;59.16;4;1;2;3;2023;1;0;0;0;0;0;0;0;0;0;1;0;0;1;1;0;0;5.6
517293.0;48.34;4;1;2;3;2023;1;0;0;0;0;0;0;0;0;0;1;0;0;1;1;0;0;5.6
532440.0;45.0;3;1;1;3;2023;1;0;0;0;0;0;0;0;0;0;1;0;0;1;1;0;0;5.6
471315.0;47.24;2;1;1;3;2023;1;0;0;0;0;0;0;0;0;0;1;0;0;1;1;0;0;5.6
195000.0;70.26;3;0;4;4;1930;0;0;0;1;0;0;0;0;1;0;0;0;1;0;1;0;0;0.0
448780.0;67.81;2;1;1;3;2023;1;0;0;0;0;0;0;0;0;0;1;0;0;1;1;0;0;5.6
540000.0;48.53;3;0;3;3;1930;0;0;0;1;0;0;0;1;0;0;0;0;1;0;1;0;0;0.5
600118.5;47.4;3;1;1;3;2023;1;0;0;0;0;0;0;0;0;0;1;0;0;1;1;0;0;5.6
475594.0;67.81;2;1;0;3;2023;1;0;0;0;0;0;0;0;0;0;1;0;0;1;1;0;0;5.6
450300.0;83.9;2;1;0;3;2023;1;0;0;0;0;0;0;0;0;0;1;0;0;1;1;0;0;5.6
600118.5;63.07;3;1;0;3;2023;1;0;0;0;0;0;0;0;0;0;1;0;0;1;1;0;0;5.6
625055.0;67.62;3;1;2;3;2023;1;0;0;0;0;0;0;0;0;0;1;0;0;1;1;0;0;5.6
510867.0;82.79;3;1;2;3;2023;1;0;0;0;0;0;0;0;0;0;1;0;0;1;1;0;0;5.6
517293.0;59.16;4;1;2;3;2023;1;0;0;0;0;0;0;0;0;0;1;0;0;1;1;0;0;5.6
620925.0;43.3;4;1;2;3;2023;1;0;0;0;0;0;0;0;0;0;1;0;0;1;1;0;0;5.6
532440.0;105.0;3;1;1;3;2023;1;0;0;0;0;0;0;0;0;0;1;0;0;1;1;0;0;5.6
250000.0;62.62;1;0;0;2;1930;0;0;0;1;0;0;0;0;1;0;0;0;0;0;1;0;0;13.5
640000.0;37.37;4;0;1;3;1930;0;0;0;1;0;0;0;1;0;0;0;0;0;0;1;0;0;0.0
565000.0;63.0;3;0;1;4;1930;0;0;0;1;0;0;0;1;0;0;0;0;0;1;1;0;0;1.7
359000.0;48.34;2;0;1;2;2012;0;1;0;0;0;0;0;1;0;0;0;0;0;0;1;0;0;5.9
479000.0;47.24;3;0;3;4;1980;0;1;0;0;0;0;0;0;0;0;1;0;0;0;0;0;1;3.8
471315.0;67.81;2;1;1;3;2023;1;0;0;0;0;0;0;0;0;0;1;0;0;1;1;0;0;5.6
448780.0;55.93;2;1;1;3;2023;1;0;0;0;0;0;0;0;0;0;1;0;0;1;1;0;0;5.6
600118.5;38.81;3;1;1;3;2023;1;0;0;0;0;0;0;0;0;0;1;0;0;1;1;0;0;5.6
503370.0;48.53;3;1;1;3;2023;1;0;0;0;0;0;0;0;0;0;1;0;0;1;1;0;0;5.6
388100.0;67.81;2;1;0;3;2023;1;0;0;0;0;0;0;0;0;0;1;0;0;1;1;0;0;5.6
475594.0;55.93;2;1;0;3;2023;1;0;0;0;0;0;0;0;0;0;1;0;0;1;1;0;0;5.6
600118.5;84.08;3;1;0;3;2023;1;0;0;0;0;0;0;0;0;0;1;0;0;1;1;0;0;5.6
503370.0;82.79;3;1;0;3;2023;1;0;0;0;0;0;0;0;0;0;1;0;0;1;1;0;0;5.6
626396.0;47.24;3;1;2;3;2022;1;0;0;0;0;0;0;0;0;0;1;0;0;1;1;0;0;5.6
620925.0;67.81;4;1;2;3;2022;1;0;0;0;0;0;0;0;0;0;1;0;0;1;1;0;0;5.6
448780.0;59.16;2;1;1;3;2022;1;0;0;0;0;0;0;0;0;0;1;0;0;1;1;0;0;5.6
600118.5;47.4;3;1;1;3;2022;1;0;0;0;0;0;0;0;0;0;1;0;0;1;1;0;0;5.6
538356.0;67.81;3;1;0;3;2022;1;0;0;0;0;0;0;0;0;0;1;0;0;1;1;0;0;5.6
450300.0;47.24;2;1;0;3;2022;1;0;0;0;0;0;0;0;0;0;1;0;0;1;1;0;0;5.6
600118.5;84.08;3;1;0;3;2022;1;0;0;0;0;0;0;0;0;0;1;0;0;1;1;0;0;5.6
462952.0;59.16;2;1;1;3;2022;1;0;0;0;0;0;0;0;0;0;1;0;0;1;1;0;0;5.6
626396.0;48.34;3;1;2;3;2022;1;0;0;0;0;0;0;0;0;0;1;0;0;1;1;0;0;5.6
532440.0;115.89;3;1;1;3;2022;1;0;0;0;0;0;0;0;0;0;1;0;0;1;1;0;0;5.6
478566.0;151.89;2;1;1;3;2022;1;0;0;0;0;0;0;0;0;0;1;0;0;1;1;0;0;5.6
599000.0;80.0;3;0;3;4;1930;0;0;0;1;0;0;0;1;0;0;0;0;0;0;1;0;0;1.7
439000.0;65.98;3;0;0;4;1939;0;0;0;1;0;0;0;1;0;0;0;0;0;0;1;0;0;0.0
315000.0;69.07;2;0;4;4;1978;0;1;0;0;0;0;0;0;0;0;1;0;1;0;0;0;1;11.4
734000.0;59.29;3;0;1;3;2020;0;1;0;0;0;0;0;0;0;0;1;0;0;0;1;0;0;6.8
419000.0;63.1;2;0;3;4;1929;0;0;0;1;0;0;0;1;0;0;0;0;0;0;1;0;0;0.0
460000.0;125.3;2;0;2;4;1930;0;0;0;1;0;0;0;0;0;0;1;0;0;0;1;0;0;0.0
539000.0;71.26;3;0;2;2;1930;0;0;0;1;0;0;0;0;0;0;1;0;0;0;1;0;0;2.6
489000.0;53.0;3;0;2;3;1932;0;0;0;1;0;0;0;1;0;0;0;0;0;0;1;0;0;0.5
530000.0;41.72;3;0;3;11;1980;0;1;0;0;0;0;0;0;0;0;1;0;0;0;0;1;0;10.7
339500.0;59.29;3;0;0;4;1986;0;1;0;0;0;0;0;0;0;0;1;0;1;0;0;1;0;17.8
320000.0;76.2;2;0;2;2;1920;0;1;0;0;0;0;0;1;0;0;0;0;1;0;1;0;0;3.2
460000.0;73.0;2;0;3;4;1940;0;0;0;1;0;0;0;0;0;0;1;0;0;0;1;0;0;0.4
410000.0;66.15;2;0;11;17;2009;1;0;0;0;0;0;0;0;0;0;1;0;0;0;1;0;0;3.9
728000.0;34.0;5;0;1;2;2009;0;1;0;0;0;0;0;1;0;0;0;0;0;0;1;0;0;7.9
530000.0;119.27;3;0;3;12;1980;0;1;0;0;0;0;0;0;0;0;1;0;0;0;0;1;0;10.7
649000.0;37.85;4;0;1;4;1992;0;1;0;0;0;0;0;0;0;0;1;0;0;0;0;0;1;0.0
562275.0;49.8;3;1;0;1;2021;1;0;0;0;0;0;0;0;1;0;0;0;0;1;1;0;0;6.8
259000.0;32.49;2;0;5;10;1980;0;1;0;0;0;0;0;0;0;0;1;0;0;0;1;0;0;0.5
599000.0;46.92;4;0;3;4;1930;0;0;0;1;0;0;0;1;0;0;0;0;0;0;1;0;0;1.9
263057.5;32.49;2;1;2;3;2022;0;1;0;0;0;0;0;0;1;0;0;0;0;1;1;0;0;25.3
410000.0;65.0;2;0;3;4;1980;0;1;0;0;0;0;0;0;0;0;1;0;0;0;1;0;0;18.6
225805.5;71.2;1;1;3;3;2022;0;1;0;0;0;0;0;0;1;0;0;0;0;1;1;0;0;25.3
326094.0;58.2;2;1;3;3;2022;0;1;0;0;0;0;0;0;1;0;0;0;0;1;1;0;0;25.3
225805.5;59.16;1;1;3;3;2022;0;1;0;0;0;0;0;0;1;0;0;0;0;1;1;0;0;25.3
520000.0;55.94;2;0;2;4;2000;0;1;0;0;0;0;0;0;0;0;1;0;0;0;1;0;0;0.5
605200.0;38.62;4;1;1;1;2021;0;1;0;0;0;0;0;1;0;0;0;0;0;1;1;0;0;6.8
365000.0;34.0;2;0;4;4;1917;0;0;0;1;0;0;0;0;0;0;1;0;0;0;1;0;0;0.5
538356.0;37.85;3;1;0;3;2022;1;0;0;0;0;0;0;0;0;0;1;0;0;1;1;0;0;5.6
503460.0;54.55;3;1;0;3;2022;1;0;0;0;0;0;0;0;0;0;1;0;0;1;1;0;0;5.6
325000.0;38.29;2;0;1;6;2021;1;0;0;0;0;0;0;0;0;0;1;0;0;0;1;0;0;6.4
285000.0;37.85;2;0;11;11;1975;0;1;0;0;0;0;0;0;0;0;1;0;0;0;1;0;0;2.9
263057.5;54.55;2;1;2;3;2022;0;1;0;0;0;0;0;0;0;0;1;0;0;1;1;0;0;25.3
379122.5;31.52;3;1;2;3;2022;0;1;0;0;0;0;0;0;1;0;0;0;0;1;1;0;0;25.3
266115.5;36.0;2;1;2;3;2022;0;1;0;0;0;0;0;0;1;0;0;0;0;1;1;0;0;25.3
263057.5;48.9;2;1;2;3;2022;0;1;0;0;0;0;0;0;1;0;0;0;0;1;1;0;0;25.3
379122.5;65.25;3;1;2;3;2022;0;1;0;0;0;0;0;0;1;0;0;0;0;1;1;0;0;25.3
245000.0;63.0;1;0;0;1;1960;0;1;0;0;0;0;0;1;0;0;0;0;0;0;1;0;0;5.2
297000.0;58.6;2;1;1;1;2021;0;1;0;0;0;0;0;0;0;0;1;0;0;0;1;0;0;27.0
355000.0;54.55;2;0;10;11;1986;0;1;0;0;0;0;0;0;0;0;1;0;0;0;1;0;0;6.4
590000.0;37.85;3;0;1;2;2012;0;1;0;0;0;0;0;1;0;0;0;0;0;0;1;0;0;8.6
419000.0;39.02;3;0;0;4;1955;0;1;0;0;0;0;0;0;0;0;1;0;0;0;1;0;0;1.9
552500.0;37.85;3;1;6;10;2023;1;0;0;0;0;0;0;0;0;0;1;0;0;1;1;0;0;1.3
379122.5;34.12;3;1;1;4;2022;0;1;0;0;0;0;0;0;1;0;0;0;0;1;1;0;0;25.3
263057.5;83.98;2;1;0;4;2022;0;1;0;0;0;0;0;0;1;0;0;0;0;1;1;0;0;25.3
271189.0;66.43;2;1;0;4;2022;0;1;0;0;0;0;0;0;1;0;0;0;0;1;1;0;0;25.3
263057.5;45.5;2;1;0;4;2022;0;1;0;0;0;0;0;0;1;0;0;0;0;1;1;0;0;25.3
449000.0;60.5;2;0;1;4;2008;1;0;0;0;0;0;0;1;0;0;0;0;0;0;1;0;0;0.0
529000.0;93.0;4;0;4;4;2002;0;0;0;1;0;0;0;1;0;0;0;0;0;0;1;0;0;1.9
647000.0;53.0;3;0;2;2;2016;0;1;0;0;0;0;0;1;0;0;0;0;0;0;1;0;0;0.5
395000.0;96.43;3;0;4;4;1960;0;1;0;0;0;0;0;0;0;0;1;0;0;0;1;0;0;2.9
439000.0;41.66;2;0;1;3;2005;0;1;0;0;0;0;0;1;0;0;0;0;0;0;1;0;0;5.9
550000.0;104.0;3;0;1;3;1935;0;0;0;1;0;0;0;1;0;0;0;0;0;0;1;0;0;11.4
405000.0;71.4;3;0;0;10;1974;0;1;0;0;0;0;0;0;0;0;1;0;0;0;1;0;0;2.9
669000.0;59.2;4;0;2;3;2012;0;1;0;0;0;0;0;1;0;0;0;0;0;0;1;0;0;7.1
449000.0;45.6;2;0;0;10;2017;1;0;0;0;0;0;0;0;0;0;1;0;0;0;1;0;0;3.4
640000.0;56.64;4;0;1;3;1938;0;0;0;1;0;0;0;1;0;0;0;0;0;0;1;0;0;0.0
539000.0;77.43;3;0;3;4;2003;0;1;0;0;0;0;0;0;0;0;1;0;0;0;0;1;0;4.8
495000.0;97.21;3;0;1;4;1985;0;1;0;0;0;0;0;0;0;0;1;0;0;0;0;1;0;3.5
389900.0;63.4;2;0;1;4;1970;0;1;0;0;0;0;0;0;0;0;1;0;0;0;0;0;1;3.4
449000.0;77.0;2;0;2;2;1930;0;1;0;0;0;0;0;1;0;0;0;0;0;0;1;0;0;3.2
627183.0;76.67;3;1;0;2;2022;0;1;0;0;0;0;0;0;0;0;1;0;1;0;1;0;0;5.9
499000.0;116.81;3;0;4;4;1996;0;1;0;0;0;0;0;1;0;0;0;0;0;0;1;0;0;6.4
388000.0;59.2;3;0;4;4;1985;0;1;0;0;0;0;0;0;0;0;1;0;0;0;0;1;0;11.3
580500.0;47.91;2;0;0;2;1920;0;0;0;1;0;0;0;0;0;0;1;0;0;0;1;0;0;1.5
470000.0;42.0;3;0;0;2;1930;0;1;0;0;0;0;0;1;0;0;0;0;1;0;1;0;0;3.2
495000.0;58.46;3;0;1;4;1983;0;1;0;0;0;0;0;0;0;0;1;0;0;0;0;1;0;3.4
297000.0;85.75;2;1;1;1;2021;0;1;0;0;0;0;0;0;0;0;1;0;0;0;1;0;0;27.0
485000.0;52.8;2;0;6;7;2018;1;0;0;0;0;0;0;0;0;0;1;0;0;0;1;0;0;1.9
399000.0;69.3;2;0;2;3;2002;0;1;0;0;0;0;0;0;0;0;1;0;0;0;1;0;0;8.0
380000.0;41.8;3;0;2;3;1930;0;0;0;1;0;0;0;0;0;0;1;0;0;0;1;0;0;3.8
515000.0;54.11;3;0;0;4;1930;0;0;0;1;0;0;0;1;0;0;0;0;0;0;1;0;0;2.0
425000.0;47.64;2;0;1;1;1950;0;1;0;0;0;0;0;1;0;0;0;0;0;0;1;0;0;3.3
440000.0;59.0;2;0;2;4;1900;0;0;0;1;0;0;0;0;0;0;1;0;1;0;1;0;0;1.9
362000.0;66.5;2;1;4;4;1900;0;0;0;1;0;0;0;1;0;0;0;0;0;0;1;0;0;0.0
395000.0;33.8;3;0;3;4;1962;0;1;0;0;0;0;0;0;0;0;1;0;1;0;1;0;0;1.2
320000.0;37.0;2;0;1;4;1935;0;0;0;1;0;0;0;1;0;0;0;0;1;0;1;0;0;0.0
141000.0;115.0;3;1;1;2;2020;1;0;0;0;0;0;0;0;1;0;0;0;0;0;1;0;0;21.7
647000.0;109.55;3;0;2;2;2016;0;1;0;0;0;0;0;1;0;0;0;0;0;0;1;0;0;8.6
299000.0;109.55;2;0;2;4;1970;0;1;0;0;0;0;0;0;0;0;1;0;0;0;0;1;0;12.4
310000.0;58.03;2;0;10;11;1980;0;1;0;0;0;0;0;0;0;0;1;0;0;0;1;0;0;2.6
679000.0;73.0;4;0;5;6;1995;0;1;0;0;0;0;0;0;0;0;1;0;0;0;1;0;0;3.4
549000.0;82.25;4;0;3;4;1930;0;0;0;1;0;0;0;1;0;0;0;0;0;0;0;1;0;3.2
549000.0;59.0;4;0;3;4;1930;0;0;0;1;0;0;0;1;0;0;0;0;0;0;0;1;0;3.2
699000.0;57.07;4;0;2;2;2017;1;0;0;0;0;0;0;0;0;0;1;0;0;0;1;0;0;7.1
895000.0;48.05;3;0;5;11;2014;0;1;0;0;0;0;0;0;0;0;1;0;0;0;1;0;0;0.5
576800.0;47.91;3;0;2;4;1930;0;0;0;1;0;0;0;1;0;0;0;0;0;0;1;0;0;3.4
575000.0;83.5;3;0;2;2;2015;0;1;0;0;0;0;0;0;0;0;1;0;0;0;1;0;0;6.6
395000.0;30.0;3;0;3;4;1970;0;1;0;0;0;0;0;0;0;0;1;0;0;0;1;0;0;0.7
301833.0;36.0;2;1;1;1;2021;1;0;0;0;0;0;0;0;0;0;1;0;0;1;1;0;0;27.2
301833.0;54.0;2;1;1;1;2021;1;0;0;0;0;0;0;0;0;0;1;0;0;1;1;0;0;27.2
898000.0;69.39;3;0;1;2;2004;0;0;1;0;0;0;0;1;0;0;0;0;0;0;1;0;0;3.4
292000.0;54.6;2;1;4;4;2021;0;0;0;1;0;0;0;1;0;0;0;0;0;0;1;0;0;0.4
350000.0;37.86;2;1;4;4;2021;0;0;0;1;0;0;0;1;0;0;0;0;0;0;1;0;0;0.4
377000.0;47.2;2;0;6;7;1990;0;1;0;0;0;0;0;0;0;0;1;0;1;0;1;0;0;17.8
749000.0;63.54;3;0;1;4;2018;0;1;0;0;0;0;0;0;0;0;1;0;0;0;0;0;1;3.2
439000.0;45.69;2;0;0;4;1940;0;0;0;1;0;0;0;0;0;0;1;0;0;0;1;0;0;1.8
328800.0;66.15;1;1;0;10;2023;0;1;0;0;0;0;0;0;0;0;1;0;0;1;1;0;0;1.3
369000.0;59.94;2;0;8;10;1980;0;1;0;0;0;0;0;0;0;0;1;0;0;0;0;1;0;3.6
439000.0;70.01;3;0;8;10;1991;0;1;0;0;0;0;0;0;0;0;1;0;1;0;0;1;0;0.0
355000.0;71.2;3;1;3;3;2021;0;1;0;0;0;0;0;0;0;0;1;0;0;1;1;0;0;8.0
562275.0;71.35;3;1;1;1;2022;0;1;0;0;0;0;0;0;1;0;0;0;0;1;1;0;0;6.8
539460.0;47.0;3;1;0;1;2022;0;1;0;0;0;0;0;0;1;0;0;0;0;1;1;0;0;6.8
595085.0;59.0;4;1;1;1;2022;0;1;0;0;0;0;0;0;1;0;0;0;0;1;1;0;0;6.8
605200.0;62.8;4;1;1;1;2022;0;1;0;0;0;0;0;0;1;0;0;0;0;1;1;0;0;6.8
510000.0;87.8;4;0;2;2;2013;0;1;0;0;0;0;0;0;0;0;1;0;0;0;1;0;0;10.1
169000.0;55.9;2;0;1;2;1980;0;1;0;0;0;0;0;0;0;1;0;0;0;0;1;0;0;81.5
799000.0;82.0;2;0;11;26;2021;0;1;0;0;0;0;0;0;0;0;1;0;0;1;1;0;0;0.9
699000.0;46.0;3;0;0;3;2013;1;0;0;0;0;0;0;0;0;0;1;0;0;0;1;0;0;6.4
610000.0;48.41;3;0;4;5;1994;0;1;0;0;0;0;0;0;0;0;1;0;0;0;1;0;0;1.6
488000.0;59.13;2;0;2;4;2010;0;1;0;0;0;0;0;0;0;0;1;0;0;0;1;0;0;0.7
589000.0;58.63;4;0;0;4;2012;0;1;0;0;0;0;0;0;0;0;1;0;0;0;1;0;0;11.6
437000.0;42.45;2;0;3;3;2006;0;0;1;0;0;0;0;0;0;0;1;0;0;0;1;0;0;3.8
421167.0;46.16;2;1;2;6;2022;1;0;0;0;0;0;0;0;0;0;1;0;0;1;1;0;0;2.7
549909.0;42.45;3;1;3;6;2022;1;0;0;0;0;0;0;0;0;0;1;0;0;1;1;0;0;2.7
539000.0;125.54;3;0;0;6;2012;1;0;0;0;0;0;0;0;1;0;0;0;0;0;1;0;0;2.0
390000.0;49.0;2;0;4;4;1930;0;0;0;1;0;0;0;1;0;0;0;0;0;0;1;0;0;0.0
435000.0;56.0;3;0;5;10;1980;0;1;0;0;0;0;0;0;0;0;1;0;0;0;0;1;0;0.9
390000.0;32.49;2;0;4;4;1942;0;0;0;1;0;0;0;1;0;0;0;0;0;0;1;0;0;0.0
610000.0;151.0;6;0;1;3;1930;0;0;0;1;0;0;1;0;0;0;0;0;0;0;1;0;0;0.9
505000.0;39.02;3;0;3;3;2008;0;1;0;0;0;0;0;0;0;0;1;0;0;0;1;0;0;11.9
590000.0;67.56;3;0;0;3;1930;0;1;0;0;0;0;0;1;0;0;0;0;0;0;1;0;0;3.3
225805.0;54.7;1;1;3;3;2022;0;1;0;0;0;0;0;0;1;0;0;0;0;1;1;0;0;27.0
271189.0;50.23;2;1;1;3;2022;0;1;0;0;0;0;0;0;1;0;0;0;0;1;1;0;0;27.0
399000.0;87.5;3;0;1;4;1930;0;0;0;1;0;0;0;1;0;0;0;0;1;0;1;0;0;0.0
595000.0;47.0;3;0;2;2;2008;0;1;0;0;0;0;0;0;0;0;1;0;0;0;0;0;1;11.9
539000.0;35.0;3;0;3;3;2000;0;0;1;0;0;0;0;1;0;0;0;0;0;0;1;0;0;5.2
331518.0;31.0;2;1;0;2;2023;1;0;0;0;0;0;0;0;1;0;0;0;0;1;1;0;0;6.8
440000.0;93.58;3;0;0;4;1938;0;0;0;1;0;0;0;0;0;0;1;0;0;0;1;0;0;3.4
349999.0;71.82;2;0;0;10;1970;0;1;0;0;0;0;0;0;0;0;1;0;0;0;0;0;1;0.0
299999.0;90.5;2;0;3;4;1970;0;1;0;0;0;0;0;0;0;0;1;0;0;1;0;1;0;1.3
339999.0;48.0;1;0;0;4;1970;0;1;0;0;0;0;0;0;0;0;1;0;0;0;0;0;1;3.2
750000.0;68.32;3;0;1;2;2012;0;1;0;0;0;0;0;0;0;0;1;0;0;0;1;0;0;5.9
459000.0;42.7;3;0;0;11;1980;0;1;0;0;0;0;0;0;0;0;1;0;0;0;0;0;1;6.4
539000.0;81.2;3;0;3;4;1932;0;0;0;1;0;0;0;1;0;0;0;0;1;0;1;0;0;0.5
590000.0;83.0;3;0;3;3;1963;0;1;0;0;0;0;0;0;0;0;1;0;0;0;1;0;0;2.9
680000.0;51.83;4;0;0;4;2007;0;1;0;0;0;0;0;0;0;0;1;0;0;0;1;0;0;3.6
320000.0;43.0;2;0;4;10;1988;0;1;0;0;0;0;0;0;0;0;1;0;1;0;0;0;1;3.2
460000.0;49.5;3;0;2;4;1936;0;1;0;0;0;0;1;0;0;0;0;0;0;0;1;0;0;0.0
449000.0;72.0;4;0;5;5;1990;0;1;0;0;0;0;0;0;0;0;1;0;0;0;0;1;0;3.4
459000.0;72.0;2;0;3;4;1912;0;0;0;1;0;0;0;1;0;0;0;0;1;0;1;0;0;0.0
270000.0;40.63;2;1;2;2;1999;0;1;0;0;0;0;0;1;0;0;0;0;0;0;1;0;0;9.9
425700.0;75.57;2;1;1;4;2021;1;0;0;0;0;0;0;0;0;0;1;0;0;1;1;0;0;6.4
459000.0;92.76;3;0;0;11;1970;0;1;0;0;0;0;0;0;0;0;1;0;0;0;0;0;1;6.4
679000.0;32.16;4;0;0;3;2018;1;0;0;0;0;0;0;0;0;0;1;0;0;0;1;0;0;18.6
320000.0;82.32;2;0;1;3;1930;0;1;0;0;0;0;0;0;0;0;1;0;0;0;1;0;0;3.2
650000.0;81.84;2;0;1;4;1910;0;0;0;1;0;0;0;0;0;0;1;0;0;0;1;0;0;0.0
650000.0;39.95;4;0;2;2;2009;0;1;0;0;0;0;0;0;0;0;1;0;0;0;1;0;0;7.1
345000.0;106.29;2;0;5;8;1970;0;1;0;0;0;0;0;0;0;0;1;0;0;0;1;0;0;0.9
590000.0;40.0;4;0;3;10;1996;0;1;0;0;0;0;0;0;0;0;1;0;0;0;1;0;0;3.5
799000.0;79.66;4;0;1;1;1940;0;0;1;0;0;0;0;1;0;0;0;0;0;0;1;0;0;3.2
295000.0;55.6;2;0;11;11;1980;0;1;0;0;0;0;0;0;0;0;1;0;1;0;0;1;0;3.5
619000.0;35.5;5;0;0;4;1934;0;0;0;1;0;0;0;0;0;0;1;0;0;0;1;0;0;3.2
295000.0;31.52;2;0;11;11;1980;0;1;0;0;0;0;0;0;0;0;1;0;1;0;1;0;0;3.5
605000.0;61.2;4;1;1;1;2021;0;1;0;0;0;0;0;1;0;0;0;0;0;1;1;0;0;7.2
399000.0;81.84;3;0;2;4;1980;0;1;0;0;0;0;0;0;0;0;1;0;0;0;0;0;1;7.1
298000.0;58.0;3;0;5;6;2008;0;1;0;0;0;0;0;0;0;0;1;0;0;0;0;1;0;5.2
245000.0;31.63;1;0;0;1;1960;0;1;0;0;0;0;0;1;0;0;0;0;0;0;1;0;0;3.6
450000.0;73.66;3;0;0;2;1938;0;0;0;1;0;0;0;0;1;0;0;0;0;0;1;0;0;5.9
779000.0;93.7;4;0;1;1;1927;0;0;1;0;0;0;0;1;0;0;0;0;0;0;1;0;0;3.2
498800.0;50.11;3;1;2;4;2021;0;1;0;0;0;0;0;0;0;0;1;0;0;1;1;0;0;6.4
298000.0;78.93;1;0;3;3;2008;0;1;0;0;0;0;0;0;0;0;1;0;0;0;1;0;0;5.9
489000.0;54.6;4;0;4;5;1980;0;1;0;0;0;0;0;0;0;0;1;0;1;0;1;0;0;7.1
465000.0;79.97;3;0;1;4;1930;0;0;0;1;0;0;0;1;0;0;0;0;1;0;1;0;0;0.0
369000.0;81.0;3;0;4;4;1900;0;0;0;1;0;0;0;1;0;0;0;0;0;1;1;0;0;3.4
450000.0;74.8;3;0;4;4;1930;0;0;0;1;0;0;0;0;0;0;1;0;0;0;1;0;0;1.9
435000.0;71.8;2;0;0;4;1960;1;0;0;0;0;0;0;0;0;0;1;0;0;0;1;0;0;1.7
515000.0;78.49;4;0;0;3;1940;0;1;0;0;0;0;0;1;0;0;0;0;0;0;1;0;0;1.3
549000.0;50.08;3;0;0;1;2002;1;0;0;0;0;0;0;1;0;0;0;0;0;0;1;0;0;6.4
570000.0;60.8;4;0;3;3;1920;0;1;0;0;0;0;0;1;0;0;0;0;0;0;1;0;0;2.6
599000.0;69.99;4;0;2;2;2005;0;1;0;0;0;0;0;0;0;0;1;0;0;0;1;0;0;11.4
588675.0;33.82;4;0;3;3;2021;0;1;0;0;0;0;0;0;1;0;0;0;0;1;1;0;0;11.4
383112.0;74.0;2;0;1;3;2021;0;1;0;0;0;0;0;0;1;0;0;0;0;1;1;0;0;11.4
462080.0;50.08;3;0;1;3;2021;0;1;0;0;0;0;0;0;1;0;0;0;0;1;1;0;0;11.4
524925.0;62.35;3;0;0;3;2021;0;1;0;0;0;0;0;0;1;0;0;0;0;1;1;0;0;11.4
297616.0;27.15;2;0;0;3;2021;0;1;0;0;0;0;0;0;1;0;0;0;0;1;1;0;0;11.4
418000.0;59.94;4;0;2;2;1984;0;1;0;0;0;0;0;0;0;0;1;0;0;0;1;0;0;7.8
383112.0;54.0;2;0;0;3;2021;0;1;0;0;0;0;0;0;1;0;0;0;0;1;1;0;0;11.4
456000.0;111.28;3;0;5;10;1985;0;1;0;0;0;0;0;0;0;0;1;0;0;0;1;0;0;3.6
272000.0;90.29;1;0;7;10;2023;1;0;0;0;0;0;0;0;0;0;1;0;0;1;1;0;0;0.5
539460.0;107.0;3;1;0;1;2021;0;0;1;0;0;0;0;1;0;0;0;0;0;1;1;0;0;6.8
319000.0;157.54;2;0;3;4;1930;0;0;0;1;0;0;0;1;0;0;0;0;1;0;1;0;0;1.1
629000.0;84.32;4;0;1;3;1909;0;0;0;1;0;0;0;1;0;0;0;0;0;0;1;0;0;0.0
569000.0;43.87;4;0;3;4;1930;0;0;0;1;0;0;0;0;1;0;0;0;0;0;1;0;0;0.0
830000.0;71.5;5;1;1;4;1930;0;0;0;1;0;0;0;1;0;0;0;0;0;0;1;0;0;1.7
515000.0;96.06;3;0;4;4;1930;0;0;0;1;0;0;1;0;0;0;0;0;0;0;1;0;0;1.2
299999.0;42.5;2;0;3;10;1980;0;1;0;0;0;0;0;0;0;0;1;0;0;0;1;0;0;17.1
549000.0;42.5;3;0;0;2;2010;0;1;0;0;0;0;0;1;0;0;0;0;0;0;1;0;0;8.0
579000.0;71.9;4;0;2;3;2005;0;1;0;0;0;0;0;0;0;0;1;0;0;0;1;0;0;11.4
640000.0;85.75;4;0;3;3;2009;0;1;0;0;0;0;0;0;0;0;1;0;0;0;1;0;0;4.3
399000.0;58.33;1;0;3;4;1998;0;1;0;0;0;0;0;0;0;0;1;0;0;0;0;0;1;3.8
398000.0;100.0;1;0;3;4;1998;0;1;0;0;0;0;0;0;0;0;1;0;0;0;0;0;1;3.8
629000.0;71.2;3;0;2;2;2005;0;1;0;0;0;0;0;1;0;0;0;0;0;0;1;0;0;5.0
515000.0;56.7;3;0;0;4;1930;0;0;0;1;0;0;0;1;0;0;0;0;0;0;1;0;0;1.7
199000.0;43.0;3;0;0;4;1930;0;0;0;1;0;0;0;0;0;0;1;0;1;0;1;0;0;1.9
579000.0;58.46;4;0;2;3;2005;0;1;0;0;0;0;0;0;0;0;1;0;0;0;1;0;0;11.4
480000.0;67.0;3;0;2;3;1995;0;1;0;0;0;0;0;1;0;0;0;0;0;0;0;1;0;8.9
449000.0;56.68;2;0;1;2;2011;0;1;0;0;0;0;0;1;0;0;0;0;0;0;1;0;0;8.1
315000.0;58.44;2;0;4;5;1971;0;1;0;0;0;0;0;0;0;0;1;0;1;0;1;0;0;0.0
265000.0;113.29;3;0;3;3;1938;0;0;0;1;0;0;1;0;0;0;0;0;1;0;1;0;0;4.9
495000.0;87.9;2;0;1;3;1995;0;1;0;0;0;0;0;1;0;0;0;0;0;0;0;1;0;3.2
369000.0;127.75;2;0;1;3;1990;0;1;0;0;0;0;0;1;0;0;0;0;1;0;0;1;0;8.7
419000.0;65.0;3;0;0;2;1932;0;0;0;1;0;0;0;1;0;0;0;0;0;0;1;0;0;0.5
719000.0;41.43;4;0;0;3;2000;0;1;0;0;0;0;0;1;0;0;0;0;0;0;1;0;0;6.8
590000.0;68.78;4;1;0;2;2020;0;0;1;0;0;0;0;1;0;0;0;0;0;1;1;0;0;9.9
799000.0;67.22;4;0;3;3;1930;0;0;0;1;0;0;0;1;0;0;0;0;0;0;1;0;0;0.0
420000.0;41.2;3;0;8;10;1990;0;1;0;0;0;0;0;0;0;0;1;0;1;0;1;0;0;4.5
471276.0;73.09;2;1;2;4;2021;1;0;0;0;0;0;0;0;0;0;1;0;0;1;1;0;0;11.4
839116.0;33.8;4;1;4;4;2021;1;0;0;0;0;0;0;0;0;0;1;0;0;1;1;0;0;11.4
598258.0;75.34;4;1;1;4;2021;1;0;0;0;0;0;0;0;0;0;1;0;0;1;1;0;0;11.4
395520.0;69.4;2;1;0;4;2020;0;1;0;0;0;0;0;0;0;0;1;0;0;1;1;0;0;0.0
599000.0;45.0;3;0;4;5;2013;0;1;0;0;0;0;0;0;0;0;1;0;0;0;1;0;0;6.4
280000.0;90.0;1;0;1;4;1902;0;0;0;1;0;0;0;1;0;0;0;0;0;0;1;0;0;1.9
679000.0;51.4;4;0;1;2;2013;0;1;0;0;0;0;0;0;0;0;1;0;0;0;1;0;0;7.1
419000.0;75.04;3;0;1;4;1930;0;0;0;1;0;0;0;1;0;0;0;0;1;0;1;0;0;3.4
195000.0;132.68;3;0;4;4;1930;0;0;0;1;0;0;0;0;1;0;0;0;1;0;1;0;0;0.7
373000.0;45.41;3;0;1;4;1905;0;0;0;1;0;0;0;1;0;0;0;0;1;0;1;0;0;1.7
620000.0;64.31;2;0;0;4;2017;0;1;0;0;0;0;0;0;0;0;1;0;0;0;1;0;0;3.8
470000.0;77.0;3;0;0;1;1930;0;0;0;1;0;0;0;1;0;0;0;0;1;0;1;0;0;3.2
589000.0;71.26;4;0;4;5;1910;0;0;0;1;0;0;0;0;0;0;1;0;0;0;1;0;0;3.5
360200.0;140.2;2;1;0;10;2020;0;1;0;0;0;0;0;0;0;0;1;0;0;1;1;0;0;1.4
349000.0;76.5;3;0;3;4;1990;0;1;0;0;0;0;0;0;0;0;1;0;0;0;0;1;0;27.0
470000.0;70.0;3;0;0;1;1930;0;0;1;0;0;0;0;1;0;0;0;0;1;0;1;0;0;3.2
430000.0;62.0;3;0;2;3;1930;0;0;0;1;0;0;0;1;0;0;0;0;0;0;1;0;0;2.0
728000.0;183.0;6;0;0;1;1920;0;0;0;1;0;0;0;0;1;0;0;0;1;0;1;0;0;11.1
430000.0;93.3;3;0;3;3;1959;0;0;0;1;0;0;0;0;0;0;1;0;0;0;1;0;0;0.0
479000.0;63.56;2;0;0;3;2000;0;1;0;0;0;0;0;1;0;0;0;0;0;0;0;1;0;8.7
399000.0;45.48;3;0;7;11;1978;0;1;0;0;0;0;0;0;0;0;1;0;1;0;0;0;1;3.8
589900.0;80.0;4;0;3;4;1930;0;0;0;1;0;0;0;1;0;0;0;0;0;0;1;0;0;2.0
360000.0;33.32;3;0;4;4;1978;0;1;0;0;0;0;0;0;0;0;1;0;0;0;1;0;0;29.2
320000.0;87.32;2;0;11;12;1970;0;1;0;0;0;0;0;0;0;0;1;0;0;0;0;0;1;5.0
349000.0;30.98;2;0;0;4;1935;0;0;0;1;0;0;0;0;1;0;0;0;1;0;1;0;0;0.0
499000.0;73.9;3;0;0;4;1930;0;0;0;1;0;0;0;0;0;0;1;0;0;0;1;0;0;0.7
283000.0;94.56;1;1;4;4;1920;0;0;0;1;0;0;0;1;0;0;0;0;0;1;1;0;0;0.0
269000.0;30.7;2;0;4;4;1890;0;0;0;1;0;0;0;1;0;0;0;0;0;0;1;0;0;1.7
460000.0;106.4;3;0;1;4;1980;0;1;0;0;0;0;0;0;0;0;1;0;1;0;1;0;0;27.0
855000.0;72.3;4;0;3;3;2005;0;1;0;0;0;0;0;1;0;0;0;0;0;0;1;0;0;5.9
633165.0;46.44;4;1;1;1;2021;0;0;1;0;0;0;0;1;0;0;0;0;0;1;1;0;0;6.8
491200.0;35.5;1;1;6;30;2021;1;0;0;0;0;0;0;0;0;0;1;0;0;1;1;0;0;0.0
615000.0;69.99;7;0;2;4;1930;0;0;0;1;0;0;0;1;0;0;0;0;0;0;1;0;0;0.0
540000.0;50.07;3;1;1;1;2022;0;1;0;0;0;0;0;1;0;0;0;0;0;1;1;0;0;8.6
339000.0;60.4;2;0;3;3;1960;0;1;0;0;0;0;0;0;0;0;1;0;1;0;0;1;0;0.9
301000.0;53.13;3;0;5;6;2008;0;1;0;0;0;0;0;0;0;0;1;0;0;0;0;1;0;4.8
524925.0;58.38;3;1;0;3;2023;0;1;0;0;0;0;0;0;1;0;0;0;0;1;1;0;0;11.4
383035.5;76.14;2;1;0;3;2023;0;1;0;0;0;0;0;0;1;0;0;0;0;1;1;0;0;11.4
459040.0;123.06;3;1;2;3;2023;0;1;0;0;0;0;0;0;0;0;1;0;0;1;1;0;0;11.4
406444.5;84.04;2;1;3;3;2023;0;1;0;0;0;0;0;0;0;0;1;0;0;1;1;0;0;11.4
473000.0;119.0;2;0;0;3;2004;0;1;0;0;0;0;0;1;0;0;0;0;1;0;0;1;0;5.9
598000.0;84.29;3;0;3;3;2009;0;1;0;0;0;0;0;0;0;0;1;0;0;0;1;0;0;5.9
662500.0;39.0;4;0;1;4;1889;0;0;0;1;0;0;0;1;0;0;0;0;0;0;1;0;0;0.0
635000.0;39.0;3;0;0;2;1996;0;1;0;0;0;0;0;1;0;0;0;0;0;0;1;0;0;6.4
820000.0;45.0;4;0;2;3;1938;0;0;0;1;0;0;0;1;0;0;0;0;0;0;1;0;0;0.0
569000.0;54.0;3;0;2;3;1930;0;0;0;1;0;0;0;1;0;0;0;0;0;0;1;0;0;3.4
279000.0;76.1;2;0;4;4;1930;0;0;0;1;0;0;0;1;0;0;0;0;0;0;1;0;0;3.8
340000.0;54.38;2;1;2;2;1990;1;0;0;0;0;0;0;0;0;0;1;0;0;1;1;0;0;0.5
390000.0;49.81;2;0;1;1;1906;0;0;0;0;0;1;0;1;0;0;0;0;1;0;1;0;0;3.8
320000.0;49.81;2;0;3;4;1930;0;0;0;1;0;0;0;0;0;0;0;1;1;0;1;0;0;0.0
449000.0;62.5;4;0;2;10;1983;0;1;0;0;0;0;0;0;0;0;1;0;1;0;0;0;1;10.7
380660.0;183.0;3;1;4;4;1930;0;0;0;1;0;0;0;1;0;0;0;0;0;0;1;0;0;0.0
348670.0;58.16;2;1;4;4;1930;0;0;0;1;0;0;0;1;0;0;0;0;0;0;1;0;0;0.0
348670.0;54.38;3;1;4;4;1930;0;0;0;1;0;0;0;1;0;0;0;0;0;0;1;0;0;0.0
429900.0;91.69;2;0;0;3;2007;0;1;0;0;0;0;0;1;0;0;0;0;0;0;1;0;0;7.6
459464.0;41.8;1;1;3;7;2022;1;0;0;0;0;0;0;0;0;0;1;0;0;1;1;0;0;4.4
380660.0;54.3;2;1;4;4;1930;0;0;0;1;0;0;0;1;0;0;0;0;0;0;1;0;0;0.0
460000.0;63.0;3;0;0;8;1975;0;1;0;0;0;0;0;0;0;0;1;0;1;0;1;0;0;3.2
369000.0;38.91;2;1;4;4;1930;0;0;0;1;0;0;0;1;0;0;0;0;0;0;1;0;0;0.0
499560.0;88.3;3;1;5;5;2023;0;1;0;0;0;0;0;0;0;0;1;0;0;1;1;0;0;5.2
514000.0;51.0;3;0;3;3;2005;0;1;0;0;0;0;0;1;0;0;0;0;0;0;1;0;0;3.2
359000.0;118.92;2;0;2;4;1950;0;0;0;1;0;0;0;1;0;0;0;0;0;0;1;0;0;3.4
365000.0;78.0;1;0;1;3;2011;0;1;0;0;0;0;0;0;0;0;1;0;0;0;1;0;0;5.9
545000.0;35.74;3;0;8;9;1997;0;1;0;0;0;0;0;0;0;0;1;0;0;0;1;0;0;0.0
439000.0;31.43;2;0;2;4;1920;0;0;0;1;0;0;0;1;0;0;0;0;0;0;1;0;0;1.3
560000.0;38.9;4;0;1;2;1930;0;0;0;1;0;0;0;0;0;0;1;0;1;0;1;0;0;0.9
545000.01;42.42;3;0;3;4;1936;0;0;0;1;0;0;0;0;0;0;1;0;0;0;1;0;0;0.5
320000.0;38.9;2;1;2;10;2023;1;0;0;0;0;0;0;0;0;0;1;0;0;1;1;0;0;0.5
265000.0;66.0;2;0;3;4;1970;0;1;0;0;0;0;0;0;0;0;1;0;0;0;0;1;0;18.6
428000.0;160.0;2;0;4;4;2020;1;0;0;0;0;0;0;0;0;0;1;0;0;1;1;0;0;6.4
349000.0;124.24;2;0;6;10;1970;0;1;0;0;0;0;0;0;0;0;1;0;1;0;0;1;0;0.5
428000.0;67.35;2;0;4;4;2020;0;1;0;0;0;0;0;0;0;0;1;0;0;1;1;0;0;6.4
499000.0;63.0;3;0;2;2;2008;0;1;0;0;0;0;0;0;0;0;1;0;0;0;1;0;0;8.0
840000.0;99.95;4;0;1;2;2001;1;0;0;0;0;0;0;1;0;0;0;0;0;0;1;0;0;5.4
595000.0;87.5;3;0;4;4;1930;0;0;0;1;0;0;0;1;0;0;0;0;0;0;1;0;0;0.0
399000.0;63.3;3;0;2;3;1940;0;0;0;1;0;0;0;1;0;0;0;0;0;0;1;0;0;1.7
419000.0;91.69;3;0;4;4;1998;0;1;0;0;0;0;0;0;0;0;1;0;0;0;0;0;1;4.3
699000.0;69.0;5;0;0;4;1930;0;0;0;1;0;0;0;1;0;0;0;0;0;0;1;0;0;0.0
512000.0;94.3;3;0;1;3;1900;0;0;0;1;0;0;1;0;0;0;0;0;0;0;1;0;0;0.5
620000.0;60.8;4;0;2;2;2010;0;1;0;0;0;0;0;0;0;0;1;0;0;0;0;1;0;8.0
899000.0;37.82;4;0;0;2;2019;1;0;0;0;0;0;0;0;0;0;1;0;0;0;1;0;0;5.9
359000.0;84.91;3;0;1;4;1900;0;0;0;1;0;0;0;1;0;0;0;0;0;1;1;0;0;0.0
710000.0;62.53;4;0;3;4;2000;0;1;0;0;0;0;0;0;0;0;1;0;0;0;0;0;1;11.6
462080.0;45.0;3;1;0;3;2021;0;1;0;0;0;0;0;0;0;1;0;0;0;1;1;0;0;12.2
378200.0;130.0;2;1;2;4;2022;0;1;0;0;0;0;0;0;0;0;1;0;0;1;1;0;0;6.4
730226.0;74.1;2;1;0;4;2022;0;1;0;0;0;0;0;0;0;0;1;0;0;1;1;0;0;6.4
420000.0;52.97;2;0;0;3;2002;0;1;0;0;0;0;0;1;0;0;0;0;0;0;1;0;0;3.8
195000.0;62.53;3;0;4;4;1930;0;0;0;1;0;0;0;0;0;0;0;1;1;0;1;0;0;0.0
895000.0;39.6;4;0;1;2;1994;0;0;0;1;0;0;0;1;0;0;0;0;0;0;1;0;0;27.0
430000.0;39.65;3;0;0;3;2000;0;1;0;0;0;0;0;0;0;0;1;0;0;0;0;1;0;4.8
369000.0;34.68;3;0;1;4;1980;0;1;0;0;0;0;0;0;0;0;1;0;0;0;1;0;0;9.1
420000.0;54.12;2;0;0;3;2002;0;1;0;0;0;0;0;1;0;0;0;0;0;0;1;0;0;8.2
380160.0;47.55;2;1;3;5;2021;0;1;0;0;0;0;0;0;0;0;1;0;0;1;1;0;0;5.2
356850.0;100.3;2;1;0;5;2021;0;1;0;0;0;0;0;0;0;0;1;0;0;1;1;0;0;5.2
357000.0;47.64;2;0;3;3;2003;0;1;0;0;0;0;0;1;0;0;0;0;0;0;1;0;0;5.6
492492.0;62.24;3;1;2;5;2023;0;1;0;0;0;0;0;0;0;0;1;0;0;1;1;0;0;5.2
350000.0;45.07;2;0;4;11;1970;0;1;0;0;0;0;0;0;0;0;1;0;1;0;0;0;1;2.3
645000.0;36.03;3;0;0;4;1930;0;0;0;1;0;0;0;0;0;0;1;0;0;0;1;0;0;0.5
320000.0;115.58;2;0;1;3;1930;0;0;0;1;0;0;0;1;0;0;0;0;1;0;1;0;0;0.5
547712.0;53.0;3;1;1;4;2022;0;1;0;0;0;0;0;0;0;0;1;0;0;1;1;0;0;6.4
446193.0;80.23;2;1;3;4;2022;0;1;0;0;0;0;0;0;0;0;1;0;0;1;1;0;0;6.4
261217.5;79.66;2;1;0;2;2021;0;1;0;0;0;0;0;0;1;0;0;0;0;1;1;0;0;8.6
509000.0;64.0;3;0;4;4;1992;0;1;0;0;0;0;0;0;0;0;1;0;0;0;0;0;1;3.6
279900.0;46.0;3;0;4;4;1970;0;1;0;0;0;0;0;0;0;0;1;0;0;0;1;0;0;27.0
585599.0;107.55;4;1;0;1;2021;0;1;0;0;0;0;0;1;0;0;0;0;0;1;1;0;0;7.2
565746.0;118.58;4;1;1;1;2021;0;1;0;0;0;0;0;1;0;0;0;0;0;1;1;0;0;7.2
474000.0;75.34;3;0;3;10;1980;0;1;0;0;0;0;0;0;0;0;1;0;0;0;0;1;0;18.6
437000.0;47.96;2;0;3;3;2006;0;1;0;0;0;0;0;0;0;0;1;0;0;0;1;0;0;3.8
875000.0;67.95;4;0;5;5;2010;1;0;0;0;0;0;0;0;0;0;1;0;0;0;1;0;0;0.0
499000.0;54.3;3;0;4;4;1940;0;0;0;1;0;0;0;1;0;0;0;0;1;0;1;0;0;1.7
580118.0;39.65;4;1;1;2;2021;0;1;0;0;0;0;0;0;0;0;1;0;0;1;1;0;0;5.9
399000.0;59.1;2;0;3;4;1972;0;1;0;0;0;0;0;0;0;0;1;0;0;0;0;0;1;3.8
604755.0;39.65;4;1;1;5;2023;0;1;0;0;0;0;0;0;0;0;1;0;0;1;1;0;0;5.2
494130.0;67.95;3;1;1;5;2019;0;1;0;0;0;0;0;0;0;0;1;0;0;1;1;0;0;3.4
356850.0;59.34;2;1;0;5;2020;0;1;0;0;0;0;0;0;0;0;1;0;0;1;1;0;0;3.4
514170.0;62.9;3;1;0;5;2020;0;1;0;0;0;0;0;0;0;0;1;0;0;1;1;0;0;3.4
356850.0;40.48;2;1;0;5;2023;0;1;0;0;0;0;0;0;0;0;1;0;0;1;1;0;0;5.2
611550.0;81.3;4;1;3;5;2023;0;1;0;0;0;0;0;0;0;0;1;0;0;1;1;0;0;5.2
474720.0;61.12;3;1;2;2;2021;0;1;0;0;0;0;0;0;0;0;1;0;0;1;1;0;0;5.9
499000.0;32.0;3;0;0;5;1988;0;1;0;0;0;0;0;0;0;0;1;0;0;0;0;0;1;9.1
388608.0;105.0;2;1;4;5;2023;0;1;0;0;0;0;0;0;0;0;1;0;0;1;1;0;0;5.2
299000.0;74.49;3;0;3;3;2005;0;1;0;0;0;0;0;1;0;0;0;0;0;0;1;0;0;8.7
519520.0;67.76;3;1;1;4;2022;0;1;0;0;0;0;0;0;0;0;1;0;0;1;1;0;0;6.4
310000.0;59.94;1;0;0;4;2006;0;1;0;0;0;0;0;0;0;0;1;0;0;0;1;0;0;3.8
620000.0;85.0;4;0;1;4;1970;0;0;0;1;0;0;0;1;0;0;0;0;0;0;1;0;0;0.5
558675.0;66.0;4;1;1;1;2022;1;0;0;0;0;0;0;1;0;0;0;0;0;1;1;0;0;6.8
498036.0;68.34;4;1;0;1;2022;1;0;0;0;0;0;0;1;0;0;0;0;0;1;1;0;0;6.8
479520.0;62.0;3;1;0;1;2022;1;0;0;0;0;0;0;1;0;0;0;0;0;1;1;0;0;6.8
465000.0;48.0;5;0;2;2;2021;0;1;0;0;0;0;0;1;0;0;0;0;0;0;1;0;0;27.0
429000.0;15.76;3;0;1;3;2021;0;1;0;0;0;0;0;1;0;0;0;0;0;1;1;0;0;27.0
365000.0;94.5;4;0;0;4;1989;0;1;0;0;0;0;0;0;0;0;1;0;0;0;0;0;1;6.4
330000.0;74.49;3;0;1;2;1964;0;1;0;0;0;0;0;0;0;0;1;0;0;0;1;0;0;27.0
359000.0;36.6;2;0;1;2;1968;0;0;0;1;0;0;0;0;1;0;0;0;0;0;1;0;0;2.5
249000.0;71.2;1;0;1;3;1930;0;0;0;1;0;0;1;0;0;0;0;0;0;0;1;0;0;0.3
855000.0;47.64;4;0;3;3;2005;0;1;0;0;0;0;0;1;0;0;0;0;0;0;1;0;0;5.9
633165.0;55.0;4;1;1;2;2021;1;0;0;0;0;0;0;1;0;0;0;0;0;1;1;0;0;6.8
226000.0;74.49;2;1;1;1;2021;0;1;0;0;0;0;0;0;0;0;1;0;0;0;1;0;0;27.0
605200.0;59.94;4;1;1;1;2021;0;0;1;0;0;0;0;1;0;0;0;0;0;1;1;0;0;6.8
320000.0;133.67;2;0;1;3;1930;0;0;0;1;0;0;0;1;0;0;0;0;1;0;1;0;0;0.0
420000.0;90.0;2;0;0;4;2002;0;1;0;0;0;0;0;1;0;0;0;0;0;0;1;0;0;5.6
633165.0;38.0;3;1;1;1;2021;0;1;0;0;0;0;0;1;0;0;0;0;0;1;1;0;0;6.8
539460.0;44.0;3;1;0;1;2021;0;1;0;0;0;0;0;1;0;0;0;0;0;1;1;0;0;6.8
465000.0;42.62;3;0;3;4;1900;0;0;0;1;0;0;0;1;0;0;0;0;1;0;1;0;0;0.0
296400.0;35.67;2;1;4;4;1930;0;0;0;1;0;0;0;1;0;0;0;0;0;0;1;0;0;0.3
529000.0;107.46;2;1;3;5;2019;1;0;0;0;0;0;0;0;0;0;1;0;0;0;1;0;0;0.5
330000.0;68.73;3;0;4;4;1983;0;1;0;0;0;0;0;0;0;0;1;0;0;0;0;0;1;18.6
289000.0;86.15;2;1;4;4;1930;0;0;0;1;0;0;0;1;0;0;0;0;0;0;1;0;0;1.7
259000.0;62.53;2;1;4;4;1930;0;0;0;1;0;0;0;1;0;0;0;0;0;0;1;0;0;1.7
825000.0;83.34;5;0;3;4;2006;0;0;0;1;0;0;0;0;1;0;0;0;0;0;1;0;0;1.9
522348.0;57.48;3;0;1;1;2008;0;1;0;0;0;0;0;1;0;0;0;0;0;0;1;0;0;6.4
599000.0;84.0;4;0;2;4;1920;0;0;0;1;0;0;1;0;0;0;0;0;0;0;1;0;0;4.8
420000.0;77.61;2;0;0;3;2002;0;1;0;0;0;0;0;1;0;0;0;0;0;0;1;0;0;8.2
685000.0;69.1;3;0;2;3;2012;1;0;0;0;0;0;0;1;0;0;0;0;0;0;1;0;0;6.4
375000.0;110.0;3;0;0;2;1970;0;1;0;0;0;0;0;0;0;0;1;0;0;0;1;0;0;27.0
435000.0;68.73;3;0;3;3;1924;0;1;0;0;0;0;0;1;0;0;0;0;0;0;0;1;0;3.2
545000.0;84.0;3;0;3;4;1954;0;0;0;1;0;0;0;0;0;0;1;0;0;0;1;0;0;0.9
490610.0;54.8;3;1;0;1;2021;0;1;0;0;0;0;0;1;0;0;0;0;0;1;1;0;0;8.6
560000.0;67.0;3;0;3;4;1930;0;0;0;1;0;0;0;1;0;0;0;0;0;0;1;0;0;0.8
522348.0;47.65;3;0;1;1;2008;0;1;0;0;0;0;0;1;0;0;0;0;0;0;1;0;0;6.4
435000.0;49.11;3;0;3;3;1924;0;1;0;0;0;0;0;1;0;0;0;0;0;0;0;1;0;2.6
435000.0;87.0;3;0;3;3;1930;0;1;0;0;0;0;0;1;0;0;0;0;0;0;0;1;0;2.6
469000.0;35.0;1;0;4;4;1930;0;0;0;1;0;0;1;0;0;0;0;0;0;0;1;0;0;0.0
300195.0;73.1;2;1;1;1;2021;1;0;0;0;0;0;0;0;0;0;1;0;0;1;1;0;0;27.2
220000.0;60.08;2;0;1;3;1920;0;0;0;1;0;0;0;0;1;0;0;0;1;0;1;0;0;6.4
339000.0;46.6;4;0;0;1;1920;0;0;1;0;0;0;0;1;0;0;0;0;1;0;1;0;0;3.5
420000.0;56.69;2;0;2;4;2018;0;1;0;0;0;0;0;0;0;0;1;0;0;0;1;0;0;6.4
599000.0;105.11;3;0;3;3;1930;0;0;0;1;0;0;0;1;0;0;0;0;0;0;1;0;0;0.5
510680.0;120.0;3;1;5;5;1920;0;0;0;1;0;0;0;1;0;0;0;0;0;1;1;0;0;0.5
360000.0;98.17;2;1;4;5;1920;0;0;0;1;0;0;0;1;0;0;0;0;0;1;1;0;0;0.5
453520.0;54.96;2;1;4;5;1920;0;0;0;1;0;0;0;1;0;0;0;0;0;1;1;0;0;0.5
680000.0;71.78;4;0;4;4;1918;0;0;0;1;0;0;0;1;0;0;0;0;0;0;1;0;0;0.7
589000.0;121.07;4;0;4;4;1999;0;1;0;0;0;0;0;0;0;0;1;0;0;0;1;0;0;5.2
380000.0;79.73;3;0;3;4;1970;0;1;0;0;0;0;0;0;0;0;1;0;1;0;0;0;1;18.2
475000.0;78.0;2;0;5;5;1939;0;0;0;1;0;0;0;1;0;0;0;0;0;1;1;0;0;0.5
499000.0;82.5;3;0;1;3;1920;0;0;0;1;0;0;1;0;0;0;0;0;0;0;1;0;0;1.8
840000.0;132.4;3;0;1;1;2001;0;1;0;0;0;0;0;1;0;0;0;0;0;0;1;0;0;6.4
385000.0;61.69;3;0;0;4;1930;0;0;0;1;0;0;0;1;0;0;0;0;0;0;1;0;0;0.0
432900.0;39.2;3;0;3;3;1931;0;0;0;1;0;0;0;1;0;0;0;0;0;0;1;0;0;0.7
775000.0;89.2;3;0;1;4;1935;0;0;0;1;0;0;0;1;0;0;0;0;0;0;1;0;0;0.0
683000.0;33.0;9;0;2;3;1930;0;0;0;1;0;0;0;1;0;0;0;0;0;0;1;0;0;0.0
524365.0;64.19;3;0;1;2;2020;1;0;0;0;0;0;0;0;0;1;0;0;0;1;1;0;0;3.5
339000.0;40.5;2;1;4;4;1900;0;0;0;1;0;0;0;1;0;0;0;0;0;0;1;0;0;0.7
665000.0;65.0;3;0;3;3;2005;0;1;0;0;0;0;0;1;0;0;0;0;0;0;1;0;0;5.6
269000.0;66.78;2;1;4;4;1920;0;0;0;1;0;0;0;1;0;0;0;0;0;1;1;0;0;0.7
310000.0;45.53;3;0;3;4;1945;0;0;0;1;0;0;0;0;0;0;1;0;1;0;1;0;0;5.2
346680.0;165.0;2;1;0;10;2020;0;1;0;0;0;0;0;0;0;0;1;0;0;1;1;0;0;1.4
259000.0;87.7;3;0;0;2;1975;0;1;0;0;0;0;0;1;0;0;0;0;0;0;1;0;0;27.0
330000.0;36.0;2;0;2;4;1946;0;0;0;1;0;0;0;0;0;0;1;0;0;0;1;0;0;0.5
437088.0;46.05;2;1;0;4;2020;0;1;0;0;0;0;0;0;0;0;1;0;0;1;1;0;0;2.9
495000.0;93.33;4;0;0;1;1936;0;1;0;0;0;0;0;0;1;0;0;0;0;0;1;0;0;19.6
399000.0;82.33;2;0;2;4;1910;0;0;0;1;0;0;0;1;0;0;0;0;0;0;1;0;0;0.5
420000.0;183.0;1;0;2;3;2019;1;0;0;0;0;0;0;0;0;0;1;0;0;0;1;0;0;6.4
375000.0;68.16;2;0;4;4;1930;0;0;0;1;0;0;0;1;0;0;0;0;0;0;1;0;0;0.0
746692.8;82.46;3;1;8;26;2021;1;0;0;0;0;0;0;0;0;0;1;0;0;1;1;0;0;1.1
840000.0;87.9;4;0;1;2;2001;0;1;0;0;0;0;0;1;0;0;0;0;0;0;1;0;0;6.4
179000.0;20.0;2;0;0;1;1935;0;0;0;1;0;0;0;0;0;1;0;0;0;0;0;0;1;9.9
549000.0;67.99;3;0;5;5;1990;0;1;0;0;0;0;0;0;0;0;1;0;0;0;0;0;1;3.4
520000.0;49.21;4;1;1;2;2020;0;0;1;0;0;0;0;1;0;0;0;0;0;1;1;0;0;9.9
189000.0;65.11;1;0;1;7;2001;0;1;0;0;0;0;0;0;0;0;1;0;0;0;0;0;1;0.5
455533.0;80.17;3;1;3;3;2020;0;1;0;0;0;0;0;0;0;1;0;0;0;1;1;0;0;12.2
348000.0;87.7;2;1;3;3;1930;0;0;0;1;0;0;0;1;0;0;0;0;0;0;1;0;0;0.0
566457.0;71.0;3;1;2;3;2020;0;1;0;0;0;0;0;0;0;0;1;0;0;1;1;0;0;2.9
637000.0;68.35;4;1;2;2;2019;0;1;0;0;0;0;0;0;0;0;1;0;0;1;1;0;0;5.2
455000.0;93.3;2;0;2;3;1939;0;0;0;1;0;0;0;1;0;0;0;0;0;0;1;0;0;0.0
410000.0;78.32;4;0;4;4;1980;0;1;0;0;0;0;0;0;0;0;1;0;0;0;0;0;1;18.6
499000.0;125.0;4;0;2;2;2019;0;1;0;0;0;0;0;0;0;0;1;0;0;1;1;0;0;5.9
657000.0;107.0;3;0;0;4;1939;0;0;0;1;0;0;0;1;0;0;0;0;0;0;1;0;0;0.0
420000.0;148.3;5;0;4;4;1984;0;1;0;0;0;0;0;0;0;0;1;0;0;0;0;0;1;1.7
499000.0;106.81;2;0;2;2;2009;0;0;0;1;0;0;0;1;0;0;0;0;0;0;1;0;0;0.7
603064.0;130.0;4;1;0;3;2022;0;1;0;0;0;0;0;0;0;0;1;0;0;1;1;0;0;6.7
899000.0;;4;0;1;1;1999;0;0;1;0;0;0;0;1;0;0;0;0;0;0;1;0;0;6.4
670000.0;;7;0;4;4;1888;0;0;0;1;0;0;0;1;0;0;0;0;0;0;1;0;0;0.4
664500.0;;4;0;1;4;1938;0;0;0;1;0;0;0;1;0;0;0;0;0;0;1;0;0;0.9
845000.0;;4;0;2;3;1938;0;0;0;1;0;0;0;1;0;0;0;0;0;0;1;0;0;0.0
350000.0;;2;0;2;11;1975;0;1;0;0;0;0;0;0;0;0;1;0;0;0;0;1;0;3.0
