Cena;Powierzchnia;Liczba pokoi;Rynek;Piętro;Liczba pięter;Rok budowy;Rodzaj zabudowy_apartamentowiec;Rodzaj zabudowy_blok;Rodzaj zabudowy_dom wolnostojący;Rodzaj zabudowy_kamienica;Rodzaj zabudowy_loft;Rodzaj zabudowy_plomba;Rodzaj zabudowy_szeregowiec;Ogrzewanie_elektryczne;Ogrzewanie_gazowe;Ogrzewanie_inne;Ogrzewanie_kotłownia;Ogrzewanie_miejskie;Stan wykończenia_do remontu;Stan wykończenia_do wykończenia;Forma własności_pełna własność;Forma własności_spółdzielcze wł z KW;Forma własności_spółdzielcze własnościowe;Forma własności_udział;API_Google_Distance
440000.0;56.0;3;0;4;4.0;1969.0;0;1;0;0;0;0;0;0;0;0;0;1;0;0;1;0;0;0;9.3
395000.0;50.8;2;0;4;4.0;1960.0;0;1;0;0;0;0;0;0;0;0;0;1;1;0;0;1;0;0;10.1
392000.0;48.0;2;0;2;11.0;1979.0;0;1;0;0;0;0;0;0;0;0;0;1;0;0;0;1;0;0;8.8
1200000.0;114.0;4;0;3;5.0;1960.0;0;0;0;1;0;0;0;0;0;1;0;0;0;0;1;0;0;0;1.4
590000.0;76.1;2;0;1;1.0;2014.0;0;1;0;0;0;0;0;0;0;0;0;1;0;0;1;0;0;0;12.0
442485.0;50.14;2;1;2;4.0;2021.0;0;1;0;0;0;0;0;0;0;0;1;0;0;1;1;0;0;0;5.8
515000.0;52.59;2;0;0;4.0;1980.0;0;1;0;0;0;0;0;0;0;0;0;1;0;0;1;0;0;0;50.0
370000.0;43.06;2;0;3;10.0;1966.0;0;1;0;0;0;0;0;0;0;0;0;1;1;0;1;0;0;0;5.8
600000.0;59.5;2;0;3;4.0;2017.0;0;1;0;0;0;0;0;0;0;0;0;1;0;0;1;0;0;0;6.3
486600.0;52.77;3;1;0;1.0;2021.0;0;0;0;0;0;0;1;0;1;0;0;0;0;0;1;0;0;0;12.1
520000.0;57.61;3;1;1;4.0;2018.0;0;1;0;0;0;0;0;0;0;0;0;1;0;1;1;0;0;0;6.3
900000.0;62.0;2;0;5;7.0;2012.0;1;0;0;0;0;0;0;0;0;0;0;1;0;0;1;0;0;0;5.8
320000.0;33.34;2;0;2;4.0;1956.0;0;0;0;1;0;0;0;0;1;0;0;0;0;0;1;0;0;0;15.3
760000.0;80.55;3;0;3;4.0;2015.0;0;1;0;0;0;0;0;0;0;1;0;0;0;0;1;0;0;0;8.1
550000.0;72.52;5;0;2;5.0;1920.0;0;0;0;1;0;0;0;1;0;0;0;0;0;0;1;0;0;0;15.3
339000.0;37.0;2;1;0;2.0;2021.0;0;1;0;0;0;0;0;0;1;0;0;0;0;0;1;0;0;0;13.3
699000.0;61.0;3;1;1;4.0;2021.0;1;0;0;0;0;0;0;0;0;0;0;1;0;1;1;0;0;0;4.9
433000.0;34.0;1;1;1;4.0;2021.0;1;0;0;0;0;0;0;0;0;0;0;1;0;1;1;0;0;0;4.9
979000.0;60.0;3;1;4;4.0;2020.0;1;0;0;0;0;0;0;0;0;0;0;1;0;1;1;0;0;0;50.0
524000.0;41.0;2;1;1;4.0;2020.0;1;0;0;0;0;0;0;0;0;0;0;1;0;1;1;0;0;0;4.9
499000.0;25.0;1;1;3;4.0;2020.0;1;0;0;0;0;0;0;0;0;0;0;1;0;1;1;0;0;0;50.0
379900.0;36.73;2;0;1;5.0;1890.0;0;0;0;1;0;0;0;1;0;0;0;0;0;0;1;0;0;0;4.9
320000.0;33.34;2;0;2;4.0;1956.0;0;0;0;1;0;0;0;0;1;0;0;0;0;0;1;0;0;0;2.9
454500.0;50.5;2;0;0;4.0;1970.0;0;1;0;0;0;0;0;0;0;0;0;1;0;0;1;0;0;0;50.0
375000.0;45.66;2;0;3;3.0;1930.0;0;0;0;1;0;0;0;1;0;0;0;0;0;0;1;0;0;0;7.3
419900.0;56.64;3;0;1;2.0;2015.0;0;0;1;0;0;0;0;0;0;1;0;0;0;0;1;0;0;0;13.3
425000.0;50.7;2;0;3;4.0;1963.0;0;1;0;0;0;0;0;0;0;0;0;1;0;0;1;0;0;0;5.8
299000.0;36.0;1;0;0;2.0;2010.0;0;1;0;0;0;0;0;0;0;0;0;1;0;0;1;0;0;0;10.4
595000.0;56.83;2;0;1;3.0;2011.0;0;1;0;0;0;0;0;0;1;0;0;0;0;0;1;0;0;0;13.9
499000.0;66.09;3;0;1;3.0;2016.0;0;1;0;0;0;0;0;0;1;0;0;0;0;0;1;0;0;0;11.5
459999.0;39.05;2;0;4;4.0;1980.0;0;1;0;0;0;0;0;0;0;0;0;1;0;0;1;0;0;0;1.4
750000.0;67.4;5;0;4;5.0;1902.0;0;0;0;1;0;0;0;0;1;0;0;0;0;0;1;0;0;0;2.1
420400.0;61.38;3;1;1;2.0;2022.0;0;1;0;0;0;0;0;0;0;1;0;0;0;1;1;0;0;0;11.0
883500.0;67.0;4;1;2;7.0;2023.0;0;1;0;0;0;0;0;0;0;0;0;1;0;1;1;0;0;0;4.9
389000.0;49.93;3;1;1;4.0;2022.0;0;1;0;0;0;0;0;0;0;0;0;1;0;1;1;0;0;0;11.4
535000.0;56.43;2;0;0;4.0;2010.0;0;1;0;0;0;0;0;0;0;0;0;1;0;0;1;0;0;0;5.8
409000.0;54.0;3;0;3;4.0;1980.0;0;1;0;0;0;0;0;0;0;0;0;1;0;0;0;0;1;0;8.8
560000.0;40.0;2;1;5;6.0;2020.0;1;0;0;0;0;0;0;0;0;0;0;1;0;0;1;0;0;0;1.4
875000.0;92.0;4;1;0;3.0;2021.0;1;0;0;0;0;0;0;0;0;0;0;1;0;1;1;0;0;0;7.0
733000.0;81.3;3;1;0;3.0;2021.0;1;0;0;0;0;0;0;0;0;0;0;1;0;1;1;0;0;0;7.0
373000.0;35.0;2;1;0;2.0;2022.0;0;1;0;0;0;0;0;0;0;0;0;1;0;1;1;0;0;0;7.2
724000.0;79.16;4;1;2;2.0;2022.0;0;1;0;0;0;0;0;0;0;0;0;1;0;1;1;0;0;0;7.2
549000.0;62.89;3;1;1;2.0;2022.0;0;1;0;0;0;0;0;0;0;0;0;1;0;1;1;0;0;0;7.2
480000.0;50.0;3;1;2;2.0;2022.0;0;1;0;0;0;0;0;0;0;0;0;1;0;1;1;0;0;0;7.2
381000.0;40.42;2;1;1;2.0;2022.0;0;1;0;0;0;0;0;0;0;0;0;1;0;1;1;0;0;0;7.2
950000.0;119.0;4;0;2;4.0;2008.0;0;1;0;0;0;0;0;0;0;0;0;1;0;0;1;0;0;0;5.8
512000.0;61.4;2;0;4;5.0;2001.0;0;1;0;0;0;0;0;0;0;0;0;1;0;0;0;0;1;0;5.8
801000.0;59.0;3;0;0;2.0;2021.0;0;1;0;0;0;0;0;0;0;0;0;1;0;0;1;0;0;0;1.4
354990.0;34.58;2;0;3;10.0;1980.0;0;1;0;0;0;0;0;0;0;0;0;1;0;0;1;0;0;0;5.8
599000.0;63.82;3;0;4;4.0;2012.0;0;1;0;0;0;0;0;0;0;1;0;0;0;0;1;0;0;0;6.8
189000.0;22.6;1;0;4;10.0;1985.0;0;1;0;0;0;0;0;0;0;1;0;0;1;0;1;0;0;0;11.4
849999.0;64.4;3;0;5;5.0;2020.0;0;1;0;0;0;0;0;0;0;0;0;1;0;0;1;0;0;0;1.4
459000.0;71.0;3;0;2;2.0;2018.0;0;1;0;0;0;0;0;0;1;0;0;0;0;0;1;0;0;0;13.7
455000.0;50.0;2;0;1;7.0;2000.0;0;1;0;0;0;0;0;0;0;0;0;1;0;0;1;0;0;0;4.9
425000.0;50.0;2;0;2;7.0;1988.0;0;1;0;0;0;0;0;0;0;0;0;1;0;0;0;0;1;0;4.9
499000.0;69.0;3;0;2;2.0;2014.0;0;1;0;0;0;0;0;0;1;0;0;0;0;0;1;0;0;0;1.4
389000.0;50.0;2;0;2;3.0;2012.0;0;1;0;0;0;0;0;0;0;0;0;1;0;0;1;0;0;0;12.7
679990.0;94.7;4;0;1;4.0;1910.0;0;0;0;1;0;0;0;1;0;0;0;0;0;0;1;0;0;0;1.4
649000.0;76.9;3;1;1;1.0;2021.0;0;1;0;0;0;0;0;0;1;0;0;0;0;1;1;0;0;0;1.4
899000.0;79.0;3;0;2;2.0;2011.0;0;1;0;0;0;0;0;0;1;0;0;0;0;0;1;0;0;0;1.4
479997.0;48.8;3;0;0;10.0;1982.0;0;1;0;0;0;0;0;0;0;0;0;1;0;0;1;0;0;0;1.4
335000.0;44.3;1;0;2;8.0;2000.0;0;1;0;0;0;0;0;0;0;0;0;1;0;0;1;0;0;0;9.9
850000.0;64.4;3;0;5;5.0;2020.0;0;1;0;0;0;0;0;0;0;0;0;1;0;0;1;0;0;0;9.2
499900.0;52.8;2;0;3;3.0;2011.0;0;1;0;0;0;0;0;0;0;0;0;1;0;0;1;0;0;0;1.4
420000.0;47.0;3;0;3;11.0;1970.0;0;1;0;0;0;0;0;0;0;0;0;1;0;0;0;1;0;0;8.6
584000.0;59.0;2;0;1;6.0;2012.0;0;1;0;0;0;0;0;0;0;0;0;1;0;0;1;0;0;0;5.8
485000.0;53.76;2;1;1;4.0;2018.0;0;1;0;0;0;0;0;0;0;0;0;1;0;1;1;0;0;0;6.3
299000.0;27.0;1;0;2;10.0;1980.0;0;1;0;0;0;0;0;0;0;0;0;1;0;0;1;0;0;0;50.0
455000.0;55.2;3;0;7;10.0;1970.0;0;1;0;0;0;0;0;0;0;0;0;1;1;0;0;0;1;0;5.8
369999.0;52.56;3;1;0;1.0;2021.0;1;0;0;0;0;0;0;0;1;0;0;0;0;1;1;0;0;0;9.2
999999.0;72.4;3;0;4;4.0;1995.0;0;0;0;0;0;1;0;0;0;0;0;1;0;0;0;0;1;0;2.0
425000.0;50.0;2;0;2;7.0;1988.0;0;1;0;0;0;0;0;0;0;0;0;1;0;1;0;0;1;0;4.9
646000.0;64.7;3;0;1;10.0;1990.0;0;1;0;0;0;0;0;0;0;0;0;1;0;0;1;0;0;0;1.4
545000.0;40.25;2;0;1;3.0;1842.0;0;0;0;1;0;0;0;0;1;0;0;0;0;0;1;0;0;0;2.0
280000.0;35.28;2;0;1;4.0;2019.0;0;1;0;0;0;0;0;0;0;0;0;1;0;0;1;0;0;0;11.3
375000.0;45.37;2;0;1;8.0;2001.0;0;1;0;0;0;0;0;0;0;0;1;0;0;0;1;0;0;0;9.2
404200.0;58.16;3;1;2;2.0;2022.0;0;1;0;0;0;0;0;0;0;1;0;0;0;1;1;0;0;0;11.0
649999.0;77.28;4;1;0;4.0;2021.0;0;1;0;0;0;0;0;0;0;0;0;1;0;1;1;0;0;0;9.2
440775.0;39.18;4;1;3;4.0;2021.0;1;0;0;0;0;0;0;0;0;0;0;1;1;0;1;0;0;0;1.4
335000.0;51.0;2;0;3;4.0;1980.0;0;1;0;0;0;0;0;0;0;0;0;1;1;0;1;0;0;0;10.1
439110.0;40.01;4;1;1;4.0;2021.0;1;0;0;0;0;0;0;0;0;0;0;1;1;0;1;0;0;0;1.4
549900.0;65.9;3;0;0;3.0;2000.0;0;1;0;0;0;0;0;0;1;0;0;0;0;0;1;0;0;0;1.4
548900.0;47.9;2;0;1;4.0;1989.0;0;1;0;0;0;0;0;0;0;0;0;1;0;0;1;0;0;0;1.4
459000.0;67.7;2;0;3;4.0;1940.0;0;0;0;1;0;0;0;0;1;0;0;0;0;0;1;0;0;0;5.7
278000.0;20.0;1;1;1;2.0;2018.0;1;0;0;0;0;0;0;0;0;0;0;1;0;0;1;0;0;0;4.9
429000.0;60.0;3;0;7;10.0;1990.0;0;1;0;0;0;0;0;0;0;0;0;1;0;0;1;0;0;0;8.6
534900.0;57.5;3;0;4;4.0;1980.0;0;1;0;0;0;0;0;0;0;0;0;1;0;0;0;1;0;0;50.0
569000.0;83.97;4;0;2;3.0;2012.0;1;0;0;0;0;0;0;0;1;0;0;0;0;0;1;0;0;0;12.6
1199000.0;92.0;4;0;2;2.0;2016.0;0;1;0;0;0;0;0;0;0;0;1;0;0;0;1;0;0;0;8.6
600000.0;54.91;2;0;0;4.0;2016.0;0;1;0;0;0;0;0;0;0;0;1;0;0;0;1;0;0;0;13.9
540000.0;98.45;4;0;2;2.0;2009.0;0;1;0;0;0;0;0;0;0;0;1;0;0;0;1;0;0;0;13.3
339000.0;52.89;2;1;0;1.0;2021.0;0;0;0;0;0;0;1;0;1;0;0;0;0;1;0;0;0;1;14.9
629000.0;72.82;4;0;4;8.0;2006.0;0;1;0;0;0;0;0;0;0;0;1;0;0;0;1;0;0;0;9.9
339000.0;36.0;2;0;7;10.0;1980.0;0;1;0;0;0;0;0;0;0;0;0;1;0;0;0;1;0;0;9.7
640000.0;52.49;3;0;6;7.0;2021.0;1;0;0;0;0;0;0;0;0;0;0;1;0;1;1;0;0;0;3.1
499000.0;63.0;4;0;4;4.0;1979.0;0;1;0;0;0;0;0;0;0;0;0;1;0;0;0;1;0;0;8.8
1065000.0;50.63;2;0;3;4.0;1955.0;0;0;0;1;0;0;0;0;0;0;0;1;0;0;1;0;0;0;1.4
409000.0;44.65;2;0;3;4.0;2013.0;0;1;0;0;0;0;0;0;0;0;0;1;0;0;1;0;0;0;5.8
1199000.0;160.0;4;0;3;3.0;1900.0;1;0;0;0;0;0;0;0;0;0;0;1;0;0;1;0;0;0;5.6
494000.0;46.31;1;1;3;6.0;2022.0;1;0;0;0;0;0;0;0;0;0;0;1;0;1;1;0;0;0;50.0
939000.0;98.0;4;1;0;6.0;2022.0;1;0;0;0;0;0;0;0;0;0;0;1;0;1;1;0;0;0;50.0
988999.0;100.85;4;1;1;6.0;2022.0;1;0;0;0;0;0;0;0;0;0;0;1;0;1;1;0;0;0;50.0
179000.0;27.08;1;0;1;2.0;2021.0;0;0;0;1;0;0;0;0;1;0;0;0;0;1;1;0;0;0;1.4
722781.0;88.72;4;1;0;4.0;2022.0;1;0;0;0;0;0;0;0;0;0;0;1;0;1;1;0;0;0;11.4
630980.0;77.22;4;1;3;4.0;2022.0;1;0;0;0;0;0;0;0;0;0;0;1;0;1;1;0;0;0;11.4
492770.0;58.38;3;1;0;4.0;2022.0;1;0;0;0;0;0;0;0;0;0;0;1;0;1;1;0;0;0;11.4
498380.0;63.87;3;1;3;4.0;2022.0;1;0;0;0;0;0;0;0;0;0;0;1;0;1;1;0;0;0;11.4
426420.0;51.69;3;1;1;4.0;2022.0;1;0;0;0;0;0;0;0;0;0;0;1;0;1;1;0;0;0;11.4
384130.0;40.23;2;1;4;4.0;2022.0;1;0;0;0;0;0;0;0;0;0;0;1;0;1;1;0;0;0;11.4
418950.0;49.03;2;1;2;4.0;2022.0;1;0;0;0;0;0;0;0;0;0;0;1;0;1;1;0;0;0;11.4
450000.0;57.76;3;0;1;2.0;2014.0;0;1;0;0;0;0;0;0;1;0;0;0;0;0;1;0;0;0;14.4
669000.0;67.0;3;0;3;3.0;2009.0;1;0;0;0;0;0;0;0;0;0;1;0;0;0;1;0;0;0;7.7
950000.0;89.0;3;0;1;2.0;2009.0;0;1;0;0;0;0;0;0;1;0;0;0;0;0;1;0;0;0;7.0
660000.0;83.0;4;0;3;4.0;2000.0;0;1;0;0;0;0;0;0;0;0;0;1;0;0;1;0;0;0;5.8
449000.0;57.0;2;0;4;4.0;1930.0;0;0;0;1;0;0;0;0;1;0;0;0;0;0;1;0;0;0;1.1
660000.0;63.0;3;0;1;2.0;2013.0;1;0;0;0;0;0;0;0;0;0;0;1;0;0;1;0;0;0;7.2
497640.0;63.8;3;1;1;3.0;2022.0;0;1;0;0;0;0;0;0;1;0;0;0;0;1;1;0;0;0;8.6
504020.0;63.8;3;1;0;3.0;2022.0;0;1;0;0;0;0;0;0;1;0;0;0;0;1;1;0;0;0;8.6
439691.0;54.35;3;1;2;4.0;2021.0;0;1;0;0;0;0;0;0;1;0;0;0;0;1;1;0;0;0;8.6
550001.0;52.3;2;0;3;4.0;1980.0;0;1;0;0;0;0;0;0;1;0;0;0;1;0;1;0;0;0;50.0
392301.0;47.9;2;1;1;4.0;2021.0;0;1;0;0;0;0;0;0;1;0;0;0;0;1;1;0;0;0;8.6
478150.0;67.44;3;1;3;4.0;2021.0;0;1;0;0;0;0;0;0;1;0;0;0;0;1;1;0;0;0;8.6
292500.0;32.4;2;0;10;10.0;1980.0;0;1;0;0;0;0;0;0;0;0;0;1;0;1;1;0;0;0;9.9
459000.0;44.0;2;1;1;9.0;2022.0;1;0;0;0;0;0;0;0;0;0;0;1;0;1;1;0;0;0;50.0
414000.0;38.0;2;1;1;9.0;2022.0;1;0;0;0;0;0;0;0;0;0;0;1;0;1;1;0;0;0;50.0
634000.0;54.0;3;1;6;8.0;2022.0;1;0;0;0;0;0;0;0;0;0;0;1;0;1;1;0;0;0;50.0
799000.0;80.0;4;1;7;8.0;2022.0;1;0;0;0;0;0;0;0;0;0;0;1;0;1;1;0;0;0;50.0
1039000.0;87.5;4;1;7;8.0;2022.0;1;0;0;0;0;0;0;0;0;0;0;1;0;1;1;0;0;0;50.0
679000.0;71.0;3;1;3;4.0;2021.0;1;0;0;0;0;0;0;0;0;0;0;1;0;1;1;0;0;0;5.8
495000.0;54.5;3;0;1;2.0;1930.0;0;0;0;1;0;0;0;0;1;0;0;0;0;0;1;0;0;0;5.8
588000.0;52.0;2;0;1;4.0;2010.0;1;0;0;0;0;0;0;0;0;0;0;1;0;0;1;0;0;0;50.0
615000.0;69.81;4;0;1;4.0;1910.0;0;0;0;1;0;0;0;0;0;0;0;1;0;0;1;0;0;0;3.2
815000.0;95.7;4;0;3;3.0;2001.0;0;1;0;0;0;0;0;0;0;1;0;0;0;0;1;0;0;0;6.6
499000.0;65.0;4;0;3;4.0;1970.0;0;1;0;0;0;0;0;0;0;0;0;1;0;0;1;0;0;0;50.0
589999.0;44.75;2;0;2;4.0;2018.0;1;0;0;0;0;0;0;0;0;0;0;1;0;0;1;0;0;0;1.4
950000.0;119.0;4;0;2;3.0;2008.0;0;1;0;0;0;0;0;0;0;0;0;1;0;0;1;0;0;0;5.6
699000.0;62.25;3;0;0;2.0;2012.0;0;1;0;0;0;0;0;0;0;0;0;1;0;0;1;0;0;0;6.6
629000.0;72.82;4;0;4;8.0;2006.0;1;0;0;0;0;0;0;0;0;0;0;1;0;0;1;0;0;0;10.0
429900.0;42.01;2;0;10;11.0;1974.0;0;1;0;0;0;0;0;0;0;0;0;1;0;0;0;1;0;0;5.7
415000.0;38.0;2;0;1;3.0;2017.0;0;1;0;0;0;0;0;0;0;0;0;1;0;0;1;0;0;0;7.0
889990.0;81.4;3;0;3;3.0;2016.0;0;1;0;0;0;0;0;0;0;0;0;1;0;0;1;0;0;0;7.0
949990.0;119.0;4;0;2;3.0;2007.0;0;1;0;0;0;0;0;0;0;0;0;1;0;0;1;0;0;0;5.8
749990.0;62.0;3;0;1;6.0;2012.0;1;0;0;0;0;0;0;0;0;0;0;1;0;0;1;0;0;0;5.8
450000.0;57.76;3;0;1;2.0;2014.0;1;0;0;0;0;0;0;0;1;0;0;0;0;0;1;0;0;0;13.3
550000.0;72.52;5;0;2;5.0;1920.0;0;0;0;1;0;0;0;1;0;0;0;0;1;0;1;0;0;0;3.0
495000.0;53.0;2;0;1;5.0;2011.0;1;0;0;0;0;0;0;0;1;0;0;0;0;0;1;0;0;0;7.3
564000.0;45.7;3;0;1;4.0;1970.0;0;1;0;0;0;0;0;0;0;0;0;1;1;0;1;0;0;0;0.4
895000.0;86.0;3;0;1;1.0;1939.0;0;0;0;1;0;0;0;0;0;1;0;0;0;0;1;0;0;0;50.0
738999.0;90.12;5;1;0;4.0;2022.0;1;0;0;0;0;0;0;0;0;0;0;1;0;1;1;0;0;0;11.4
535507.0;47.39;2;1;4;4.0;2021.0;1;0;0;0;0;0;0;0;0;0;0;1;0;1;1;0;0;0;5.8
539580.0;64.86;4;1;4;4.0;2022.0;1;0;0;0;0;0;0;0;0;0;0;1;0;1;1;0;0;0;11.4
733000.0;82.0;3;1;3;3.0;2021.0;1;0;0;0;0;0;0;0;0;0;0;1;0;1;1;0;0;0;7.0
930000.0;102.0;4;1;3;3.0;2021.0;1;0;0;0;0;0;0;0;0;0;0;1;0;1;1;0;0;0;7.0
481900.0;47.0;2;1;2;4.0;2022.0;1;0;0;0;0;0;0;0;0;0;0;1;0;1;1;0;0;0;5.8
649900.0;77.3;4;1;0;4.0;2021.0;1;0;0;0;0;0;0;0;0;0;0;1;0;1;1;0;0;0;11.4
949000.0;102.0;1;1;5;5.0;2020.0;1;0;0;0;0;0;0;0;0;0;0;1;0;1;1;0;0;0;4.9
499000.0;60.0;3;1;1;4.0;2021.0;1;0;0;0;0;0;0;0;0;0;0;1;0;1;1;0;0;0;5.8
651000.0;62.0;3;1;4;4.0;2022.0;1;0;0;0;0;0;0;0;0;0;0;1;0;1;1;0;0;0;5.8
531000.0;53.1;2;1;0;4.0;2022.0;1;0;0;0;0;0;0;0;0;0;0;1;0;1;1;0;0;0;5.8
705000.0;71.5;3;1;1;6.0;2021.0;1;0;0;0;0;0;0;0;0;0;0;1;0;1;1;0;0;0;15.3
999900.0;111.0;3;1;1;3.0;2021.0;1;0;0;0;0;0;0;0;0;0;0;1;0;1;1;0;0;0;7.0
499990.0;68.2;4;0;0;4.0;1978.0;0;1;0;0;0;0;0;0;0;0;0;1;0;0;0;1;0;0;50.0
630980.0;77.22;4;1;0;4.0;2022.0;0;1;0;0;0;0;0;0;0;0;0;1;0;1;1;0;0;0;11.4
630980.0;77.22;4;1;0;4.0;2022.0;0;1;0;0;0;0;0;0;0;0;0;1;0;1;1;0;0;0;11.4
599900.0;49.0;3;0;0;3.0;2018.0;1;0;0;0;0;0;0;0;0;0;0;1;0;0;1;0;0;0;7.0
566000.0;67.4;3;0;2;3.0;2000.0;0;1;0;0;0;0;0;0;0;0;0;1;0;0;1;0;0;0;7.0
431570.0;51.69;3;1;0;4.0;2022.0;0;1;0;0;0;0;0;0;0;0;0;1;0;1;1;0;0;0;9.2
299000.0;35.02;1;1;1;4.0;2022.0;0;1;0;0;0;0;0;0;0;0;0;1;0;1;1;0;0;0;9.2
629999.0;78.8;3;0;3;3.0;2011.0;1;0;0;0;0;0;0;0;0;0;0;1;0;0;1;0;0;0;12.7
1149000.0;50.61;2;1;3;7.0;2021.0;1;0;0;0;0;0;0;0;0;0;0;1;0;1;1;0;0;0;2.8
569780.0;69.63;4;1;4;4.0;2022.0;0;1;0;0;0;0;0;0;0;0;1;0;0;1;1;0;0;0;11.7
412900.0;40.42;2;1;1;2.0;2022.0;0;1;0;0;0;0;0;0;0;0;1;0;0;1;1;0;0;0;7.2
435001.0;48.01;3;0;1;8.0;1970.0;0;1;0;0;0;0;0;0;0;0;0;1;0;0;0;0;1;0;5.8
469000.0;62.4;3;0;3;4.0;1983.0;0;1;0;0;0;0;0;0;0;0;0;1;0;0;0;0;1;0;10.4
449000.0;49.6;3;0;4;10.0;1978.0;0;1;0;0;0;0;0;0;0;0;0;1;0;0;1;0;0;0;5.8
499902.0;59.16;3;1;1;4.0;2021.0;0;1;0;0;0;0;0;0;0;0;0;1;0;1;1;0;0;0;9.2
629000.0;60.0;3;0;3;4.0;1975.0;0;1;0;0;0;0;0;0;0;0;0;1;0;0;1;0;0;0;50.0
420453.0;61.38;3;1;1;2.0;2022.0;0;1;0;0;0;0;0;0;0;1;0;0;0;1;1;0;0;0;11.0
599000.0;56.0;2;0;3;6.0;2010.0;1;0;0;0;0;0;0;0;0;0;0;1;0;0;1;0;0;0;7.0
560000.0;46.96;2;0;5;7.0;2017.0;1;0;0;0;0;0;0;0;0;0;0;1;0;0;1;0;0;0;5.8
552900.0;55.48;3;1;1;2.0;2022.0;0;1;0;0;0;0;0;0;0;0;0;1;0;1;1;0;0;0;7.2
521900.0;47.05;2;1;2;2.0;2022.0;0;1;0;0;0;0;0;0;0;0;0;1;0;1;1;0;0;0;7.2
589500.0;62.8;3;1;1;2.0;2022.0;0;1;0;0;0;0;0;0;0;0;0;1;0;1;1;0;0;0;7.2
309700.0;67.72;3;1;2;2.0;2023.0;0;0;0;0;0;0;1;0;1;0;0;0;0;1;1;0;0;0;14.6
891870.0;65.1;4;1;3;7.0;2023.0;1;0;0;0;0;0;0;0;0;0;0;1;0;1;1;0;0;0;1.4
622480.0;50.2;3;1;2;7.0;2023.0;1;0;0;0;0;0;0;0;0;0;0;1;0;1;1;0;0;0;1.4
510000.0;38.2;2;1;2;7.0;2023.0;1;0;0;0;0;0;0;0;0;0;0;1;0;1;1;0;0;0;1.4
420000.0;29.1;1;1;2;7.0;2023.0;1;0;0;0;0;0;0;0;0;0;0;1;0;1;1;0;0;0;1.4
397000.0;25.69;1;0;3;6.0;2021.0;1;0;0;0;0;0;0;1;0;0;0;0;0;0;1;0;0;0;3.2
589500.0;62.8;3;1;1;2.0;2022.0;0;1;0;0;0;0;0;0;0;0;1;0;0;1;1;0;0;0;7.2
760000.0;76.8;4;0;3;3.0;2010.0;0;1;0;0;0;0;0;0;0;0;0;1;0;0;1;0;0;0;5.8
399500.0;43.6;2;1;0;1.0;2021.0;0;0;0;0;0;0;1;0;1;0;0;0;0;0;1;0;0;0;12.1
430100.0;43.39;2;1;0;1.0;2021.0;0;0;0;0;0;0;1;0;1;0;0;0;0;0;1;0;0;0;12.1
749000.0;65.0;3;0;4;7.0;2013.0;1;0;0;0;0;0;0;0;0;0;0;1;0;0;1;0;0;0;5.8
550000.0;52.0;3;0;2;2.0;2016.0;0;1;0;0;0;0;0;0;1;0;0;0;0;0;1;0;0;0;9.2
397000.0;25.69;1;1;3;6.0;2021.0;1;0;0;0;0;0;0;0;0;0;0;1;0;0;1;0;0;0;15.3
619000.0;54.0;3;0;10;12.0;2016.0;1;0;0;0;0;0;0;0;0;0;0;1;0;0;1;0;0;0;8.6
898001.0;108.0;4;0;3;3.0;2005.0;0;1;0;0;0;0;0;0;0;0;0;1;0;0;1;0;0;0;1.4
949997.0;68.5;3;0;3;4.0;2012.0;0;1;0;0;0;0;0;0;0;0;0;1;0;0;1;0;0;0;1.4
491000.0;41.0;2;0;3;3.0;2021.0;0;1;0;0;0;0;0;0;0;0;0;1;0;0;1;0;0;0;1.4
842000.0;121.09;5;0;1;1.0;2010.0;0;1;0;0;0;0;0;0;0;0;0;1;0;0;1;0;0;0;12.0
620000.0;76.1;3;0;1;2.0;2010.0;0;1;0;0;0;0;0;0;1;0;0;0;0;0;1;0;0;0;14.2
945000.0;84.0;5;0;4;5.0;1993.0;0;1;0;0;0;0;0;0;0;0;0;1;0;0;1;0;0;0;50.0
874779.0;85.17;4;1;2;2.0;2022.0;0;1;0;0;0;0;0;0;0;0;0;1;0;1;1;0;0;0;7.2
798559.0;79.16;4;1;2;2.0;2022.0;0;1;0;0;0;0;0;0;0;0;0;1;0;1;1;0;0;0;7.2
569487.0;55.48;3;1;1;2.0;2022.0;0;1;0;0;0;0;0;0;0;0;0;1;0;1;1;0;0;0;7.2
537557.0;47.05;2;1;2;2.0;2022.0;0;1;0;0;0;0;0;0;0;0;0;1;0;1;1;0;0;0;7.2
575000.0;43.29;2;0;1;5.0;2020.0;1;0;0;0;0;0;0;0;0;0;0;1;0;0;1;0;0;0;1.4
466000.0;45.0;2;0;2;3.0;2020.0;1;0;0;0;0;0;0;0;0;0;0;1;0;1;1;0;0;0;5.8
535000.0;63.4;3;0;1;4.0;1958.0;0;1;0;0;0;0;0;0;0;0;0;1;0;0;1;0;0;0;50.0
463531.0;40.75;2;1;4;4.0;2021.0;0;1;0;0;0;0;0;0;0;0;0;1;0;1;1;0;0;0;5.8
404212.0;58.16;3;1;2;2.0;2022.0;0;1;0;0;0;0;0;0;0;1;0;0;0;1;1;0;0;0;11.0
512400.0;60.64;3;1;3;4.0;2021.0;0;1;0;0;0;0;0;0;0;0;0;1;0;1;1;0;0;0;9.2
885001.0;69.9;3;0;5;6.0;2018.0;0;1;0;0;0;0;0;0;0;0;0;1;0;0;1;0;0;0;1.4
499000.0;64.0;2;0;4;5.0;1920.0;0;0;0;1;0;0;0;0;1;0;0;0;0;0;1;0;0;0;1.4
398000.0;41.0;2;0;1;4.0;1956.0;0;1;0;0;0;0;0;0;0;0;0;1;0;0;1;0;0;0;5.8
560000.0;49.0;3;0;8;16.0;1970.0;0;1;0;0;0;0;0;0;0;0;0;1;0;0;1;0;0;0;1.4
550000.0;66.0;3;0;2;2.0;2014.0;0;1;0;0;0;0;0;0;0;0;0;1;0;0;1;0;0;0;12.7
447000.0;56.1;3;0;1;1.0;2012.0;0;0;0;0;0;0;1;0;1;0;0;0;0;0;1;0;0;0;13.3
447000.0;56.1;3;0;1;1.0;2012.0;0;0;0;0;0;0;1;0;1;0;0;0;0;0;1;0;0;0;13.3
475000.0;52.0;2;0;1;5.0;1990.0;0;1;0;0;0;0;0;0;0;0;0;1;0;0;0;0;1;0;4.9
490000.0;37.56;2;0;2;5.0;2018.0;1;0;0;0;0;0;0;0;0;0;0;1;0;0;1;0;0;0;1.4
660000.0;83.0;4;0;1;4.0;1950.0;0;0;0;1;0;0;0;0;0;1;0;0;0;0;1;0;0;0;1.4
435001.0;68.01;2;0;2;4.0;1913.0;0;0;0;1;0;0;0;0;1;0;0;0;0;0;1;0;0;0;5.8
794997.0;100.7;5;0;2;2.0;2011.0;0;1;0;0;0;0;0;0;0;0;0;1;0;0;1;0;0;0;1.4
448999.0;36.0;2;0;1;4.0;1980.0;0;1;0;0;0;0;0;0;0;0;0;1;0;0;1;0;0;0;8.6
449000.0;53.0;2;0;4;5.0;1960.0;0;1;0;0;0;0;0;0;0;0;0;1;0;0;1;0;0;0;50.0
790000.0;84.37;4;0;1;1.0;2015.0;1;0;0;0;0;0;0;0;1;0;0;0;0;0;1;0;0;0;9.6
410001.0;38.1;2;0;6;9.0;1990.0;0;1;0;0;0;0;0;0;0;0;0;1;0;0;0;0;1;0;5.8
1050000.0;83.38;4;0;0;4.0;2017.0;1;0;0;0;0;0;0;0;0;0;0;1;0;0;1;0;0;0;8.6
497352.0;36.89;1;1;1;8.0;2020.0;0;1;0;0;0;0;0;0;0;0;0;1;0;0;1;0;0;0;4.9
599000.0;104.44;4;1;1;1.0;2019.0;0;0;0;0;0;0;1;0;1;0;0;0;0;1;1;0;0;0;13.9
599000.0;104.44;4;1;1;1.0;2019.0;0;0;1;0;0;0;0;0;1;0;0;0;0;1;1;0;0;0;13.9
638900.0;73.0;4;0;4;10.0;2006.0;0;1;0;0;0;0;0;0;0;0;1;0;0;0;1;0;0;0;9.7
336523.5;43.99;2;1;0;2.0;2023.0;0;1;0;0;0;0;0;0;0;1;0;0;0;1;1;0;0;0;7.7
690000.0;57.0;3;0;2;3.0;2015.0;0;1;0;0;0;0;0;0;0;0;0;1;0;0;1;0;0;0;6.9
649000.0;75.0;3;0;1;1.0;2018.0;0;0;0;0;0;0;1;0;0;0;0;1;0;0;1;0;0;0;8.1
443500.0;52.49;2;1;4;4.0;2021.0;0;1;0;0;0;0;0;0;0;0;0;1;0;1;1;0;0;0;9.2
468180.0;63.87;3;1;1;4.0;2022.0;0;1;0;0;0;0;0;0;0;0;0;1;0;1;1;0;0;0;11.4
894999.0;92.75;4;0;4;5.0;1930.0;0;0;0;1;0;0;0;0;1;0;0;0;0;0;1;0;0;0;1.4
675000.0;67.26;5;0;2;5.0;1920.0;0;0;0;1;0;0;0;0;1;0;0;0;0;0;1;0;0;0;4.9
800000.0;96.0;4;0;3;4.0;1930.0;0;0;0;1;0;0;0;0;0;0;0;1;0;0;1;0;0;0;1.4
649000.0;110.0;3;0;1;1.0;1980.0;0;0;0;1;0;0;0;0;1;0;0;0;0;0;1;0;0;0;5.4
750000.0;98.0;4;0;3;3.0;2008.0;1;0;0;0;0;0;0;0;0;0;0;1;0;0;1;0;0;0;6.8
519000.0;72.0;4;0;5;10.0;1982.0;0;1;0;0;0;0;0;0;0;0;0;1;0;0;1;0;0;0;9.2
530000.0;61.1;3;0;4;4.0;1990.0;0;1;0;0;0;0;0;0;0;0;0;1;0;0;1;0;0;0;1.4
509000.0;52.1;3;1;1;3.0;2021.0;0;1;0;0;0;0;0;0;0;0;1;0;0;1;1;0;0;0;4.9
516860.0;60.17;3;1;2;4.0;2021.0;0;1;0;0;0;0;0;0;0;0;0;1;0;1;1;0;0;0;5.8
604000.0;67.67;4;1;1;4.0;2021.0;0;1;0;0;0;0;0;0;0;0;1;0;0;1;1;0;0;0;5.8
700000.0;90.0;3;0;3;3.0;2009.0;0;1;0;0;0;0;0;0;0;1;0;0;0;0;1;0;0;0;1.4
479000.0;61.0;3;0;2;2.0;2012.0;0;1;0;0;0;0;0;0;0;1;0;0;0;0;1;0;0;0;1.4
699000.0;85.0;3;0;1;3.0;2007.0;0;1;0;0;0;0;0;0;0;0;0;1;0;0;1;0;0;0;5.8
355000.0;43.0;2;1;0;2.0;2021.0;0;1;0;0;0;0;0;0;1;0;0;0;0;0;1;0;0;0;13.3
355000.0;43.0;2;1;0;2.0;2021.0;0;1;0;0;0;0;0;0;1;0;0;0;0;0;1;0;0;0;14.2
468000.0;62.5;3;0;1;2.0;2010.0;0;1;0;0;0;0;0;0;0;0;1;0;0;0;1;0;0;0;13.1
425287.0;40.42;2;0;1;2.0;2022.0;0;1;0;0;0;0;0;0;0;1;0;0;0;1;1;0;0;0;7.2
608009.0;62.89;3;0;1;2.0;2022.0;0;1;0;0;0;0;0;0;0;1;0;0;0;1;1;0;0;0;7.2
552492.0;53.8;3;0;2;2.0;2022.0;0;1;0;0;0;0;0;0;0;1;0;0;0;1;1;0;0;0;7.2
650000.0;77.28;4;1;0;4.0;2021.0;0;1;0;0;0;0;0;0;0;0;0;1;0;1;1;0;0;0;9.2
454000.0;60.09;3;1;1;4.0;2022.0;0;1;0;0;0;0;0;0;0;0;0;1;0;1;1;0;0;0;11.4
619441.0;104.99;4;1;1;1.0;2019.0;0;0;0;0;0;0;1;0;1;0;0;0;0;1;1;0;0;0;8.6
1200000.0;102.29;3;0;1;3.0;1892.0;0;0;0;1;0;0;0;0;0;0;0;1;0;0;1;0;0;0;2.3
419000.0;81.0;4;0;1;2.0;2021.0;0;0;0;0;0;0;1;0;1;0;0;0;0;1;1;0;0;0;9.2
330000.0;38.0;2;0;10;10.0;1980.0;0;1;0;0;0;0;0;0;0;0;0;1;1;0;1;0;0;0;8.6
929100.0;57.0;2;0;5;6.0;2009.0;1;0;0;0;0;0;0;0;0;0;0;1;0;0;1;0;0;0;50.0
499000.0;49.01;2;0;0;3.0;2010.0;0;1;0;0;0;0;0;0;1;0;0;0;0;0;1;0;0;0;8.6
384999.0;37.5;2;0;0;2.0;1980.0;0;1;0;0;0;0;0;0;0;0;0;1;0;0;1;0;0;0;1.4
439000.0;51.5;2;0;2;4.0;1960.0;0;1;0;0;0;0;0;0;0;0;0;1;1;0;1;0;0;0;1.4
389000.0;45.0;2;0;3;10.0;1995.0;0;1;0;0;0;0;0;0;0;0;0;1;1;0;1;0;0;0;9.2
525000.0;51.0;2;0;2;5.0;2018.0;0;1;0;0;0;0;0;0;0;0;0;1;0;0;1;0;0;0;7.0
399000.0;57.13;3;1;1;1.0;2021.0;0;1;0;0;0;0;0;0;0;0;1;0;0;1;1;0;0;0;13.3
950000.0;89.0;3;0;1;2.0;2009.0;0;1;0;0;0;0;0;0;0;1;0;0;0;0;1;0;0;0;1.4
365000.0;51.7;2;0;2;3.0;2010.0;0;1;0;0;0;0;0;0;0;0;0;1;0;0;1;0;0;0;12.6
489000.0;40.0;2;0;3;4.0;2015.0;0;1;0;0;0;0;0;0;0;0;0;1;0;0;1;0;0;0;8.6
460000.0;75.11;4;0;2;2.0;2014.0;0;1;0;0;0;0;0;0;1;0;0;0;0;0;1;0;0;0;11.8
373000.0;35.0;2;0;4;4.0;2000.0;0;1;0;0;0;0;0;0;0;0;0;1;1;0;1;0;0;0;5.8
394555.0;52.3;2;0;4;5.0;1945.0;0;0;0;1;0;0;0;1;0;0;0;0;0;0;1;0;0;0;4.9
260000.0;35.9;2;0;0;3.0;1930.0;0;0;0;1;0;0;0;0;0;0;0;1;0;1;1;0;0;0;9.4
647000.0;56.0;3;0;3;3.0;2011.0;1;0;0;0;0;0;0;0;1;0;0;0;0;0;1;0;0;0;7.9
725000.0;77.22;3;0;0;3.0;2007.0;0;1;0;0;0;0;0;0;0;1;0;0;0;0;1;0;0;0;7.9
459000.0;41.65;2;0;1;4.0;1930.0;0;0;0;1;0;0;0;0;1;0;0;0;0;0;1;0;0;0;3.1
599000.0;54.0;2;0;2;4.0;1995.0;1;0;0;0;0;0;0;0;0;0;0;1;0;0;1;0;0;0;1.4
539000.0;61.0;3;1;1;4.0;2021.0;0;1;0;0;0;0;0;0;0;0;0;1;0;1;1;0;0;0;7.6
407000.0;41.1;2;1;2;4.0;2021.0;0;1;0;0;0;0;0;0;0;0;0;1;0;1;1;0;0;0;6.9
390000.0;39.0;2;1;3;4.0;2021.0;0;1;0;0;0;0;0;0;0;0;0;1;0;1;1;0;0;0;6.9
549990.0;60.8;3;0;2;4.0;2013.0;0;1;0;0;0;0;0;0;1;0;0;0;0;0;1;0;0;0;1.4
549990.0;60.8;3;0;2;4.0;2013.0;0;1;0;0;0;0;0;0;1;0;0;0;0;0;1;0;0;0;1.4
669990.0;54.17;2;0;3;3.0;1956.0;0;0;0;1;0;0;0;0;0;0;0;1;0;0;1;0;0;0;0.6
358000.0;31.6;2;1;0;5.0;2021.0;0;1;0;0;0;0;0;0;0;0;0;1;0;1;1;0;0;0;6.9
310000.0;27.5;1;1;3;5.0;2021.0;0;1;0;0;0;0;0;0;0;0;0;1;0;1;1;0;0;0;6.9
519000.0;60.48;3;1;0;4.0;2021.0;0;1;0;0;0;0;0;0;0;0;0;1;0;1;1;0;0;0;9.2
346680.0;39.78;1;1;0;4.0;2022.0;0;1;0;0;0;0;0;0;0;0;0;1;0;1;1;0;0;0;11.4
623070.0;64.4;3;1;1;4.0;2021.0;0;1;0;0;0;0;0;0;0;0;0;1;0;1;1;0;0;0;5.8
580000.0;72.0;3;0;4;5.0;1992.0;0;1;0;0;0;0;0;0;0;0;0;1;1;0;0;0;1;0;3.5
439000.0;49.13;2;0;7;8.0;2001.0;0;1;0;0;0;0;0;0;0;0;1;0;0;0;1;0;0;0;10.0
629000.0;62.0;3;0;2;5.0;2018.0;0;1;0;0;0;0;0;0;0;0;0;1;0;0;1;0;0;0;9.2
899000.0;92.39;4;1;3;7.0;2022.0;1;0;0;0;0;0;0;0;0;0;0;1;0;1;1;0;0;0;50.0
599000.0;60.64;3;1;0;6.0;2022.0;1;0;0;0;0;0;0;0;0;0;0;1;0;1;1;0;0;0;50.0
699000.0;73.18;4;1;0;7.0;2022.0;1;0;0;0;0;0;0;0;0;0;0;1;0;1;1;0;0;0;50.0
699000.0;71.1;3;1;6;8.0;2022.0;1;0;0;0;0;0;0;0;0;0;0;1;0;1;1;0;0;0;50.0
497000.0;59.0;3;1;0;4.0;2021.0;1;0;0;0;0;0;0;0;0;0;0;1;0;1;1;0;0;0;5.8
495000.0;61.0;3;1;0;4.0;2021.0;1;0;0;0;0;0;0;0;0;0;0;1;0;1;1;0;0;0;11.4
953000.0;104.0;4;1;2;3.0;2021.0;1;0;0;0;0;0;0;0;0;0;0;1;0;1;1;0;0;0;7.0
708000.0;70.8;4;1;3;4.0;2021.0;1;0;0;0;0;0;0;0;0;0;0;1;0;1;1;0;0;0;5.8
556000.0;79.55;4;1;0;4.0;2022.0;1;0;0;0;0;0;0;0;0;0;0;1;0;1;1;0;0;0;11.4
446620.0;54.8;3;1;3;3.0;2021.0;0;1;0;0;0;0;0;0;0;0;0;1;0;0;1;0;0;0;13.9
443880.0;54.9;3;1;2;3.0;2021.0;0;1;0;0;0;0;0;0;0;0;0;1;0;1;1;0;0;0;13.9
362000.0;31.1;2;1;5;1.0;2021.0;0;1;0;0;0;0;0;0;0;0;0;1;0;1;1;0;0;0;6.9
679000.0;71.0;4;1;3;4.0;2021.0;0;1;0;0;0;0;0;0;0;0;0;1;0;1;1;0;0;0;5.4
600000.0;59.5;2;0;3;4.0;2017.0;0;1;0;0;0;0;0;0;0;0;0;1;0;0;1;0;0;0;6.3
548998.0;48.8;2;0;2;3.0;2000.0;0;1;0;0;0;0;0;0;0;0;0;1;0;0;0;1;0;0;4.9
650000.0;61.8;3;0;2;6.0;1992.0;0;1;0;0;0;0;0;0;0;0;0;1;0;0;0;1;0;0;3.2
450000.0;38.3;2;0;0;3.0;2018.0;0;1;0;0;0;0;0;0;0;0;0;1;0;0;1;0;0;0;11.0
660000.0;63.0;3;0;1;2.0;2013.0;1;0;0;0;0;0;0;0;0;0;0;1;0;0;1;0;0;0;6.9
649000.0;44.87;2;1;3;9.0;2021.0;1;0;0;0;0;0;0;0;1;0;0;0;0;1;1;0;0;0;15.3
385000.0;45.0;2;0;1;2.0;2013.0;0;0;0;0;0;0;1;0;1;0;0;0;0;0;1;0;0;0;12.1
268494.0;36.78;2;1;2;2.0;2020.0;0;1;0;0;0;0;0;0;1;0;0;0;0;1;1;0;0;0;8.9
327916.0;44.92;2;1;0;2.0;2020.0;0;1;0;0;0;0;0;0;1;0;0;0;0;1;1;0;0;0;8.9
347200.0;49.6;3;1;2;2.0;2020.0;0;1;0;0;0;0;0;0;1;0;0;0;0;1;1;0;0;0;8.9
299000.0;28.0;1;0;0;4.0;1960.0;0;1;0;0;0;0;0;0;0;0;0;1;0;0;1;0;0;0;50.0
610000.0;78.0;3;0;2;5.0;2000.0;0;0;0;0;0;1;0;0;0;0;0;1;0;0;1;0;0;0;4.9
700000.0;88.15;4;0;2;2.0;2018.0;0;1;0;0;0;0;0;0;0;0;0;1;0;0;1;0;0;0;13.2
540000.0;65.89;2;1;0;4.0;2021.0;0;1;0;0;0;0;0;0;0;0;0;1;0;1;1;0;0;0;9.2
708000.0;70.8;4;1;3;4.0;2021.0;0;1;0;0;0;0;0;0;0;0;0;1;0;1;1;0;0;0;5.8
304499.0;32.4;2;0;10;10.0;1980.0;0;1;0;0;0;0;0;0;0;0;0;1;0;0;1;0;0;0;9.2
599000.0;57.0;2;0;3;7.0;2011.0;1;0;0;0;0;0;0;0;0;0;0;1;0;0;1;0;0;0;5.8
495000.0;54.76;2;1;3;4.0;2018.0;0;1;0;0;0;0;0;0;0;0;0;1;0;1;1;0;0;0;6.3
859001.0;78.9;3;0;4;4.0;2017.0;0;1;0;0;0;0;0;0;0;0;0;1;0;0;1;0;0;0;1.4
439000.0;49.0;2;0;1;3.0;2014.0;0;1;0;0;0;0;0;0;1;0;0;0;0;0;1;0;0;0;8.6
780002.0;57.02;3;0;3;3.0;2015.0;0;1;0;0;0;0;0;0;0;1;0;0;0;0;1;0;0;0;7.8
320000.0;33.34;2;0;2;4.0;1900.0;0;0;0;1;0;0;0;0;1;0;0;0;0;0;1;0;0;0;15.3
474000.0;60.25;3;1;1;3.0;2022.0;0;1;0;0;0;0;0;0;0;0;0;1;0;1;1;0;0;0;11.4
299498.0;41.31;2;1;2;2.0;2022.0;0;1;0;0;0;0;0;0;0;1;0;0;0;1;1;0;0;0;11.0
499888.0;56.0;3;0;3;4.0;1980.0;0;1;0;0;0;0;0;0;0;0;0;1;0;0;1;0;0;0;2.2
499888.0;56.0;3;0;3;4.0;1980.0;0;1;0;0;0;0;0;0;0;0;0;1;0;0;1;0;0;0;50.0
405000.0;65.0;2;0;4;5.0;1930.0;0;0;0;1;0;0;0;0;1;0;0;0;0;0;0;1;0;0;15.3
545000.0;72.2;4;0;5;10.0;1980.0;0;1;0;0;0;0;0;0;0;0;0;1;0;0;0;1;0;0;9.2
499000.0;66.0;3;0;1;3.0;2016.0;0;1;0;0;0;0;0;0;1;0;0;0;0;0;1;0;0;0;11.5
545000.0;71.0;4;0;0;4.0;1080.0;0;1;0;0;0;0;0;0;0;0;0;1;0;0;0;0;1;0;8.6
970000.0;124.26;5;0;1;1.0;2018.0;0;0;1;0;0;0;0;0;1;0;0;0;0;0;1;0;0;0;5.8
399000.0;48.0;2;0;3;3.0;2011.0;0;1;0;0;0;0;0;0;0;0;0;1;0;0;1;0;0;0;11.0
429893.0;52.49;2;1;4;4.0;2021.0;0;1;0;0;0;0;0;0;0;0;0;1;0;1;1;0;0;0;9.2
488152.0;60.64;3;1;3;4.0;2021.0;0;1;0;0;0;0;0;0;0;0;0;1;0;1;1;0;0;0;9.2
499000.0;45.0;2;1;1;3.0;2021.0;1;0;0;0;0;0;0;0;0;0;0;1;0;1;1;0;0;0;7.0
705000.0;71.5;3;1;1;5.0;2021.0;1;0;0;0;0;0;0;0;0;0;0;1;0;1;1;0;0;0;15.3
387000.0;30.0;2;1;4;6.0;2021.0;1;0;0;0;0;0;0;0;0;0;0;1;0;1;1;0;0;0;4.9
599000.0;45.5;2;1;3;17.0;2021.0;1;0;0;0;0;0;0;0;0;0;0;1;0;1;1;0;0;0;4.9
814000.0;67.0;3;1;2;17.0;2021.0;1;0;0;0;0;0;0;0;0;0;0;1;0;1;1;0;0;0;4.9
722781.0;88.72;4;1;0;4.0;2022.0;0;1;0;0;0;0;0;0;0;0;0;1;0;1;1;0;0;0;11.4
1087000.0;78.5;4;1;11;17.0;2021.0;1;0;0;0;0;0;0;0;0;0;0;1;0;1;1;0;0;0;4.9
630980.0;77.22;4;1;0;4.0;2022.0;0;1;0;0;0;0;0;0;0;0;0;1;0;1;1;0;0;0;11.4
493280.0;61.24;3;1;4;4.0;2022.0;0;1;0;0;0;0;0;0;0;0;0;1;0;1;1;0;0;0;11.4
431570.0;52.84;3;1;1;4.0;2022.0;0;1;0;0;0;0;0;0;0;0;0;1;0;1;1;0;0;0;11.4
378780.0;41.14;2;1;4;4.0;2022.0;0;1;0;0;0;0;0;0;0;0;0;1;0;1;1;0;0;0;11.4
335980.0;35.98;2;1;2;4.0;2022.0;0;1;0;0;0;0;0;0;0;0;0;1;0;1;1;0;0;0;11.4
570000.0;65.0;2;0;1;2.0;2007.0;1;0;0;0;0;0;0;0;0;0;0;1;0;0;1;0;0;0;5.8
498380.0;63.87;3;1;0;4.0;2022.0;0;1;0;0;0;0;0;0;0;0;1;0;0;1;1;0;0;0;11.7
492770.0;58.38;3;1;0;4.0;2022.0;0;1;0;0;0;0;0;0;0;0;1;0;0;1;1;0;0;0;11.7
429450.0;49.88;3;1;0;4.0;2022.0;0;1;0;0;0;0;0;0;0;0;1;0;0;1;1;0;0;0;11.7
368080.0;41.13;2;1;0;4.0;2022.0;0;1;0;0;0;0;0;0;0;0;1;0;0;1;1;0;0;0;11.7
564680.0;69.4;4;1;3;4.0;2022.0;0;1;0;0;0;0;0;0;0;0;1;0;0;1;1;0;0;0;11.7
409000.0;46.31;2;0;1;2.0;2014.0;0;1;0;0;0;0;0;0;1;0;0;0;0;0;1;0;0;0;12.1
549000.0;62.0;2;0;4;5.0;1905.0;0;0;0;1;0;0;0;0;1;0;0;0;0;0;1;0;0;0;4.9
318000.0;42.22;2;0;4;5.0;1930.0;0;0;0;1;0;0;0;1;0;0;0;0;1;0;1;0;0;0;2.9
519000.0;72.2;4;0;5;10.0;1980.0;0;1;0;0;0;0;0;0;0;0;0;1;0;0;1;0;0;0;10.7
598000.0;63.0;3;0;1;5.0;1989.0;0;0;0;0;0;1;0;0;0;0;0;1;0;0;1;0;0;0;5.8
619000.0;77.83;3;0;2;4.0;1930.0;0;0;0;1;0;0;0;0;1;0;0;0;1;0;1;0;0;0;4.9
799000.0;95.0;2;0;4;5.0;1913.0;0;0;0;1;0;0;0;0;0;1;0;0;1;0;1;0;0;0;1.4
600000.0;81.0;3;0;0;1.0;2012.0;0;0;0;0;0;0;1;0;1;0;0;0;0;0;1;0;0;0;14.1
519000.0;47.16;2;0;2;3.0;2006.0;0;1;0;0;0;0;0;0;0;1;0;0;0;0;1;0;0;0;7.2
730000.0;65.0;3;0;0;2.0;2006.0;1;0;0;0;0;0;0;0;1;0;0;0;0;0;1;0;0;0;10.0
775300.0;79.15;4;1;2;2.0;2022.0;1;0;0;0;0;0;0;0;0;0;0;1;0;1;1;0;0;0;7.2
701600.0;70.38;4;1;2;2.0;2022.0;1;0;0;0;0;0;0;0;0;0;0;1;0;1;1;0;0;0;7.2
837000.0;65.42;4;0;2;4.0;2015.0;1;0;0;0;0;0;0;0;0;0;0;1;0;0;1;0;0;0;50.0
527120.0;65.89;4;1;2;4.0;2022.0;0;1;0;0;0;0;0;0;0;0;0;1;0;1;1;0;0;0;11.4
485120.0;60.64;3;1;0;4.0;2021.0;0;1;0;0;0;0;0;0;0;0;0;1;0;1;1;0;0;0;11.4
425169.0;52.49;2;1;2;4.0;2021.0;0;1;0;0;0;0;0;0;0;0;0;1;0;1;1;0;0;0;11.4
476238.0;59.16;3;1;1;4.0;2021.0;0;1;0;0;0;0;0;0;0;0;0;1;0;1;1;0;0;0;11.4
384185.0;44.21;2;1;1;4.0;2021.0;0;1;0;0;0;0;0;0;0;0;0;1;0;1;1;0;0;0;13.9
439691.0;54.35;3;1;2;4.0;2021.0;0;1;0;0;0;0;0;0;0;0;0;1;0;1;1;0;0;0;13.9
467418.0;63.25;3;1;3;4.0;2021.0;0;1;0;0;0;0;0;0;0;0;0;1;0;1;1;0;0;0;13.9
708000.0;70.8;4;1;3;4.0;2021.0;0;1;0;0;0;0;0;0;0;0;0;1;0;1;1;0;0;0;5.8
404212.0;58.16;3;1;2;2.0;2022.0;0;1;0;0;0;0;0;0;0;1;0;0;0;1;1;0;0;0;11.0
540000.0;65.89;2;1;0;4.0;2021.0;0;1;0;0;0;0;0;0;0;0;0;1;0;1;1;0;0;0;9.2
640000.0;60.0;3;0;4;4.0;1930.0;0;0;0;1;0;0;0;0;1;0;0;0;0;0;1;0;0;0;2.4
450000.0;26.0;1;0;3;6.0;2015.0;1;0;0;0;0;0;0;0;0;0;0;1;0;0;1;0;0;0;0.4
289000.0;28.0;1;0;0;3.0;2006.0;0;1;0;0;0;0;0;0;1;0;0;0;0;0;1;0;0;0;6.8
399000.0;55.0;3;0;1;2.0;2015.0;0;1;0;0;0;0;0;0;0;0;0;1;0;0;1;0;0;0;14.2
703000.0;88.47;4;1;1;2.0;2021.0;0;0;1;0;0;0;0;0;1;0;0;0;0;1;1;0;0;0;9.6
458000.0;54.0;3;0;1;3.0;2017.0;0;1;0;0;0;0;0;0;1;0;0;0;0;0;1;0;0;0;13.3
385000.0;37.0;2;0;0;2.0;1960.0;0;1;0;0;0;0;0;0;0;0;0;1;1;0;1;0;0;0;50.0
650000.0;63.8;3;0;1;2.0;2013.0;1;0;0;0;0;0;0;0;0;0;0;1;0;0;1;0;0;0;7.0
619441.0;104.99;4;1;1;1.0;2020.0;0;0;0;0;0;0;1;0;1;0;0;0;0;1;1;0;0;0;13.9
535507.0;47.39;2;1;4;4.0;2021.0;0;1;0;0;0;0;0;0;0;0;0;1;0;1;1;0;0;0;5.8
470000.0;47.2;2;0;2;3.0;2014.0;0;1;0;0;0;0;0;0;0;0;1;0;0;0;1;0;0;0;5.8
809000.0;74.0;4;0;3;5.0;2016.0;0;1;0;0;0;0;0;0;0;0;0;1;0;0;1;0;0;0;5.8
499500.0;61.0;3;0;4;6.0;1986.0;0;1;0;0;0;0;0;0;0;0;0;1;1;0;0;0;1;0;4.9
790000.0;75.5;4;0;8;8.0;2019.0;0;1;0;0;0;0;0;0;0;0;0;1;0;0;1;0;0;0;1.4
370392.0;48.8;2;1;0;4.0;2021.0;0;1;0;0;0;0;0;0;0;0;1;0;0;1;1;0;0;0;13.9
399000.0;57.1;3;0;2;10.0;1976.0;0;1;0;0;0;0;0;0;0;0;0;1;0;0;0;0;1;0;9.9
304810.0;27.71;1;1;1;2.0;2022.0;0;1;0;0;0;0;0;0;0;0;0;1;0;1;1;0;0;0;7.1
412128.0;42.93;2;1;1;2.0;2022.0;0;1;0;0;0;0;0;0;0;0;0;1;0;1;1;0;0;0;7.1
345000.0;30.5;2;1;3;5.0;2021.0;0;1;0;0;0;0;0;0;0;0;0;1;0;1;1;0;0;0;6.9
365000.0;37.5;2;1;0;4.0;2021.0;0;1;0;0;0;0;0;0;0;0;0;1;0;1;1;0;0;0;6.9
393000.0;39.5;2;1;1;4.0;2021.0;0;1;0;0;0;0;0;0;0;0;0;1;0;1;1;0;0;0;6.9
519900.0;41.0;1;0;0;4.0;2000.0;0;1;0;0;0;0;0;0;0;0;0;1;0;0;1;0;0;0;4.9
499000.0;60.0;3;0;2;2.0;2009.0;0;1;0;0;0;0;0;0;0;0;1;0;0;0;1;0;0;0;8.1
651000.0;62.0;3;1;3;4.0;2021.0;1;0;0;0;0;0;0;0;0;0;0;1;0;1;1;0;0;0;5.8
679000.0;71.0;3;1;3;4.0;2021.0;1;0;0;0;0;0;0;0;0;0;0;1;0;1;1;0;0;0;5.8
600490.0;58.04;3;1;0;2.0;2021.0;0;1;0;0;0;0;0;0;0;0;0;1;0;1;1;0;0;0;7.2
468180.0;63.87;3;1;1;4.0;2022.0;0;1;0;0;0;0;0;0;0;0;0;1;0;1;1;0;0;0;11.4
602252.0;57.77;3;1;4;4.0;2021.0;0;1;0;0;0;0;0;0;0;0;0;1;0;1;1;0;0;0;5.8
420453.0;61.38;3;1;1;2.0;2022.0;0;1;0;0;0;0;0;0;0;1;0;0;0;1;1;0;0;0;11.0
540000.0;65.89;2;1;0;4.0;2021.0;0;1;0;0;0;0;0;0;0;0;0;1;0;1;1;0;0;0;9.2
549780.0;69.63;4;1;0;4.0;2021.0;0;1;0;0;0;0;0;0;0;0;0;1;0;1;1;0;0;0;11.4
483480.0;60.76;3;1;0;4.0;2021.0;0;1;0;0;0;0;0;0;0;0;0;1;0;1;1;0;0;0;11.4
388000.0;59.0;3;1;2;2.0;2021.0;0;1;0;0;0;0;0;0;1;0;0;0;0;1;1;0;0;0;9.2
795000.0;69.55;4;0;1;4.0;1960.0;0;0;0;1;0;0;0;0;0;0;0;1;0;0;1;0;0;0;1.4
406000.0;59.0;3;1;2;2.0;2021.0;0;1;0;0;0;0;0;0;1;0;0;0;0;1;1;0;0;0;14.6
380000.0;62.0;3;1;2;2.0;2021.0;0;1;0;0;0;0;0;0;1;0;0;0;0;1;1;0;0;0;14.6
479000.0;52.59;2;0;4;5.0;1960.0;0;1;0;0;0;0;0;0;0;0;0;1;0;0;0;1;0;0;50.0
849000.0;85.15;4;1;2;2.0;2022.0;0;1;0;0;0;0;0;0;0;0;1;0;0;1;1;0;0;0;7.2
469000.0;58.0;2;0;1;7.0;2001.0;0;1;0;0;0;0;0;0;0;0;0;1;0;0;0;0;1;0;4.9
475000.0;65.13;4;1;1;1.0;2021.0;0;1;0;0;0;0;0;0;0;0;0;1;0;1;1;0;0;0;9.2
475000.0;65.13;4;1;1;1.0;2021.0;0;1;0;0;0;0;0;0;0;0;0;1;0;1;1;0;0;0;9.2
799000.0;72.0;3;0;3;4.0;1890.0;0;0;0;1;0;0;0;0;0;0;0;1;0;0;1;0;0;0;1.4
799000.0;72.0;3;0;3;4.0;1890.0;0;0;0;1;0;0;0;0;0;0;0;1;0;0;1;0;0;0;1.4
650000.0;57.0;3;0;2;3.0;2015.0;0;1;0;0;0;0;0;0;0;0;0;1;0;0;1;0;0;0;7.0
543780.0;57.24;3;1;1;2.0;2022.0;0;1;0;0;0;0;0;0;0;0;0;1;0;1;1;0;0;0;7.1
399000.0;52.0;2;0;5;8.0;2000.0;0;1;0;0;0;0;0;0;0;0;0;1;0;0;1;0;0;0;10.0
450000.0;53.0;2;0;9;10.0;1985.0;0;1;0;0;0;0;0;0;0;0;0;1;1;0;0;0;1;0;5.8
415000.0;57.0;3;0;0;10.0;1982.0;0;1;0;0;0;0;0;0;0;0;0;1;0;0;1;0;0;0;10.0
745000.0;94.0;3;0;1;1.0;2007.0;0;1;0;0;0;0;0;0;0;0;0;1;0;0;1;0;0;0;7.2
527945.0;63.8;3;1;3;3.0;2022.0;0;1;0;0;0;0;0;0;0;0;0;1;0;1;1;0;0;0;13.9
443880.0;54.8;3;1;2;3.0;2022.0;0;1;0;0;0;0;0;0;0;0;0;1;0;1;1;0;0;0;13.9
412178.0;49.81;2;1;0;3.0;2021.0;0;1;0;0;0;0;0;0;0;0;0;1;0;1;1;0;0;0;13.9
455623.0;40.41;2;1;4;4.0;2021.0;0;1;0;0;0;0;0;0;0;0;0;1;0;1;1;0;0;0;5.8
450000.0;38.0;2;0;0;3.0;2009.0;1;0;0;0;0;0;0;0;0;0;0;1;0;0;1;0;0;0;5.8
425000.0;50.5;3;0;0;2.0;1930.0;0;0;0;1;0;0;0;0;1;0;0;0;0;0;1;0;0;0;7.2
365000.0;42.6;2;0;3;3.0;2004.0;1;0;0;0;0;0;0;0;0;0;0;1;0;0;1;0;0;0;5.8
495900.0;60.48;3;1;0;4.0;2021.0;0;1;0;0;0;0;0;0;0;0;0;1;0;1;1;0;0;0;9.2
449000.0;44.0;2;0;4;4.0;1965.0;0;0;0;1;0;0;0;1;0;0;0;0;1;0;1;0;0;0;50.0
840000.0;84.0;4;0;0;2.0;2000.0;0;1;0;0;0;0;0;0;1;0;0;0;0;0;1;0;0;0;9.2
576975.0;54.95;3;1;2;7.0;2022.0;1;0;0;0;0;0;0;0;0;0;0;1;0;1;1;0;0;0;5.8
603750.0;42.21;2;1;2;7.0;2022.0;1;0;0;0;0;0;0;0;0;0;0;1;0;1;1;0;0;0;5.8
357000.0;49.0;2;0;1;2.0;2010.0;1;0;0;0;0;0;0;0;1;0;0;0;0;0;1;0;0;0;15.4
383645.0;48.16;2;1;2;3.0;2021.0;0;1;0;0;0;0;0;0;0;1;0;0;0;1;1;0;0;0;11.4
474997.0;65.46;4;1;0;1.0;2021.0;0;0;1;0;0;0;0;0;0;0;0;1;1;0;1;0;0;0;1.4
1190000.0;103.0;4;0;0;1.0;2010.0;0;1;0;0;0;0;0;0;1;0;0;0;0;0;1;0;0;0;7.2
439000.0;46.0;2;0;2;4.0;2005.0;0;1;0;0;0;0;0;0;0;0;0;1;0;0;0;0;1;0;5.8
405000.0;39.0;2;0;1;3.0;2020.0;1;0;0;0;0;0;0;0;0;0;0;1;0;1;1;0;0;0;5.8
535000.0;55.0;3;1;4;4.0;2021.0;1;0;0;0;0;0;0;0;0;0;0;1;0;1;1;0;0;0;11.4
485000.0;61.0;3;1;0;4.0;2021.0;1;0;0;0;0;0;0;0;0;0;0;1;0;1;1;0;0;0;11.4
474000.0;60.25;3;1;1;4.0;2022.0;1;0;0;0;0;0;0;0;0;0;0;1;0;1;1;0;0;0;11.4
539580.0;64.86;4;1;4;4.0;2022.0;1;0;0;0;0;0;0;0;0;0;0;1;0;1;1;0;0;0;11.4
497500.0;63.0;3;1;2;3.0;2022.0;0;1;0;0;0;0;0;0;0;0;0;1;0;1;1;0;0;0;13.9
476200.0;59.16;3;1;1;4.0;2021.0;0;1;0;0;0;0;0;0;0;0;0;1;0;1;1;0;0;0;9.2
455623.0;40.41;2;1;4;4.0;2021.0;0;1;0;0;0;0;0;0;0;0;0;1;0;1;1;0;0;0;5.8
593000.0;66.1;3;0;1;4.0;1906.0;0;0;0;1;0;0;0;0;0;0;0;1;0;0;1;0;0;0;1.4
572000.0;75.0;4;1;3;4.0;2021.0;1;0;0;0;0;0;0;0;0;0;0;1;0;1;1;0;0;0;5.8
394000.0;41.0;2;1;3;4.0;2022.0;1;0;0;0;0;0;0;0;0;0;0;1;0;1;1;0;0;0;11.4
455000.0;41.0;2;1;4;4.0;2021.0;1;0;0;0;0;0;0;0;0;0;0;1;0;1;1;0;0;0;5.8
526000.0;57.0;3;1;0;4.0;2021.0;1;0;0;0;0;0;0;0;0;0;0;1;0;1;1;0;0;0;5.8
745000.0;85.38;3;0;1;1.0;2007.0;0;1;0;0;0;0;0;0;0;0;0;1;0;0;1;0;0;0;6.6
565000.0;66.0;3;0;4;5.0;1993.0;0;1;0;0;0;0;0;0;0;0;0;1;0;0;0;0;1;0;4.9
415000.0;57.0;3;0;0;10.0;1980.0;0;1;0;0;0;0;0;0;0;0;0;1;0;0;1;0;0;0;9.2
580000.0;55.0;2;0;2;3.0;2009.0;0;1;0;0;0;0;0;0;0;0;0;1;0;0;1;0;0;0;5.8
550000.0;68.47;3;0;3;5.0;1989.0;0;1;0;0;0;0;0;0;0;0;0;1;0;0;1;0;0;0;1.7
648000.0;80.0;4;0;5;5.0;1991.0;0;1;0;0;0;0;0;0;0;0;0;1;0;0;0;1;0;0;3.2
519999.0;60.8;3;0;4;5.0;1940.0;0;0;0;1;0;0;0;1;0;0;0;0;0;0;1;0;0;0;1.4
414195.0;52.1;3;1;1;4.0;2022.0;0;1;0;0;0;0;0;0;0;0;0;1;0;1;1;0;0;0;11.4
535507.0;47.39;2;1;4;4.0;2021.0;1;0;0;0;0;0;0;0;0;0;0;1;0;1;1;0;0;0;5.8
602000.0;57.77;3;1;4;4.0;2021.0;0;1;0;0;0;0;0;0;0;0;0;1;0;1;1;0;0;0;5.8
479056.0;60.64;3;1;1;4.0;2021.0;0;1;0;0;0;0;0;0;0;0;0;1;0;0;1;0;0;0;11.4
364099.0;40.91;2;1;3;4.0;2022.0;0;1;0;0;0;0;0;0;0;0;0;1;0;1;1;0;0;0;11.4
556000.0;79.55;4;1;0;4.0;2022.0;1;0;0;0;0;0;0;0;0;0;0;1;0;1;1;0;0;0;11.4
497352.0;36.89;1;1;1;8.0;2020.0;0;1;0;0;0;0;0;0;0;0;0;1;0;0;1;0;0;0;4.9
489125.0;38.54;2;1;6;8.0;2020.0;0;1;0;0;0;0;0;0;0;0;0;1;0;1;1;0;0;0;4.9
712313.0;72.5;4;1;1;4.0;2021.0;0;1;0;0;0;0;0;0;0;0;0;1;0;0;1;0;0;0;5.8
431000.0;35.62;1;1;2;6.0;2021.0;0;0;0;1;0;0;0;0;0;0;0;1;0;1;1;0;0;0;4.9
577065.0;51.6;2;1;1;6.0;2021.0;0;0;0;1;0;0;0;0;0;0;0;1;0;0;1;0;0;0;4.9
619200.0;51.6;2;1;1;8.0;2021.0;0;0;0;1;0;0;0;0;0;0;0;1;0;0;1;0;0;0;4.9
640000.0;71.0;3;1;1;8.0;2018.0;0;1;0;0;0;0;0;0;0;0;0;1;0;1;1;0;0;0;15.3
590000.0;66.0;3;1;1;8.0;2018.0;0;1;0;0;0;0;0;0;0;0;0;1;0;1;1;0;0;0;15.3
388000.0;59.0;3;1;2;2.0;2020.0;0;1;0;0;0;0;0;0;1;0;0;0;0;1;1;0;0;0;10.0
339900.0;42.0;2;0;0;2.0;2011.0;1;0;0;0;0;0;0;0;0;0;1;0;0;0;1;0;0;0;12.8
549000.0;75.0;3;0;2;2.0;2012.0;0;1;0;0;0;0;0;0;1;0;0;0;0;0;1;0;0;0;9.4
399000.0;41.34;2;1;0;7.0;2022.0;1;0;0;0;0;0;0;0;0;0;0;1;0;1;1;0;0;0;50.0
1069000.0;87.72;4;1;7;7.0;2022.0;1;0;0;0;0;0;0;0;0;0;0;1;0;1;1;0;0;0;50.0
498000.0;50.0;2;1;0;7.0;2022.0;1;0;0;0;0;0;0;0;0;0;0;1;0;1;1;0;0;0;50.0
270000.0;28.0;1;0;4;4.0;1934.0;0;0;0;1;0;0;0;1;0;0;0;0;1;0;1;0;0;0;2.8
545000.0;68.0;3;0;4;5.0;1996.0;0;0;0;0;0;1;0;0;0;0;0;1;0;0;0;0;1;0;5.8
399000.0;52.0;2;0;5;10.0;2001.0;0;1;0;0;0;0;0;0;0;0;1;0;0;0;1;0;0;0;9.2
448000.0;44.0;2;0;3;4.0;2017.0;0;1;0;0;0;0;0;0;0;0;1;0;0;0;1;0;0;0;8.6
298000.0;50.66;2;0;0;1.0;1925.0;0;0;0;1;0;0;0;1;0;0;0;0;0;0;1;0;0;0;10.7
439000.0;50.0;2;1;0;5.0;2020.0;0;1;0;0;0;0;0;0;0;0;0;1;0;0;1;0;0;0;7.0
449000.0;50.0;2;1;5;5.0;2020.0;0;1;0;0;0;0;0;0;0;0;0;1;0;0;1;0;0;0;7.0
639000.0;71.0;3;1;1;8.0;2018.0;0;1;0;0;0;0;0;0;0;0;0;1;0;1;1;0;0;0;15.3
594000.0;51.6;3;1;3;7.0;2023.0;0;1;0;0;0;0;0;0;0;0;0;1;0;1;1;0;0;0;4.9
479000.0;52.59;2;0;4;5.0;1960.0;0;1;0;0;0;0;0;0;0;0;0;1;0;0;0;1;0;0;50.0
580253.3;59.27;3;1;3;3.0;2021.0;1;0;0;0;0;0;0;0;0;0;1;0;0;1;1;0;0;0;6.8
946795.5;100.19;4;1;3;3.0;2021.0;1;0;0;0;0;0;0;0;0;0;1;0;0;1;1;0;0;0;6.8
529000.0;72.58;4;1;0;4.0;2022.0;1;0;0;0;0;0;0;0;0;0;0;1;0;1;1;0;0;0;11.4
738999.0;90.12;5;1;0;4.0;2022.0;1;0;0;0;0;0;0;0;0;0;0;1;0;1;1;0;0;0;11.4
949000.0;102.0;1;1;5;5.0;2020.0;1;0;0;0;0;0;0;0;0;0;0;1;0;1;1;0;0;0;4.9
574000.0;65.0;3;1;1;5.0;2021.0;1;0;0;0;0;0;0;0;0;0;0;1;0;1;1;0;0;0;15.3
599000.0;32.0;1;1;3;4.0;2020.0;1;0;0;0;0;0;0;0;0;0;0;1;0;1;1;0;0;0;4.9
679000.0;71.0;3;1;3;4.0;2021.0;1;0;0;0;0;0;0;0;0;0;0;1;0;1;1;0;0;0;5.8
568000.0;66.0;3;1;0;4.0;2021.0;1;0;0;0;0;0;0;0;0;0;0;1;0;1;1;0;0;0;5.8
397900.0;47.5;2;1;1;4.0;2021.0;1;0;0;0;0;0;0;0;0;0;0;1;0;1;1;0;0;0;11.4
534000.0;64.0;3;1;3;4.0;2021.0;1;0;0;0;0;0;0;0;0;0;0;1;0;1;1;0;0;0;11.4
738900.0;90.0;5;1;0;2.0;2021.0;1;0;0;0;0;0;0;0;0;0;0;1;0;1;1;0;0;0;11.4
457000.0;53.2;3;1;4;4.0;2021.0;1;0;0;0;0;0;0;0;0;0;0;1;0;1;1;0;0;0;5.8
791000.0;90.0;3;1;0;3.0;2021.0;1;0;0;0;0;0;0;0;0;0;0;1;0;1;1;0;0;0;7.0
623070.0;64.4;3;1;1;4.0;2021.0;0;1;0;0;0;0;0;0;0;0;0;1;0;1;1;0;0;0;5.8
476200.0;59.16;3;1;1;4.0;2021.0;0;1;0;0;0;0;0;0;0;0;0;1;0;1;1;0;0;0;9.2
548500.0;47.7;3;0;6;16.0;1973.0;0;1;0;0;0;0;0;0;0;0;0;1;0;0;1;0;0;0;4.9
379318.4;36.16;2;1;1;3.0;2021.0;1;0;0;0;0;0;0;0;0;0;1;0;0;1;1;0;0;0;6.8
567794.0;77.78;4;1;1;2.0;2022.0;0;1;0;0;0;0;0;0;0;0;0;1;0;1;1;0;0;0;11.9
412200.0;57.25;3;1;2;2.0;2022.0;0;1;0;0;0;0;0;0;0;0;0;1;0;1;1;0;0;0;11.9
681134.0;65.81;4;1;4;4.0;2021.0;1;0;0;0;0;0;0;0;0;0;0;1;0;1;1;0;0;0;5.8
467000.0;68.0;3;1;0;2.0;2021.0;1;0;0;0;0;0;0;0;0;0;0;1;0;1;1;0;0;0;9.2
682065.0;65.9;4;1;4;4.0;2021.0;1;0;0;0;0;0;0;0;0;0;0;1;0;1;1;0;0;0;5.8
708000.0;70.8;4;1;3;4.0;2021.0;1;0;0;0;0;0;0;0;0;0;0;1;0;1;1;0;0;0;5.8
499000.0;49.0;2;1;0;5.0;2022.0;1;0;0;0;0;0;0;0;0;0;0;1;0;1;1;0;0;0;50.0
754000.0;69.0;3;1;8;9.0;2022.0;1;0;0;0;0;0;0;0;0;0;0;1;0;1;1;0;0;0;50.0
1079000.0;88.0;4;1;7;9.0;2022.0;1;0;0;0;0;0;0;0;0;0;0;1;0;1;1;0;0;0;50.0
590000.0;65.54;2;0;3;1.0;1938.0;0;0;0;1;0;0;0;0;1;0;0;0;0;0;1;0;0;0;4.9
409000.0;54.0;3;0;3;4.0;1970.0;0;1;0;0;0;0;0;0;0;0;0;1;0;0;0;0;1;0;9.2
524244.0;66.36;3;1;1;4.0;2022.0;0;1;0;0;0;0;0;0;0;0;0;1;0;1;1;0;0;0;9.2
299498.0;41.31;2;1;2;2.0;2022.0;0;1;0;0;0;0;0;0;0;1;0;0;0;1;1;0;0;0;11.0
524244.0;66.36;3;1;1;4.0;2022.0;0;1;0;0;0;0;0;0;0;0;0;1;0;1;1;0;0;0;9.2
299498.0;41.31;2;1;2;2.0;2022.0;0;1;0;0;0;0;0;0;0;1;0;0;0;1;1;0;0;0;11.0
432500.0;46.97;2;1;0;5.0;2020.0;0;1;0;0;0;0;0;0;0;0;0;1;0;1;1;0;0;0;7.0
289000.0;24.17;1;1;1;4.0;2023.0;0;1;0;0;0;0;0;0;0;0;0;1;0;0;1;0;0;0;1.4
289000.0;24.17;1;1;1;4.0;2023.0;0;1;0;0;0;0;0;0;0;0;0;1;0;0;1;0;0;0;1.4
289000.0;24.17;1;1;1;4.0;2023.0;0;1;0;0;0;0;0;0;0;0;0;1;0;0;1;0;0;0;1.4
488000.0;60.64;3;1;3;4.0;2021.0;0;1;0;0;0;0;0;0;0;0;0;1;0;1;1;0;0;0;9.2
420453.0;61.38;3;1;1;2.0;2022.0;0;1;0;0;0;0;0;0;0;1;0;0;0;1;1;0;0;0;11.0
384000.0;46.0;2;1;1;2.0;2021.0;0;1;0;0;0;0;0;0;0;0;1;0;0;1;1;0;0;0;9.2
999900.0;73.4;2;0;5;5.0;2009.0;1;0;0;0;0;0;0;0;0;0;0;1;0;0;1;0;0;0;0.4
579000.0;56.0;2;0;4;4.0;2013.0;0;1;0;0;0;0;0;0;0;0;0;1;0;0;1;0;0;0;7.0
400740.6;37.14;2;1;0;3.0;2021.0;1;0;0;0;0;0;0;0;0;0;1;0;0;1;1;0;0;0;6.8
840000.0;105.03;3;0;1;5.0;1930.0;0;0;0;1;0;0;0;0;0;1;0;0;0;0;1;0;0;0;4.9
781222.0;87.0;3;0;2;4.0;1900.0;0;0;0;1;0;0;0;0;0;0;0;1;1;0;1;0;0;0;1.6
425000.0;50.5;3;0;0;3.0;1940.0;0;1;0;0;0;0;0;0;1;0;0;0;0;0;1;0;0;0;9.2
455000.0;55.2;3;0;7;10.0;1970.0;0;1;0;0;0;0;0;0;0;0;0;1;1;0;0;0;1;0;1.4
349900.0;46.0;2;0;1;2.0;1965.0;0;1;0;0;0;0;0;0;0;0;0;1;1;0;1;0;0;0;9.2
755000.0;65.0;3;0;3;5.0;1993.0;1;0;0;0;0;0;0;0;0;0;0;1;0;0;1;0;0;0;4.9
497029.0;46.89;2;1;0;4.0;2021.0;1;0;0;0;0;0;0;0;0;0;0;1;1;0;1;0;0;0;1.4
502275.0;47.95;2;1;1;4.0;2021.0;1;0;0;0;0;0;0;0;0;0;0;1;1;0;1;0;0;0;1.4
415000.0;38.0;2;0;1;3.0;2017.0;0;1;0;0;0;0;0;0;0;0;0;1;0;0;1;0;0;0;7.0
675000.0;111.57;8;0;1;4.0;1910.0;0;0;0;1;0;0;0;0;1;0;0;0;0;0;1;0;0;0;4.9
649998.0;57.03;2;0;0;4.0;2013.0;1;0;0;0;0;0;0;0;0;0;0;1;0;0;1;0;0;0;9.2
439999.0;41.1;2;0;3;11.0;1970.0;0;1;0;0;0;0;0;0;0;0;0;1;0;0;1;0;0;0;1.4
284000.0;32.0;2;0;4;4.0;1980.0;0;1;0;0;0;0;0;1;0;0;0;0;0;0;0;1;0;0;8.6
482000.0;84.0;6;0;4;4.0;1980.0;0;1;0;0;0;0;0;0;0;0;0;1;1;0;0;0;1;0;10.0
620000.0;110.0;4;0;1;2.0;2011.0;0;1;0;0;0;0;0;0;1;0;0;0;0;0;1;0;0;0;12.7
639990.0;54.0;3;0;1;4.0;2021.0;0;1;0;0;0;0;0;0;0;0;0;1;0;0;1;0;0;0;7.0
969000.0;57.0;2;0;5;6.0;2009.0;1;0;0;0;0;0;0;0;0;0;0;1;0;0;1;0;0;0;50.0
449000.0;57.0;2;0;4;4.0;1930.0;0;0;0;1;0;0;0;0;1;0;0;0;0;0;1;0;0;0;50.0
481238.0;67.78;4;1;2;2.0;2022.0;0;1;0;0;0;0;0;0;0;0;0;1;0;1;1;0;0;0;11.9
380000.0;61.4;2;1;1;1.0;2021.0;1;0;0;0;0;0;0;0;0;0;0;1;0;1;1;0;0;0;13.5
339000.0;37.0;2;1;1;2.0;2021.0;0;1;0;0;0;0;0;0;1;0;0;0;0;0;1;0;0;0;13.3
339000.0;37.0;2;1;1;2.0;2021.0;0;1;0;0;0;0;0;0;1;0;0;0;0;0;1;0;0;0;14.2
899000.0;56.65;2;0;3;5.0;2015.0;1;0;0;0;0;0;0;0;0;0;0;1;0;0;1;0;0;0;0.4
519000.0;47.0;2;0;3;4.0;1970.0;0;0;0;1;0;0;0;0;0;0;0;1;0;0;1;0;0;0;1.9
459000.0;63.0;3;0;4;4.0;1980.0;0;1;0;0;0;0;0;0;0;0;0;1;0;0;0;0;1;0;8.8
475000.0;36.92;2;0;0;4.0;1900.0;0;0;0;1;0;0;0;0;0;0;0;1;1;0;1;0;0;0;2.2
475000.0;57.0;2;0;2;4.0;1950.0;0;0;0;1;0;0;0;0;1;0;0;0;0;0;1;0;0;0;4.9
383000.0;38.3;1;0;3;4.0;2012.0;0;1;0;0;0;0;0;0;1;0;0;0;0;0;1;0;0;0;7.9
399000.0;45.0;2;0;4;5.0;1960.0;0;1;0;0;0;0;0;0;1;0;0;0;0;0;1;0;0;0;50.0
420000.0;54.0;3;0;3;10.0;1985.0;0;1;0;0;0;0;0;0;0;0;0;1;0;0;0;1;0;0;10.1
479000.0;81.39;3;1;0;1.0;2022.0;0;0;1;0;0;0;0;0;1;0;0;0;0;1;1;0;0;0;13.9
519000.0;125.0;4;1;1;1.0;2022.0;0;0;1;0;0;0;0;0;1;0;0;0;0;1;1;0;0;0;13.9
564680.0;74.39;4;1;0;4.0;2022.0;0;1;0;0;0;0;0;0;0;0;1;0;0;1;1;0;0;0;11.7
569780.0;69.63;4;1;4;4.0;2022.0;0;1;0;0;0;0;0;0;0;0;1;0;0;1;1;0;0;0;11.7
584000.0;79.55;4;1;0;4.0;2022.0;0;1;0;0;0;0;0;0;0;0;1;0;0;1;1;0;0;0;11.7
630980.0;77.22;4;1;3;4.0;2022.0;0;1;0;0;0;0;0;0;0;0;1;0;0;1;1;0;0;0;11.7
630980.0;77.22;4;1;0;4.0;2022.0;0;1;0;0;0;0;0;0;0;0;1;0;0;1;1;0;0;0;11.7
630980.0;77.22;4;1;1;4.0;2022.0;0;1;0;0;0;0;0;0;0;0;1;0;0;1;1;0;0;0;11.7
441500.0;55.19;3;1;1;4.0;2021.0;0;1;0;0;0;0;0;0;0;0;0;1;0;1;1;0;0;0;11.1
340000.0;39.0;2;0;5;8.0;1975.0;0;1;0;0;0;0;0;0;0;0;0;1;1;0;1;0;0;0;50.0
339000.0;37.0;2;0;5;8.0;1977.0;0;1;0;0;0;0;0;0;0;0;0;1;1;0;0;1;0;0;50.0
403000.0;39.0;2;1;1;2.0;2022.0;0;1;0;0;0;0;0;0;0;1;0;0;0;1;1;0;0;0;7.2
600000.0;58.0;3;1;0;2.0;2022.0;0;1;0;0;0;0;0;0;0;1;0;0;0;1;1;0;0;0;7.2
499000.0;54.0;3;1;1;2.0;2022.0;0;1;0;0;0;0;0;0;0;1;0;0;0;1;1;0;0;0;7.2
789000.0;85.0;3;0;1;3.0;2007.0;0;1;0;0;0;0;0;0;0;0;1;0;0;0;1;0;0;0;7.0
397000.0;59.0;3;1;2;2.0;2018.0;0;0;0;0;0;0;1;0;1;0;0;0;0;1;1;0;0;0;14.5
434000.0;38.16;1;1;4;10.0;2022.0;1;0;0;0;0;0;0;0;0;0;0;1;0;1;1;0;0;0;50.0
388000.0;59.0;3;1;2;2.0;2018.0;0;0;0;0;0;0;1;0;1;0;0;0;0;1;1;0;0;0;14.5
390000.0;65.22;3;1;0;2.0;2018.0;0;0;0;0;0;0;1;0;1;0;0;0;0;1;1;0;0;0;14.5
439000.0;45.28;2;0;4;6.0;2006.0;1;0;0;0;0;0;0;0;0;0;0;1;0;0;1;0;0;0;4.0
397000.0;59.0;3;1;1;2.0;2021.0;0;1;0;0;0;0;0;0;0;0;0;1;0;1;1;0;0;0;9.2
561801.9;60.9;3;1;1;4.0;2022.0;1;0;0;0;0;0;0;0;0;0;0;1;0;1;1;0;0;0;5.8
624150.0;65.7;4;1;1;7.0;2022.0;1;0;0;0;0;0;0;0;0;0;0;1;0;1;1;0;0;0;5.8
485000.0;51.5;2;0;2;3.0;2003.0;0;1;0;0;0;0;0;0;0;0;0;1;0;0;1;0;0;0;6.5
536630.0;52.1;3;1;2;4.0;2022.0;1;0;0;0;0;0;0;0;0;0;0;1;0;1;1;0;0;0;5.8
477207.0;46.9;2;1;1;4.0;2022.0;1;0;0;0;0;0;0;0;0;0;0;1;0;1;1;0;0;0;5.8
448950.0;43.8;2;1;0;4.0;2021.0;1;0;0;0;0;0;0;0;0;0;0;1;0;1;1;0;0;0;5.8
425000.0;52.74;2;0;0;4.0;1965.0;0;1;0;0;0;0;0;0;0;0;0;1;0;0;1;0;0;0;8.6
859994.0;72.01;3;0;1;7.0;2010.0;0;1;0;0;0;0;0;0;0;0;0;1;0;0;1;0;0;0;1.4
474000.0;60.25;4;1;1;4.0;2022.0;0;1;0;0;0;0;0;0;0;0;0;1;0;1;1;0;0;0;11.4
469000.0;56.0;3;0;4;5.0;1950.0;0;0;0;1;0;0;0;0;1;0;0;0;0;0;1;0;0;0;4.9
299000.0;37.06;2;1;0;4.0;2022.0;0;1;0;0;0;0;0;0;0;0;0;1;0;1;1;0;0;0;11.4
205000.0;19.0;1;0;0;3.0;1960.0;0;0;0;1;0;0;0;1;0;0;0;0;0;0;1;0;0;0;1.4
530000.0;47.9;2;0;3;4.0;1940.0;0;0;0;1;0;0;0;0;1;0;0;0;1;0;1;0;0;0;1.4
339999.0;45.8;2;0;4;4.0;1930.0;0;0;0;1;0;0;0;0;0;0;0;1;1;0;1;0;0;0;4.9
675000.0;73.3;3;0;0;4.0;2008.0;0;1;0;0;0;0;0;0;1;0;0;0;0;0;1;0;0;0;8.6
527120.0;65.89;4;1;2;4.0;2021.0;0;1;0;0;0;0;0;0;0;0;0;1;0;1;1;0;0;0;11.4
359900.0;60.18;3;1;0;1.0;2023.0;0;0;0;0;0;0;1;0;1;0;0;0;0;1;1;0;0;0;14.6
509000.0;49.0;2;0;0;3.0;2010.0;0;1;0;0;0;0;0;0;1;0;0;0;0;0;1;0;0;0;8.6
429000.0;37.38;2;0;1;4.0;1965.0;0;1;0;0;0;0;0;0;0;0;0;1;0;0;1;0;0;0;2.1
479000.0;60.64;3;1;2;4.0;2021.0;0;1;0;0;0;0;0;0;0;0;0;1;0;1;1;0;0;0;11.1
430000.0;42.0;2;0;3;3.0;1935.0;0;0;0;1;0;0;0;0;0;0;0;1;0;0;1;0;0;0;10.1
762000.0;87.0;3;0;3;3.0;2018.0;0;1;0;0;0;0;0;0;0;0;1;0;0;1;1;0;0;0;8.6
762000.0;87.0;3;0;3;3.0;2018.0;0;1;0;0;0;0;0;0;0;0;1;0;0;1;1;0;0;0;8.6
530000.0;58.69;2;0;1;2.0;2011.0;0;1;0;0;0;0;0;0;0;0;1;0;0;0;1;0;0;0;8.6
549000.0;61.0;3;0;5;6.0;1992.0;0;1;0;0;0;0;0;0;0;0;0;1;0;0;1;0;0;0;5.8
475000.0;51.3;2;0;1;5.0;1990.0;0;1;0;0;0;0;0;0;0;0;0;1;0;0;0;0;1;0;15.3
429000.0;59.85;3;0;3;4.0;1930.0;0;0;0;1;0;0;0;1;0;0;0;0;1;0;1;0;0;0;8.5
589000.0;63.58;3;0;1;1.0;2013.0;0;1;0;0;0;0;0;0;0;0;0;1;0;0;1;0;0;0;12.5
349000.0;37.1;2;0;4;4.0;1967.0;0;1;0;0;0;0;0;0;0;0;0;1;0;0;0;1;0;0;8.6
905000.0;56.65;2;0;3;4.0;2014.0;1;0;0;0;0;0;0;0;0;0;0;1;0;0;1;0;0;0;0.4
517000.0;115.0;4;1;1;3.0;2021.0;1;0;0;0;0;0;0;0;1;0;0;0;0;1;1;0;0;0;13.0
600000.0;57.0;2;0;0;4.0;1905.0;0;0;0;1;0;0;0;0;1;0;0;0;0;0;1;0;0;0;5.8
549000.0;62.25;3;0;0;2.0;2018.0;0;1;0;0;0;0;0;0;1;0;0;0;0;1;1;0;0;0;11.6
300000.0;22.88;1;0;0;5.0;1900.0;0;0;0;1;0;0;0;0;1;0;0;0;0;0;1;0;0;0;2.0
410000.0;43.0;2;0;5;5.0;2020.0;0;1;0;0;0;0;0;0;0;0;1;0;0;0;1;0;0;0;13.9
475000.0;52.0;2;0;1;4.0;1990.0;0;1;0;0;0;0;0;0;0;0;0;1;0;0;0;0;1;0;4.9
406736.0;46.22;2;1;0;3.0;2022.0;1;0;0;0;0;0;0;0;0;0;0;1;1;0;1;0;0;0;1.4
608477.0;69.58;2;1;0;3.0;2022.0;1;0;0;0;0;0;0;0;0;0;0;1;1;0;1;0;0;0;1.4
513679.0;66.62;3;1;1;4.0;2022.0;1;0;0;0;0;0;0;0;0;0;0;1;0;1;1;0;0;0;9.2
799000.0;71.1;3;0;3;4.0;1920.0;0;0;0;1;0;0;0;0;0;0;0;1;0;0;1;0;0;0;1.4
799000.0;71.1;3;0;3;4.0;1920.0;0;0;0;1;0;0;0;0;0;0;0;1;0;0;1;0;0;0;4.9
829000.0;101.76;4;0;3;3.0;2009.0;1;0;0;0;0;0;0;0;1;0;0;0;0;0;1;0;0;0;7.9
359000.0;39.0;2;0;3;3.0;2007.0;0;1;0;0;0;0;0;0;0;0;0;1;0;0;1;0;0;0;5.8
320000.0;33.34;2;0;2;4.0;1948.0;0;0;0;1;0;0;0;0;1;0;0;0;0;0;1;0;0;0;4.9
362178.0;41.04;2;1;2;5.0;2021.0;0;1;0;0;0;0;0;0;0;0;0;1;0;1;1;0;0;0;1.4
599000.0;75.0;3;0;5;5.0;1995.0;0;1;0;0;0;0;0;0;0;0;0;1;0;0;0;1;0;0;50.0
559000.0;70.4;3;0;2;4.0;1977.0;0;1;0;0;0;0;0;0;0;0;0;1;0;0;0;0;1;0;6.9
580000.0;60.8;3;0;5;10.0;1994.0;0;1;0;0;0;0;0;0;0;0;0;1;0;0;1;0;0;0;1.4
320636.0;45.16;2;1;0;3.0;2022.0;0;1;0;0;0;0;0;0;0;0;0;1;0;1;1;0;0;0;12.7
439000.0;50.43;3;0;2;3.0;1930.0;0;0;0;1;0;0;0;0;1;0;0;0;0;0;1;0;0;0;9.2
562000.0;48.0;4;0;1;14.0;1970.0;0;1;0;0;0;0;0;0;0;0;0;1;0;0;1;0;0;0;4.9
719000.0;100.47;3;0;2;3.0;1935.0;0;0;0;1;0;0;0;0;0;0;0;1;0;0;1;0;0;0;5.8
548000.0;72.87;3;0;1;7.0;1995.0;1;0;0;0;0;0;0;0;0;0;0;1;0;0;0;0;1;0;5.8
1029100.0;59.52;3;1;4;7.0;2020.0;1;0;0;0;0;0;0;0;0;0;0;1;0;1;1;0;0;0;4.9
529000.0;54.0;3;0;2;4.0;2014.0;0;1;0;0;0;0;0;0;0;0;1;0;0;0;1;0;0;0;8.6
440000.0;55.0;2;0;2;4.0;1930.0;0;0;0;1;0;0;0;0;1;0;0;0;0;0;1;0;0;0;1.4
350000.0;36.0;1;0;3;5.0;1910.0;0;0;0;1;0;0;0;1;0;0;0;0;0;0;1;0;0;0;4.9
588001.0;48.8;4;0;1;14.0;1970.0;0;1;0;0;0;0;0;0;0;0;0;1;0;0;1;0;0;0;4.9
489000.0;36.92;2;0;0;4.0;1880.0;0;0;0;1;0;0;0;0;0;0;0;1;1;0;1;0;0;0;2.2
395000.0;40.1;2;0;2;4.0;2018.0;1;0;0;0;0;0;0;0;0;0;0;1;0;0;1;0;0;0;1.4
404999.0;48.2;2;1;3;4.0;2020.0;0;1;0;0;0;0;0;0;0;0;0;1;1;0;1;0;0;0;1.4
655000.0;69.0;3;0;1;3.0;2010.0;0;1;0;0;0;0;0;0;0;0;0;1;0;0;1;0;0;0;5.8
659000.0;83.22;3;0;1;2.0;2008.0;1;0;0;0;0;0;0;0;0;0;0;1;0;0;1;0;0;0;9.2
369000.0;55.0;2;0;0;2.0;1930.0;0;0;0;1;0;0;0;0;1;0;0;0;0;0;1;0;0;0;9.2
388360.0;58.4;3;1;1;4.0;2022.0;0;1;0;0;0;0;0;0;0;0;0;1;0;1;1;0;0;0;12.7
370000.0;28.46;1;0;4;4.0;1960.0;0;0;0;1;0;0;0;0;0;0;0;1;0;0;1;0;0;0;50.0
498000.0;70.0;3;0;0;4.0;1960.0;0;1;0;0;0;0;0;0;0;0;0;1;0;0;1;0;0;0;50.0
602252.0;57.77;3;1;4;4.0;2021.0;0;1;0;0;0;0;0;0;0;0;0;1;0;1;1;0;0;0;5.8
535507.0;47.39;2;1;4;4.0;2021.0;0;1;0;0;0;0;0;0;0;0;0;1;0;1;1;0;0;0;5.8
455623.0;40.41;2;1;4;4.0;2021.0;0;1;0;0;0;0;0;0;0;0;0;1;0;1;1;0;0;0;5.8
681134.0;65.81;4;1;4;4.0;2021.0;0;1;0;0;0;0;0;0;0;0;0;1;0;1;1;0;0;0;5.8
999001.0;98.45;4;1;1;9.0;2022.0;0;1;0;0;0;0;0;0;0;0;0;1;0;1;1;0;0;0;50.0
614001.0;62.53;3;1;0;5.0;2022.0;0;1;0;0;0;0;0;0;0;0;0;1;0;1;1;0;0;0;50.0
614000.0;53.83;3;1;3;9.0;2022.0;0;1;0;0;0;0;0;0;0;0;0;1;0;1;1;0;0;0;50.0
860000.0;74.0;3;0;3;4.0;2012.0;1;0;0;0;0;0;0;0;0;0;0;1;0;0;1;0;0;0;6.5
363000.0;60.55;3;1;2;2.0;2021.0;0;0;0;0;0;0;1;0;1;0;0;0;0;1;1;0;0;0;14.0
459000.0;43.86;2;1;1;7.0;2022.0;0;1;0;0;0;0;0;0;0;0;0;1;0;1;1;0;0;0;50.0
474000.0;42.87;1;1;3;7.0;2022.0;0;1;0;0;0;0;0;0;0;0;0;1;0;1;1;0;0;0;50.0
595000.0;68.42;3;0;3;4.0;1910.0;0;0;0;1;0;0;0;0;1;0;0;0;0;0;1;0;0;0;2.8
450000.0;38.0;2;0;0;3.0;2017.0;0;1;0;0;0;0;0;0;0;0;0;1;0;0;1;0;0;0;5.8
465000.0;46.2;2;0;1;3.0;1960.0;0;1;0;0;0;0;0;0;1;0;0;0;0;0;1;0;0;0;1.4
519000.0;58.0;2;0;7;7.0;2003.0;0;1;0;0;0;0;0;0;0;0;0;1;0;0;1;0;0;0;50.0
549000.0;63.6;3;0;0;4.0;2000.0;0;1;0;0;0;0;0;0;1;0;0;0;0;0;1;0;0;0;11.4
599000.0;73.0;3;0;0;3.0;2010.0;0;1;0;0;0;0;0;0;0;0;0;1;0;0;1;0;0;0;5.8
760000.0;100.0;4;0;3;3.0;2010.0;0;1;0;0;0;0;0;0;0;0;0;1;0;0;1;0;0;0;7.9
415000.0;59.63;3;0;4;4.0;1968.0;0;1;0;0;0;0;0;0;0;0;0;1;1;0;1;0;0;0;8.6
349000.0;40.0;1;0;2;2.0;2004.0;0;1;0;0;0;0;0;0;1;0;0;0;0;0;1;0;0;0;8.6
435000.0;47.8;4;0;11;11.0;1980.0;0;1;0;0;0;0;0;0;0;0;0;1;0;0;1;0;0;0;9.2
459926.0;63.09;3;1;1;4.0;2021.0;0;1;0;0;0;0;0;0;1;0;0;0;0;1;1;0;0;0;13.9
567000.0;41.49;1;0;3;5.0;2015.0;1;0;0;0;0;0;0;0;0;0;0;1;0;0;1;0;0;0;1.4
330000.0;42.0;2;1;0;2.0;2021.0;0;1;0;0;0;0;0;0;0;0;0;1;0;1;1;0;0;0;9.2
463353.0;67.25;3;1;1;4.0;2021.0;0;1;0;0;0;0;0;0;1;0;0;0;0;1;1;0;0;0;13.9
495000.0;53.0;3;0;1;5.0;2011.0;1;0;0;0;0;0;0;0;1;0;0;0;0;0;1;0;0;0;7.3
495001.0;54.9;2;0;0;4.0;2010.0;0;1;0;0;0;0;0;0;0;0;0;1;0;0;1;0;0;0;5.8
560000.0;76.0;3;0;0;4.0;1995.0;0;1;0;0;0;0;0;0;0;0;0;1;0;0;0;1;0;0;1.4
300000.0;43.25;2;0;2;3.0;2010.0;0;1;0;0;0;0;0;0;0;0;0;1;0;0;1;0;0;0;13.3
449000.0;58.39;3;0;0;1.0;2015.0;1;0;0;0;0;0;0;0;1;0;0;0;0;0;1;0;0;0;11.4
610000.0;61.64;3;0;1;3.0;2016.0;1;0;0;0;0;0;0;0;1;0;0;0;0;0;1;0;0;0;8.9
486375.0;38.91;2;1;5;8.0;2020.0;1;0;0;0;0;0;0;0;0;0;0;1;0;1;1;0;0;0;1.4
319000.0;37.0;2;0;6;10.0;1970.0;0;1;0;0;0;0;0;0;0;0;0;1;0;0;1;0;0;0;50.0
752700.0;79.16;4;1;2;2.0;2021.0;0;1;0;0;0;0;0;0;0;0;0;1;0;1;1;0;0;0;7.2
565000.0;90.23;3;0;2;2.0;2007.0;0;1;0;0;0;0;0;0;0;1;0;0;0;0;1;0;0;0;9.4
779999.0;104.0;4;0;2;4.0;1873.0;0;0;0;1;0;0;0;0;1;0;0;0;0;0;1;0;0;0;1.4
249000.0;30.0;2;0;4;4.0;1970.0;0;1;0;0;0;0;0;1;0;0;0;0;1;0;1;0;0;0;50.0
515000.0;65.13;4;1;1;1.0;2021.0;0;0;0;0;0;0;1;0;1;0;0;0;0;1;1;0;0;0;9.2
265000.0;25.33;1;1;3;12.0;2021.0;1;0;0;0;0;0;0;0;0;0;0;1;0;1;1;0;0;0;8.6
418860.0;46.8;2;1;0;2.0;2022.0;1;0;0;0;0;0;0;0;0;0;0;1;0;1;1;0;0;0;1.4
510000.0;72.0;2;0;3;3.0;2002.0;1;0;0;0;0;0;0;0;0;0;0;1;0;0;1;0;0;0;4.9
539000.0;84.0;3;0;3;3.0;2007.0;0;1;0;0;0;0;0;0;0;0;1;0;0;0;1;0;0;0;8.6
459996.0;46.67;2;1;2;2.0;2021.0;0;1;0;0;0;0;0;0;0;0;0;1;0;1;1;0;0;0;7.1
629996.0;72.25;4;1;0;2.0;2020.0;0;1;0;0;0;0;0;0;0;0;0;1;0;1;1;0;0;0;7.1
290000.0;40.6;2;1;0;1.0;2021.0;1;0;0;0;0;0;0;0;0;0;0;1;0;1;1;0;0;0;13.5
621530.0;47.81;2;0;2;4.0;2017.0;1;0;0;0;0;0;0;0;0;0;0;1;0;0;1;0;0;0;15.3
730000.0;52.56;2;0;2;6.0;2006.0;1;0;0;0;0;0;0;0;0;0;0;1;0;0;1;0;0;0;0.4
549000.0;57.75;3;0;5;5.0;2019.0;1;0;0;0;0;0;0;0;0;0;0;1;0;0;1;0;0;0;7.0
860000.0;80.79;3;0;1;2.0;2018.0;0;0;1;0;0;0;0;0;1;0;0;0;0;0;1;0;0;0;10.4
290000.0;40.6;2;1;0;1.0;2021.0;1;0;0;0;0;0;0;0;0;0;0;1;0;1;1;0;0;0;13.5
455000.0;41.0;2;1;0;4.0;2020.0;0;1;0;0;0;0;0;0;0;0;0;1;0;1;1;0;0;0;5.6
632988.0;65.0;3;1;1;4.0;2020.0;0;1;0;0;0;0;0;0;0;0;0;1;0;1;1;0;0;0;5.6
400000.0;36.32;2;1;11;12.0;2021.0;0;1;0;0;0;0;0;0;0;0;0;1;0;1;1;0;0;0;8.6
290000.0;40.6;2;1;0;1.0;2021.0;1;0;0;0;0;0;0;0;0;0;0;1;0;1;1;0;0;0;13.5
620000.0;64.53;3;0;4;4.0;2012.0;0;1;0;0;0;0;0;0;0;0;0;1;0;0;1;0;0;0;13.9
439000.0;46.0;2;0;2;4.0;2000.0;0;1;0;0;0;0;0;0;0;0;0;1;0;0;0;1;0;0;5.8
555001.0;49.8;2;0;2;5.0;1989.0;0;1;0;0;0;0;0;0;0;0;0;1;0;0;1;0;0;0;1.4
309000.0;35.9;2;0;1;4.0;1960.0;0;1;0;0;0;0;0;0;0;0;0;1;0;0;0;0;1;0;9.3
895000.0;92.75;4;0;4;4.0;1930.0;0;0;0;1;0;0;0;0;1;0;0;0;0;0;1;0;0;0;2.3
550000.0;38.0;2;0;2;7.0;2019.0;1;0;0;0;0;0;0;0;0;0;0;1;0;0;1;0;0;0;4.9
850000.0;55.0;2;0;4;4.0;2020.0;1;0;0;0;0;0;0;0;0;0;0;1;0;0;1;0;0;0;50.0
305000.0;32.0;1;0;5;10.0;1978.0;0;1;0;0;0;0;0;0;0;0;0;1;0;0;0;1;0;0;9.2
849000.0;122.0;4;0;3;4.0;1920.0;0;0;0;1;0;0;0;0;0;0;0;1;1;0;1;0;0;0;50.0
780000.0;104.0;1;0;3;4.0;1873.0;0;0;0;1;0;0;0;0;1;0;0;0;0;0;1;0;0;0;50.0
550000.0;68.0;3;0;3;4.0;1930.0;0;0;0;1;0;0;0;0;1;0;0;0;1;0;1;0;0;0;50.0
379000.0;49.0;2;0;1;2.0;1930.0;0;0;0;1;0;0;0;0;1;0;0;0;1;0;1;0;0;0;5.4
539000.0;63.4;3;0;0;5.0;2000.0;0;1;0;0;0;0;0;0;1;0;0;0;0;0;1;0;0;0;9.2
397950.0;47.14;2;1;1;5.0;2022.0;1;0;0;0;0;0;0;0;0;0;0;1;1;0;1;0;0;0;11.4
449000.0;64.1;3;1;1;4.0;2022.0;1;0;0;0;0;0;0;0;0;0;0;1;0;1;1;0;0;0;9.2
392700.0;47.14;2;1;3;4.0;2022.0;1;0;0;0;0;0;0;0;0;0;0;1;0;1;1;0;0;0;9.2
368080.0;42.24;2;1;0;4.0;2022.0;1;0;0;0;0;0;0;0;0;0;0;1;0;1;1;0;0;0;9.2
432500.0;46.8;2;1;1;5.0;2020.0;0;1;0;0;0;0;0;0;0;0;0;1;0;1;1;0;0;0;7.0
714000.0;65.0;2;0;3;4.0;1950.0;0;0;0;1;0;0;0;0;0;0;0;1;0;0;1;0;0;0;1.4
719000.0;76.4;3;0;1;2.0;2010.0;1;0;0;0;0;0;0;0;0;0;0;1;0;0;1;0;0;0;5.8
640000.0;56.0;1;0;1;7.0;2013.0;1;0;0;0;0;0;0;0;0;0;0;1;0;0;1;0;0;0;50.0
455000.0;46.5;3;0;0;10.0;1970.0;0;1;0;0;0;0;0;0;0;0;0;1;0;0;1;0;0;0;5.8
495000.0;37.6;2;0;0;4.0;2020.0;1;0;0;0;0;0;0;0;0;0;0;1;0;0;1;0;0;0;1.4
800000.0;81.8;3;0;0;1.0;1938.0;0;0;1;0;0;0;0;0;1;0;0;0;1;0;1;0;0;0;7.0
474408.0;65.89;4;1;1;4.0;2021.0;0;1;0;0;0;0;0;0;0;0;0;1;0;1;1;0;0;0;10.4
666000.0;50.41;2;0;1;4.0;2015.0;1;0;0;0;0;0;0;0;0;0;0;1;0;0;1;0;0;0;1.4
455000.0;50.0;2;0;1;6.0;2000.0;1;0;0;0;0;0;0;0;0;0;0;1;0;0;1;0;0;0;4.9
779000.0;96.8;3;0;2;3.0;2010.0;0;1;0;0;0;0;0;0;0;0;0;1;0;0;1;0;0;0;1.4
459999.0;39.0;2;0;0;2.0;2017.0;0;1;0;0;0;0;0;0;0;0;0;1;0;0;1;0;0;0;1.4
656400.0;84.0;5;0;4;10.0;1980.0;0;1;0;0;0;0;0;0;0;0;0;1;1;0;0;1;0;0;5.8
550000.0;58.0;3;0;3;4.0;1970.0;0;1;0;0;0;0;0;0;0;0;0;1;0;0;1;0;0;0;8.6
433575.0;36.9;2;1;4;4.0;2021.0;0;1;0;0;0;0;0;0;0;0;0;1;0;1;1;0;0;0;5.4
551475.0;57.0;3;1;1;4.0;2022.0;0;1;0;0;0;0;0;0;0;0;0;1;0;1;1;0;0;0;5.4
440190.0;43.8;2;1;0;4.0;2022.0;0;1;0;0;0;0;0;0;0;0;0;1;0;1;1;0;0;0;5.4
555000.0;110.25;4;0;2;2.0;2017.0;0;1;0;0;0;0;0;0;0;0;0;1;0;0;1;0;0;0;12.8
470000.0;63.0;3;0;4;10.0;1980.0;0;1;0;0;0;0;0;0;0;0;0;1;1;0;1;0;0;0;8.6
849000.0;105.0;3;0;1;5.0;1930.0;0;0;0;1;0;0;0;0;1;0;0;0;0;0;1;0;0;0;4.9
459000.0;53.47;3;0;5;11.0;1980.0;0;1;0;0;0;0;0;0;0;0;0;1;0;0;0;0;1;0;5.8
392000.0;49.0;2;0;1;2.0;1930.0;0;0;0;1;0;0;0;0;1;0;0;0;1;0;1;0;0;0;5.4
571500.0;57.44;3;1;0;2.0;2021.0;0;1;0;0;0;0;0;0;0;0;0;1;0;0;1;0;0;0;7.2
475700.0;53.8;3;1;1;2.0;2021.0;0;1;0;0;0;0;0;0;0;0;0;1;0;0;1;0;0;0;7.2
785000.0;85.17;5;1;2;2.0;2021.0;0;1;0;0;0;0;0;0;0;0;0;1;0;0;1;0;0;0;7.2
359000.0;33.0;2;0;8;10.0;1970.0;0;1;0;0;0;0;0;0;0;0;0;1;0;0;1;0;0;0;5.8
525000.0;51.0;3;0;3;3.0;1960.0;0;0;0;1;0;0;0;0;0;0;0;1;0;0;0;1;0;0;8.6
377460.0;54.0;3;1;3;3.0;2021.0;0;1;0;0;0;0;0;0;0;0;1;0;0;1;1;0;0;0;14.3
279000.0;85.0;2;0;2;2.0;1928.0;0;0;0;1;0;0;0;0;0;1;0;0;0;0;1;0;0;0;1.4
448736.0;60.64;3;1;1;4.0;2021.0;0;1;0;0;0;0;0;0;0;0;0;1;0;1;1;0;0;0;10.4
650000.0;63.15;3;0;2;3.0;1930.0;0;0;0;1;0;0;0;0;1;0;0;0;0;0;1;0;0;0;8.6
450000.0;51.63;2;0;0;4.0;1950.0;0;1;0;0;0;0;0;0;0;0;0;1;1;0;1;0;0;0;50.0
459836.0;62.14;3;1;1;2.0;2022.0;0;1;0;0;0;0;0;0;0;0;0;1;0;1;1;0;0;0;11.9
493001.0;61.8;2;0;4;5.0;1940.0;0;0;0;1;0;0;0;0;1;0;0;0;1;0;1;0;0;0;4.9
397000.0;59.0;3;1;2;2.0;2021.0;0;1;0;0;0;0;0;0;1;0;0;0;0;1;1;0;0;0;14.6
290000.0;40.0;2;1;0;1.0;2021.0;1;0;0;0;0;0;0;0;0;0;0;1;0;1;1;0;0;0;13.5
352000.0;25.0;1;0;2;6.0;2021.0;1;0;0;0;0;0;0;0;0;0;0;1;0;1;1;0;0;0;50.0
655000.0;109.0;4;0;3;3.0;2001.0;0;1;0;0;0;0;0;0;0;0;0;1;0;0;1;0;0;0;9.9
799000.0;82.0;3;0;2;4.0;1950.0;0;0;0;1;0;0;0;1;0;0;0;0;0;0;1;0;0;0;4.9
549000.0;45.42;2;0;1;4.0;1960.0;0;0;0;1;0;0;0;0;0;0;0;1;0;0;1;0;0;0;0.8
580000.0;63.5;3;0;3;3.0;2008.0;0;1;0;0;0;0;0;0;0;0;0;1;0;0;1;0;0;0;7.1
506448.0;72.2;4;1;0;1.0;2022.0;1;0;0;0;0;0;0;0;0;1;0;0;0;1;1;0;0;0;12.3
435162.0;56.57;3;1;0;1.0;2022.0;1;0;0;0;0;0;0;0;0;1;0;0;0;1;1;0;0;0;12.3
740000.0;68.1;3;0;1;3.0;2016.0;0;1;0;0;0;0;0;0;0;0;0;1;0;0;1;0;0;0;5.8
621001.0;69.8;3;0;5;5.0;1959.0;0;1;0;0;0;0;0;0;0;0;0;1;1;0;1;0;0;0;50.0
594000.0;59.0;3;1;1;9.0;2022.0;1;0;0;0;0;0;0;0;0;0;0;1;0;1;1;0;0;0;50.0
394000.0;38.19;2;1;0;9.0;2022.0;1;0;0;0;0;0;0;0;0;0;0;1;0;1;1;0;0;0;50.0
427000.0;38.0;2;1;0;3.0;2021.0;1;0;0;0;0;0;0;0;0;0;1;0;0;1;1;0;0;0;4.9
660000.0;75.25;4;1;0;2.0;2020.0;0;1;0;0;0;0;0;0;0;0;0;1;0;1;1;0;0;0;7.1
430000.0;67.0;3;0;4;4.0;1990.0;0;1;0;0;0;0;0;0;0;0;0;1;0;0;0;1;0;0;8.6
363480.0;52.0;3;1;2;2.0;2021.0;0;1;0;0;0;0;0;0;0;0;1;0;0;1;1;0;0;0;14.1
350000.0;41.3;2;0;1;2.0;2021.0;0;0;0;0;1;0;0;0;1;0;0;0;0;1;1;0;0;0;1.4
419999.0;56.8;2;0;0;4.0;1961.0;0;1;0;0;0;0;0;0;0;0;0;1;0;0;1;0;0;0;1.4
650000.0;62.9;3;0;1;3.0;2016.0;0;1;0;0;0;0;0;0;0;0;0;1;0;0;1;0;0;0;9.2
880000.0;72.1;2;0;2;6.0;2010.0;1;0;0;0;0;0;0;0;0;0;0;1;0;0;1;0;0;0;50.0
582437.0;56.82;3;1;3;6.0;2021.0;1;0;0;0;0;0;0;0;0;0;0;1;1;0;1;0;0;0;15.3
650000.0;40.11;2;0;4;6.0;2014.0;1;0;0;0;0;0;0;0;0;1;0;0;0;0;1;0;0;0;50.0
520531.0;65.89;4;1;0;4.0;2022.0;0;1;0;0;0;0;0;0;0;0;0;1;0;1;1;0;0;0;10.4
560000.0;38.0;2;0;2;4.0;1960.0;0;1;0;0;0;0;0;0;0;0;0;1;0;0;1;0;0;0;0.6
585000.0;71.1;3;0;0;2.0;1982.0;0;1;0;0;0;0;0;0;0;0;0;1;0;0;0;1;0;0;8.6
495000.0;53.0;2;0;1;5.0;2013.0;0;1;0;0;0;0;0;0;1;0;0;0;0;0;1;0;0;0;7.3
582000.0;56.64;3;1;3;6.0;2021.0;0;1;0;0;0;0;0;0;0;0;0;1;0;1;1;0;0;0;15.3
582437.0;56.82;3;1;3;6.0;2021.0;1;0;0;0;0;0;0;0;0;0;0;1;0;1;1;0;0;0;15.3
350000.0;40.6;2;1;0;1.0;2021.0;1;0;0;0;0;0;0;0;0;0;0;1;0;1;1;0;0;0;12.7
480000.0;49.0;2;0;4;4.0;2015.0;0;1;0;0;0;0;0;0;0;0;0;1;0;0;1;0;0;0;9.2
545360.0;54.4;3;1;2;4.0;2022.0;0;1;0;0;0;0;0;0;0;0;0;1;0;1;1;0;0;0;5.4
469040.0;45.1;2;1;0;4.0;2022.0;0;1;0;0;0;0;0;0;0;0;0;1;0;1;1;0;0;0;5.4
427455.0;41.3;2;1;2;4.0;2022.0;0;1;0;0;0;0;0;0;0;0;0;1;0;1;1;0;0;0;5.4
